ID,GICS_INDUSTRY_GROUP_NAME,TOTAL_GHG_EMISSIONS,ENERGY_CONSUMPTION,RENEW_ENERGY_USE,WATER_CONSUMPTION,PCT_WATER_RECYCLED,DISCHARGE_TO_WATER,TOTAL_WASTE,HAZARDOUS_WASTE,WASTE_RECYCLED,NUM_ENVIRON_FINES,ENVIRON_FINES_AMT,NUMBER_SPILLS,AMOUNT_OF_SPILLS,PCT_OF_GREEN_SUSTAIN_REVENUE,SBTI_NEAR_TERM_TARGET_STATUS,SBTI_NEAR_TERM_TARGET_CLASS,UN_GLOBAL_COMPACT_SIGNATORY,HUMAN_RIGHTS_POLICY,EQUAL_OPPORTUNITY_POLICY,FAIR_REMUNERATION_POLICY,POLICY_AGAINST_CHILD_LABOR,WORK_ACCIDENTS_EMPLOYEES,FATALITIES_CONTRACTORS,FATALITIES_TOTAL,EMPLOYEE_TRAINING_COST,COMMUNITY_SPENDING,EMPLOYEE_TURNOVER_PCT,PCT_WOMEN_EMPLOYEES,PCT_WOMEN_MGT,FATALITIES_EMPLOYEES,LOST_TIME_INCIDENT_RATE,PCT_EMPLOYEES_UNIONIZED,BOARD_SIZE,PCT_INDEPENDENT_DIRECTORS,CEO_DUALITY,SIZE_OF_AUDIT_COMMITTEE,BOARD_AVERAGE_TENURE,BOARD_AVERAGE_AGE,PCT_OF_NON_EXEC_DIR_ON_BRD,CSR_SUSTAINABILITY_COMMITTEE,CHIEF_EXECUTIVE_OFFICER_TENURE,PCT_OF_EXECUTIVES_THAT_ARE_WOMEN,BOARD_DURATION,BOARD_MEETINGS_PER_YR,BOARD_MEETING_ATTENDANCE_PCT,GHG_SCOPE_1_2020,GHG_SCOPE_1_2021,GHG_SCOPE_1_2022,GHG_SCOPE_1_2023,GHG_SCOPE_1_2024,GHG_SCOPE_1_2025,GHG_SCOPE_2_2019,GHG_SCOPE_2_2020,GHG_SCOPE_2_2021,GHG_SCOPE_2_2022,GHG_SCOPE_2_2023,GHG_SCOPE_2_2024,GHG_SCOPE_2_2025,GHG_SCOPE_3_2019,GHG_SCOPE_3_2020,GHG_SCOPE_3_2021,GHG_SCOPE_3_2022,GHG_SCOPE_3_2023,GHG_SCOPE_3_2024,GHG_SCOPE_3_2025,SALES_REV_TURN_2019,SALES_REV_TURN_2020,SALES_REV_TURN_2021,SALES_REV_TURN_2022,SALES_REV_TURN_2023,SALES_REV_TURN_2024,SALES_REV_TURN_2025,BS_TOT_ASSET_2019,BS_TOT_ASSET_2020,BS_TOT_ASSET_2021,BS_TOT_ASSET_2022,BS_TOT_ASSET_2023,BS_TOT_ASSET_2024,BS_TOT_ASSET_2025,EBITDA_2019,EBITDA_2020,EBITDA_2021,EBITDA_2022,EBITDA_2023,EBITDA_2024,EBITDA_2025,CF_CAP_EXPEND_PRPTY_ADD_2019,CF_CAP_EXPEND_PRPTY_ADD_2020,CF_CAP_EXPEND_PRPTY_ADD_2021,CF_CAP_EXPEND_PRPTY_ADD_2022,CF_CAP_EXPEND_PRPTY_ADD_2023,CF_CAP_EXPEND_PRPTY_ADD_2024,CF_CAP_EXPEND_PRPTY_ADD_2025,NUM_OF_EMPLOYEES_2019,NUM_OF_EMPLOYEES_2020,NUM_OF_EMPLOYEES_2021,NUM_OF_EMPLOYEES_2022,NUM_OF_EMPLOYEES_2023,NUM_OF_EMPLOYEES_2024,NUM_OF_EMPLOYEES_2025,name,isin,gics_sector_name
A UN Equity,"Pharmaceuticals, Biotechnology",,205.875,,,,,,,,,,,,,Targets Set,1.5,,True,True,,,,,,,,,38.0,30.0,,,,11.0,90.90910339355469,False,5.0,5.992420196533203,66.0,90.90910339355469,True,2.416670083999634,13.33329963684082,3.0,5.0,75.0,10.899999618530273,11.446999549865723,11.732999801635742,20.459999084472656,29.697999954223633,,73.89099884033203,41.70600128173828,36.57600021362305,37.459999084472656,48.159000396728516,49.99800109863281,,752.1510009765625,115.2699966430664,841.6069946289062,840.8070068359375,88.5989990234375,82.3010025024414,,5163.0,5339.0,6319.0,6848.0,6833.0,6510.0,6948.0,9452.0,9627.0,10705.0,10532.0,10763.0,11846.0,12727.0,1179.0,1200.0,1714.0,1980.0,1673.0,1786.0,1805.0,-155.0,-119.0,-188.0,-291.0,-298.0,-378.0,-407.0,,,,,18100.0,18000.0,18100.0,Agilent Technologies Inc,US00846U1016,Health Care
AAPL UW Equity,Technology Hardware & Equipmen,1265.4000244140625,4183.77001953125,3737.0,6798.91015625,12.130000114440918,,83.74659729003906,1.7497400045394897,45.226898193359375,,,,,,Targets Set,1.5,,True,True,,,,,,,,,35.0,,,,,8.0,87.5,False,4.0,11.296299934387207,69.125,87.5,True,0.08333329856395721,35.29410171508789,1.0,4.0,75.0,47.43000030517578,55.20000076293945,55.20000076293945,55.20000076293945,55.20000076293945,55.20000076293945,862.1270141601562,890.2000122070312,1003.25,1065.4100341796875,1206.699951171875,1224.5,1210.199951171875,24981.0,24347.0,23128.400390625,20545.80078125,15982.7998046875,15228.2998046875,15223.7001953125,260174.0,274515.0,365817.0,394328.0,383285.0,391035.0,416161.0,338516.0,323888.0,351002.0,352755.0,352583.0,364980.0,359241.0,76477.0,78844.0,121933.0,132441.0,127820.0,136661.0,146848.0,-10495.0,-7309.0,-11085.0,-10708.0,-10959.0,-9447.0,-12715.0,137000.0,147000.0,154000.0,164000.0,161000.0,164000.0,166000.0,Apple Inc,US0378331005,Information Technology
ABBV UN Equity,"Pharmaceuticals, Biotechnology",515.0560302734375,2218.06005859375,429.9849853515625,27860.0,,,38.08000183105469,19.459999084472656,12.380000114440918,,,,,,Targets Set,1.5,True,True,True,False,True,,,,,49.400001525878906,8.0,44.0,52.0,,,24.0,13.0,92.30770111083984,True,6.0,8.68589973449707,66.23079681396484,92.30770111083984,True,2.25,31.818199157714844,3.0,6.0,75.0,264.7909851074219,367.9540100097656,342.60699462890625,328.2590026855469,300.0719909667969,304.64898681640625,308.2040100097656,312.7430114746094,328.8349914550781,271.05499267578125,237.71400451660156,241.14199829101562,210.40699768066406,1334.2099609375,1168.989990234375,8441.509765625,8182.419921875,6902.5400390625,6768.8701171875,,33266.0,45804.0,56197.0,58054.0,54318.0,56334.0,61160.0,89115.0,150565.0,146529.0,138805.0,134711.0,135161.0,133960.0,15124.0,18026.0,26671.0,26785.0,21644.0,17719.0,23427.0,-552.0,-798.0,-787.0,-695.0,-777.0,-974.0,-1214.0,30000.0,47000.0,50000.0,50000.0,50000.0,55000.0,57000.0,AbbVie Inc,US00287Y1091,Health Care
ABNB UW Equity,Consumer Services,,22.671899795532227,,,,,,,,,,,,,Targets Set,1.5,False,True,True,False,True,,,,,,,49.29999923706055,,,,,9.0,66.66670227050781,True,3.0,11.981499671936035,55.0,77.77780151367188,False,18.16670036315918,23.076900482177734,3.0,4.0,75.0,0.843999981880188,0.8069999814033508,1.375,1.3029999732971191,1.2949999570846558,,6.236999988555908,5.189000129699707,4.874000072479248,5.383999824523926,6.059999942779541,5.179999828338623,,387.7850036621094,209.92599487304688,254.86700439453125,331.48199462890625,395.989990234375,395.3299865722656,,4805.239,3378.199,5992.0,8399.0,9917.0,11102.0,12241.0,8310.119,10491.499,13708.0,16038.0,20645.0,20959.0,22208.0,-305.34399999999994,-3373.1659999999997,650.0,1960.0,1620.0,2671.0,2682.0,-125.452,-37.371,-25.0,-25.0,-47.0,-34.0,0.0,,,6132.0,6811.0,6907.0,7300.0,8200.0,Airbnb Inc,US0090661010,Consumer Discretionary
ABT UN Equity,Health Care Equipment & Servic,948.0,3875.830078125,296.6669921875,15362.0,9.041790008544922,,176.51100158691406,8.843999862670898,37.15800094604492,0.0,0.0,,,,Targets Set,Well-below 2,False,True,True,False,True,356.0,,1.0,,79.0999984741211,15.0,46.0,36.0,,0.18000000715255737,,13.0,92.30770111083984,True,5.0,6.967949867248535,62.84619903564453,92.30770111083984,True,6.583330154418945,31.818199157714844,1.0,9.0,75.0,501.0,537.0,532.0,504.0,503.0,499.0,502.0,482.0,485.0,485.0,471.0,471.0,449.0,10864.0,11969.0,10243.0,12829.0,10665.0,9971.0,6162.0,31904.0,34608.0,43075.0,43653.0,40109.0,41950.0,44328.0,67887.0,72548.0,75196.0,74438.0,73214.0,81414.0,86713.0,7860.0,9013.0,12322.0,11984.0,10077.0,10409.0,11560.0,-1638.0,-2177.0,-1885.0,-1777.0,-2202.0,-2207.0,-2171.0,107000.0,109000.0,113000.0,115000.0,114000.0,114000.0,115000.0,Abbott Laboratories,US0028241000,Health Care
ACGL UW Equity,Insurance,7.39900016784668,24.55109977722168,0.7701359987258911,,,,,,,,,,,,,,,True,True,,True,,,,,,,48.0,,,,,12.0,83.33329772949219,False,4.0,9.03030014038086,64.91670227050781,91.66670227050781,True,2.0,45.454498291015625,3.0,5.0,75.0,1.4830000400543213,1.1180000305175781,1.3480000495910645,1.4429999589920044,2.11899995803833,2.490000009536743,5.775000095367432,,,,,,4.908999919891357,8.87600040435791,65.55799865722656,49.20199966430664,64.59200286865234,77.9520034790039,100.78900146484375,92.21199798583984,6928.2,8525.275,9249.98,9614.808,13634.0,17440.0,19929.0,37885.361,43282.297,45100.945,47990.507,58906.0,70906.0,79241.0,,,,,,,,-37.837,-39.872,-41.394,-51.672,-52.0,-51.0,-44.0,4300.0,4500.0,5200.0,5800.0,6400.0,7200.0,8000.0,Arch Capital Group Ltd,BMG0450A1053,Financials
ACN UN Equity,Software & Services,206.1020050048828,360.8280029296875,340.68499755859375,,,,,,,,,,,,Targets Set,1.5,True,True,True,True,True,,,,1000.0,119.60800170898438,,48.0,30.0,,,,11.0,90.90910339355469,True,5.0,6.875,64.81819915771484,90.90910339355469,True,7.083330154418945,,1.0,7.0,75.0,13.944999694824219,9.25,17.804000854492188,22.038000106811523,22.395000457763672,19.32699966430664,292.8219909667969,228.3730010986328,155.7790069580078,164.66000366210938,180.50999450683594,181.4550018310547,186.77499389648438,1049.030029296875,575.9099731445312,297.0669860839844,405.35198974609375,515.3709716796875,628.8400268554688,688.3930053710938,43215.013,44327.039,50533.389,61594.305,64111.745,64896.464,69672.977,29789.88,37078.593,43175.843,47263.39,51245.305,55932.363,65394.897,7197.834,9008.809,10254.286,12208.399000000001,11941.994999999999,12464.701,13380.863000000001,-599.009,-599.132,-580.132,-717.998,-528.172,-516.509,-600.039,492000.0,506000.0,624000.0,721000.0,733000.0,774000.0,779273.0,Accenture PLC,IE00B4BNMY34,Information Technology
ADBE UW Equity,Software & Services,,228.6999969482422,,,,,,,,,,,,,Targets Set,1.5,,,True,,,,,,,,9.899999618530273,35.400001525878906,32.5,,,,11.0,90.90910339355469,True,4.0,10.689399719238281,59.727298736572266,90.90910339355469,True,18.83329963684082,42.85710144042969,1.0,7.0,75.0,9.597999572753906,4.910999774932861,6.567999839782715,7.64900016784668,7.2179999351501465,,56.12799835205078,50.65299987792969,61.220001220703125,57.167999267578125,62.6619987487793,63.29600143432617,,505.12701416015625,393.49700927734375,424.343994140625,456.3659973144531,612.0989990234375,496.59100341796875,,11171.0,12868.0,15785.0,17606.0,19409.0,21505.0,23769.0,20762.0,24284.0,27241.0,27165.0,29779.0,30230.0,29496.0,4025.0,5113.0,6709.0,7075.0,7639.0,7704.0,9616.0,-395.0,-419.0,-348.0,-442.0,-360.0,-183.0,-179.0,22634.0,22516.0,25988.0,29239.0,29945.0,30709.0,31360.0,Adobe Inc,US00724F1012,Information Technology
ADI UW Equity,Semiconductors & Semiconductor,400.85198974609375,780.0,444.0,7833.509765625,45.630001068115234,,5.64900016784668,1.312000036239624,2.6070001125335693,,,,,,Targets Set,1.5,True,True,True,True,True,,0.0,0.0,,0.7860000133514404,,37.599998474121094,27.0,0.0,,,10.0,80.0,True,3.0,10.600000381469727,66.30000305175781,90.0,True,13.58329963684082,25.0,1.0,9.0,75.0,,169.0540008544922,175.75900268554688,138.0,99.0,79.0,261.3599853515625,171.86900329589844,275.5050048828125,292.6419982910156,290.50299072265625,290.83599853515625,321.5559997558594,7.031000137329102,1195.0,1497.47998046875,2654.280029296875,2343.090087890625,1691.5799560546875,1990.0,5991.065,5603.056,7318.286,12013.953,12305.539,9427.157,11019.707,21392.641,21468.603,52322.071,50302.35,48794.478,48228.277,47992.712,2521.859,2355.0589999999997,2817.634,5636.8589999999995,6183.033,4205.445,4998.681000000001,-275.372,-165.692,-343.676,-699.308,-1261.463,-730.463,-533.552,16400.0,15900.0,24700.0,24450.0,26000.0,24000.0,24500.0,Analog Devices Inc,US0326541051,Information Technology
ADM UN Equity,"Food, Beverage & Tobacco",14570.0,53413.0,3670.0,302000.0,,,,,,,,,,,Removed,,True,True,True,False,True,241.0,,,,10.600000381469727,,26.0,31.0,,0.1899999976158142,,12.0,91.66670227050781,True,6.0,9.56410026550293,63.75,91.66670227050781,True,11.75,27.2726993560791,1.0,11.0,75.0,13500.0,13700.0,13500.0,12600.0,12300.0,12600.0,2860.0,2700.0,2300.0,2130.0,1990.0,2070.0,1970.0,115651.0,37800.0,132691.0,118083.0,107421.0,114498.0,114000.0,64656.0,64355.0,85249.0,101556.0,93935.0,85530.0,80269.0,43997.0,49719.0,56136.0,59774.0,54631.0,53271.0,52389.0,2619.0,2977.0,4161.0,5530.0,5164.0,3078.0,2562.0,-828.0,-823.0,-1169.0,-1319.0,-1494.0,-1563.0,-1248.0,38100.0,37575.0,39218.0,40360.0,41820.0,44043.0,40798.0,Archer-Daniels-Midland Co,US0394831020,Consumer Staples
ADP UW Equity,Commercial & Professional Serv,,230.2899932861328,,,,,,,,,,,,,,,,,True,,,,,,,,,46.0,,,,,,83.33329772949219,,,6.958330154418945,,,,3.75,,,,,21.760000228881836,13.375499725341797,11.91100025177002,11.975000381469727,12.70300006866455,,86.49299621582031,76.09200286865234,74.15760040283203,71.90799713134766,71.71900177001953,69.25599670410156,,200.97300720214844,25.90369987487793,30.778499603271484,226.11700439453125,361.6929931640625,240.23199462890625,,14110.2,14589.8,15005.4,16498.3,18012.2,19202.6,20560.9,41887.7,39165.5,48772.5,63068.2,50971.0,54362.7,53369.3,3433.4,3785.3999999999996,3993.1,4463.0,5191.9,5633.9,6106.099999999999,-162.0,-172.7,-178.6,-174.4,-206.3,-208.4,-168.7,,58000.0,,,63000.0,64000.0,67000.0,Automatic Data Processing Inc,US0530151036,Industrials
ADSK UW Equity,Software & Services,7.098999977111816,19.95199966430664,,,,,0.8059999942779541,,,0.0,0.0,,,,Targets Set,1.5,True,True,True,False,True,,,,18.875999450683594,50.0,16.200000762939453,34.825199127197266,38.0,0.0,,,11.0,90.90910339355469,False,4.0,5.303030014038086,62.272701263427734,90.90910339355469,True,9.666669845581055,45.0,1.0,13.0,,0.9829999804496765,0.8669999837875366,0.5889999866485596,1.059999942779541,0.5550000071525574,1.0800000429153442,10.956000328063965,11.071000099182129,10.194999694824219,9.0,8.609999656677246,8.15999984741211,7.150000095367432,246.77699279785156,227.9510040283203,124.88400268554688,101.91300201416016,114.06300354003906,154.15899658203125,154.06199645996094,2569.8,3274.3,3790.4,4386.4,5005.0,5497.0,6131.0,4729.2,6179.3,7279.8,8606.8,9438.0,9912.0,10833.0,130.9,557.1,854.3,864.0,1224.0,1338.0,1600.0,-67.0,-53.2,-91.1,-56.0,-40.0,-31.0,-40.0,10100.0,11500.0,11500.0,12600.0,13700.0,14100.0,15300.0,Autodesk Inc,US0527691069,Information Technology
AEE UN Equity,Utilities,27250.0,,,,,,,0.016669999808073044,,,,,,,,,,,,,,82.0,,,,11.199999809265137,6.0,24.0,26.0,1.0,0.2800000011920929,46.0,11.0,90.90910339355469,True,5.0,8.145830154418945,65.09089660644531,90.90910339355469,True,4.75,,1.0,6.0,83.0,25967.19921875,27981.5,24969.099609375,19883.19921875,18459.400390625,20936.900390625,62.83599853515625,58.10599899291992,5443.85009765625,81.22200012207031,84.83100128173828,80.29499816894531,6313.14990234375,792.35302734375,13769.7001953125,18828.0,21483.69921875,16600.0,15071.400390625,,5910.0,5794.0,6394.0,7957.0,7500.0,7623.0,8799.0,28933.0,32030.0,35735.0,37904.0,40830.0,44598.0,48476.0,2348.0,2453.0,2610.0,2953.0,3058.0,3121.0,3694.0,-2438.0,-3340.0,-3536.0,-3393.0,-3797.0,-4430.0,-4198.0,,9183.0,,9244.0,9372.0,8981.0,8913.0,Ameren Corp,US0236081024,Utilities
AEP UW Equity,Utilities,54740.8984375,0.0,,5464380.0,,,,,,,,,,,,,,True,,,,130.0,1.0,2.0,,26.53059959411621,9.0,20.562000274658203,23.404300689697266,1.0,0.3190000057220459,24.0,12.0,91.66670227050781,True,6.0,5.756939888000488,65.0,91.66670227050781,True,2.166670083999634,31.818199157714844,1.0,8.0,90.5,49271.3984375,56179.5,51192.5,43351.1015625,46898.80078125,53407.8984375,14514.099609375,409.2250061035156,318.7760009765625,367.281005859375,1212.9599609375,1099.3299560546875,1333.02001953125,5553.25,40440.5,35589.5,41759.19921875,40349.30078125,36440.0,,15561.4,14918.5,16792.0,19639.5,18982.3,19721.3,21876.0,75892.3,80757.2,87668.7,93403.3,96684.0,103078.0,114460.0,5481.9,6037.6,6597.6,6925.9,6893.099999999999,7842.3,8945.0,-6143.7,-6316.0,-6531.3,-7979.7,-7661.7,-8170.1,-12036.0,17408.0,16787.0,16688.0,16974.0,17250.0,16330.0,16800.0,American Electric Power Co Inc,US0255371017,Utilities
AES UN Equity,Utilities,29024.5,105220.0,,,,,,,,,,,,,,,,True,True,,,,0.0,0.0,,,,26.100000381469727,24.0,0.0,0.0860000029206276,31.0,11.0,90.90910339355469,False,4.0,8.361109733581543,69.0,90.90910339355469,True,15.08329963684082,25.0,1.0,11.0,75.0,42961.0,40612.0,39931.0,33401.0,27778.69921875,28660.099609375,358.97698974609375,254.0,475.0,479.0,422.0,439.4750061035156,364.3599853515625,9972.0,7269.2001953125,3141.800048828125,3118.179931640625,2450.449951171875,1861.0,1871.52001953125,10189.0,9660.0,11141.0,12617.0,12668.0,12278.0,12233.0,33648.0,34603.0,32963.0,38363.0,44799.0,47406.0,51768.0,3244.0,3632.0,3637.0,3440.0,3446.0,3346.0,3368.0,-2405.0,-1900.0,-2116.0,-4551.0,-7724.0,-7392.0,-5929.0,,8200.0,8450.0,9100.0,9600.0,9100.0,8336.0,AES Corp/The,US00130H1059,Utilities
AFL UN Equity,Insurance,10.755999565124512,31.283000946044922,20.76099967956543,,,,,,,,,,,,,,,,True,,,,,,,,,,,,,,11.0,90.90910339355469,True,4.0,10.272700309753418,65.72730255126953,90.90910339355469,True,34.75,18.181800842285156,1.0,4.0,75.0,2.0929999351501465,2.0380001068115234,2.632999897003174,3.499000072479248,2.8499999046325684,3.638000011444092,13.008999824523926,10.168000221252441,8.163000106811523,8.394000053405762,7.561999797821045,7.369999885559082,7.118000030517578,19.767000198364258,338.65899658203125,216.7519989013672,234.20599365234375,208.4010009765625,217.71099853515625,222.8040008544922,22307.0,22147.0,22106.0,19140.0,18701.0,18927.0,17164.0,152768.0,165086.0,157542.0,131738.0,126724.0,117566.0,116470.0,,,,,,,,0.0,0.0,0.0,0.0,0.0,0.0,0.0,11729.0,12003.0,12447.0,12882.0,12785.0,12694.0,12716.0,Aflac Inc,US0010551028,Financials
AIG UN Equity,Insurance,28.95199966430664,103.02200317382812,,,,,,,,,,,,,,,,True,True,,,,,,,15.5,,53.0,31.0,,,0.0,11.0,90.90910339355469,True,3.0,4.076389789581299,63.818199157714844,90.90910339355469,True,0.33333298563957214,40.0,1.0,7.0,100.0,6.156000137329102,17.014999389648438,4.892000198364258,8.36400032043457,5.479000091552734,4.793000221252441,93.78099822998047,71.10600280761719,73.3219985961914,31.042999267578125,28.937999725341797,30.28499984741211,24.159000396728516,419.16900634765625,430.60198974609375,517.0330200195312,216.8459930419922,247.68099975585938,191.48599243164062,176.23800659179688,49746.0,43736.0,52057.0,54450.0,27938.0,27072.0,26775.0,525064.0,586481.0,596112.0,522228.0,539306.0,161322.0,161254.0,,,,,,,,0.0,0.0,0.0,0.0,0.0,0.0,0.0,46000.0,45000.0,36600.0,26200.0,25200.0,22200.0,22200.0,American International Group I,US0268747849,Financials
AIZ UN Equity,Insurance,10.597999572753906,30.57110023498535,0.12839899957180023,,,,,,,,,,,,,,False,True,True,False,True,,,,,4.0,11.0,58.0,40.0,,,,10.0,90.0,False,4.0,7.058330059051514,64.5999984741211,90.0,True,4.75,14.285699844360352,1.0,7.0,75.0,1.1169999837875366,2.131999969482422,1.5049999952316284,1.3420000076293945,1.2970000505447388,1.1239999532699585,22.913000106811523,16.31599998474121,14.670000076293945,13.446999549865723,12.192000389099121,10.329999923706055,9.473999977111816,13.517000198364258,340.51800537109375,398.56500244140625,459.510986328125,2879.590087890625,3014.699951171875,273.0360107421875,9569.1,9595.5,10187.6,10193.0,11131.6,11877.5,12970.7,44291.2,44649.9,33920.6,33117.3,33635.2,35020.6,36289.6,,,,,,,,-110.3,-121.2,-187.4,-186.3,-202.5,-221.3,-235.5,13600.0,,,13700.0,13600.0,14200.0,,Assurant Inc,US04621X1081,Financials
AJG UN Equity,Insurance,,115.52100372314453,,,,,3.0420000553131104,,0.029999999329447746,,,,,,,,,,,,,,,,,,,58.0,,,,,10.0,90.0,True,4.0,12.35420036315918,67.69999694824219,90.0,False,31.83329963684082,,1.0,9.0,75.0,1.6510000228881836,2.0480000972747803,2.187999963760376,8.467000007629395,9.256999969482422,,42.05500030517578,31.792999267578125,40.882999420166016,38.46500015258789,34.29600143432617,37.840999603271484,,148.2010040283203,33.9379997253418,29.52199935913086,44.62099838256836,177.11700439453125,195.66400146484375,,7195.0,7003.6,8209.4,8550.6,10071.9,11554.9,13942.0,19634.8,22331.4,33345.0,38358.4,51615.8,64255.2,70665.0,1399.5,1755.1,1909.9,2322.2,2312.1000000000004,3239.4999999999995,3797.0,-138.8,-99.3,-128.6,-182.7,-193.6,-141.9,-145.0,33247.0,32401.0,39000.0,44000.0,52000.0,55977.0,71776.0,Arthur J Gallagher & Co,US3635761097,Financials
AKAM UW Equity,Software & Services,322.8699951171875,1082.8399658203125,555.5999755859375,,,,,,,,,,,,Removed,,False,True,True,True,True,,,,1.4819400310516357,,7.300000190734863,28.0,21.700000762939453,0.0,,,11.0,90.90910339355469,False,5.0,8.898150444030762,65.81819915771484,90.90910339355469,True,13.75,20.0,1.0,5.0,,0.03799999877810478,0.06199999898672104,0.014000000432133675,0.05400000140070915,0.04500000178813934,0.07000000029802322,172.5,191.3699951171875,219.22000122070312,225.10000610351562,243.30099487304688,262.1000061035156,322.79998779296875,120.9000015258789,144.82000732421875,123.1500015258789,279.8999938964844,226.61500549316406,174.33999633789062,180.35000610351562,2893.617,3198.149,3461.223,3616.654,3811.92,3991.168,4208.175,7006.886,7764.13,8138.673,8303.4,9900.037,10368.785,11479.643,1144.386,1311.987,1533.52,1478.261,1429.696,1443.001,1569.656,-562.077,-731.872,-545.23,-458.302,-730.04,-685.267,-819.5,7724.0,8368.0,8700.0,9800.0,10250.0,10748.0,11382.0,Akamai Technologies Inc,US00971T1016,Information Technology
ALB UN Equity,Materials,1374.0,5138.89013671875,,24800.0,,,1378.0,32.0,997.9600219726562,,,,,,,,True,True,True,True,True,12.0,0.0,0.0,,3.200000047683716,13.0,24.0,27.0,0.0,0.07000000029802322,30.0,9.0,88.88890075683594,True,5.0,7.143939971923828,66.22219848632812,88.88890075683594,True,6.5,22.222200393676758,1.0,7.0,95.0,585.0,605.0,618.0,728.0,753.0,853.0,348.0,,348.0,334.0,388.0,477.0,521.0,,,1675.0,1995.0,2235.0,2359.0,2706.0,3589.427,3128.909,3327.957,7320.104,9617.203,5377.526,5142.733,9860.863,10450.946,10974.118,15456.522,18270.652,16609.649,16374.211,914.9420000000001,771.7,1094.772,2814.7110000000007,730.0630000000001,-1150.5760000000002,328.101,-851.796,-850.477,-953.667,-1261.646,-2149.281,-1680.529,-589.801,6000.0,5900.0,6000.0,7400.0,9000.0,8300.0,7800.0,Albemarle Corp,US0126531013,Materials
ALGN UW Equity,Health Care Equipment & Servic,,,,,,,,,,,,,,,,,False,True,True,False,True,,,,,,,,,,,,11.0,90.90910339355469,False,5.0,9.886360168457031,65.54550170898438,90.90910339355469,True,11.33329963684082,25.0,1.0,6.0,75.0,,,,,,,,,,,,,,,,,,,,,2406.796,2471.941,3952.584,3734.635,3862.26,3999.012,4034.964,2500.702,4829.683,5942.11,5947.947,6083.877,6214.6,6233.693,644.2610000000001,508.534,1118.37,806.307,830.3530000000001,794.961,826.592,-149.707,-154.916,-401.098,-291.9,-177.716,-115.58,-102.445,14530.0,18070.0,22540.0,23165.0,21610.0,20945.0,20290.0,Align Technology Inc,US0162551016,Health Care
ALL UN Equity,Insurance,,139.9250030517578,,,,,,,,,,,,,,,,True,True,,True,,,,,,14.0,55.400001525878906,36.0,,,5.0,12.0,91.66670227050781,True,5.0,10.227299690246582,65.66670227050781,91.66670227050781,True,19.75,20.0,1.0,6.0,100.0,20.849000930786133,20.93199920654297,22.19700050354004,19.468000411987305,17.485000610351562,,86.86299896240234,77.81800079345703,69.33200073242188,70.67500305175781,43.935001373291016,35.88999938964844,,33.034000396728516,494.6730041503906,523.31298828125,3523.580078125,4866.33984375,5264.16015625,,41541.0,44791.0,50588.0,51411.0,57094.0,64106.0,67685.0,119950.0,125987.0,99440.0,97989.0,103362.0,111617.0,119758.0,,,,,,,,-433.0,-308.0,-345.0,-420.0,-267.0,-210.0,-228.0,45780.0,41860.0,54300.0,54300.0,53000.0,55000.0,53000.0,Allstate Corp/The,US0200021014,Financials
ALLE UN Equity,Capital Goods,,246.98800659179688,,,,,,,,,,,,,,,,True,True,,True,,,,,,,35.0,22.0,,0.20999999344348907,16.0,8.0,87.5,False,7.0,4.958330154418945,62.0,87.5,True,4.25,27.2726993560791,1.0,9.0,89.0,24.451000213623047,25.62299919128418,25.624000549316406,26.0,25.094999313354492,,,50.512001037597656,76.1760025024414,65.23600006103516,44.86389923095703,45.78799819946289,,,0.9890000224113464,0.0010000000474974513,,,,,2854.0,2719.9,2867.4,3271.9,3650.8,3772.2,4067.3,2967.2,3069.4,3051.0,3991.2,4311.5,4487.8,5223.7,691.3000000000001,528.7,658.7,733.1999999999999,880.9,963.9000000000001,1061.8,-65.6,-47.1,-45.4,-64.0,-84.2,-92.1,-98.1,11000.0,11500.0,11000.0,12300.0,12400.0,14400.0,13300.0,Allegion plc,IE00BFRT3W74,Industrials
AMAT UW Equity,Semiconductors & Semiconductor,222.35000610351562,668.5089721679688,393.489013671875,2612.0,,,22.299999237060547,4.900000095367432,12.79800033569336,,,,,,Targets Set,1.5,False,True,True,False,True,126.0,,,,17.799999237060547,,20.700000762939453,14.399999618530273,0.0,0.18000000715255737,,10.0,90.0,False,3.0,10.303000450134277,64.30000305175781,90.0,True,13.08329963684082,15.384599685668945,1.0,4.0,75.0,36.678001403808594,42.395999908447266,48.632999420166016,49.053001403808594,50.775001525878906,54.263999938964844,144.6719970703125,138.52099609375,147.08700561523438,161.30299377441406,170.2989959716797,175.66700744628906,168.08599853515625,12902.900390625,,22027.80078125,24682.400390625,21143.30078125,18565.19921875,20546.599609375,14608.0,17202.0,23063.0,25785.0,26517.0,27176.0,28368.0,19024.0,22353.0,25825.0,26726.0,30729.0,34409.0,36299.0,3713.0,4810.0,7362.0,8325.0,8271.0,8259.0,8724.0,-441.0,-422.0,-668.0,-787.0,-1106.0,-1190.0,-2260.0,22000.0,24000.0,27000.0,33000.0,34300.0,35700.0,36500.0,Applied Materials Inc,US0382221051,Information Technology
AMCR UN Equity,Materials,,4938.330078125,,,,,,,,,,,,,Targets Set,1.5,,True,True,,True,,,,,,,23.0,22.0,,0.07000000029802322,37.0,,90.90910339355469,,,4.310609817504883,,,,2.5,44.444400787353516,,,,540.093017578125,529.1920166015625,505.0,464.0,430.0,430.0,1392.52001953125,1509.47998046875,1432.68994140625,1365.0,1285.0,1215.0,1169.0,10616.599609375,9946.5703125,9825.91015625,10648.0,9759.7001953125,8895.900390625,8719.7998046875,9458.2,12467.5,12861.0,14544.0,14694.0,13640.0,15009.0,17165.0,16442.1,17188.0,17426.0,17003.0,16524.0,37066.0,1244.7,1645.6,1895.0,1864.0,2094.0,1809.0,1731.0,-290.3,-399.5,-468.0,-527.0,-526.0,-492.0,-580.0,,47000.0,46000.0,44000.0,41000.0,41000.0,77000.0,Amcor PLC,JE00BV7DQ550,Materials
AMD UW Equity,Semiconductors & Semiconductor,120.26399993896484,299.0,153.0,266.0,,,1.5449999570846558,0.09300000220537186,0.828000009059906,2.0,0.006000000052154064,,,,Targets Set,Well-below 2,,True,True,,True,,0.0,0.0,,7.808539867401123,8.899999618530273,23.1289005279541,15.0,0.0,0.0,,8.0,87.5,True,3.0,7.010419845581055,63.5,87.5,True,12.0,25.0,1.0,7.0,75.0,6.4120001792907715,6.486999988555908,8.145000457763672,10.008000373840332,12.418999671936035,13.586000442504883,50.61000061035156,68.49400329589844,70.65899658203125,74.47899627685547,80.83899688720703,91.5790023803711,106.6780014038086,1083.5899658203125,6074.64990234375,12175.2998046875,26339.69921875,21772.19921875,18281.80078125,,6731.0,9763.0,16434.0,23601.0,22680.0,25785.0,34639.0,6028.0,8962.0,12419.0,67580.0,67885.0,69226.0,76926.0,909.0,1740.0,4126.0,5556.0,3981.0,5111.0,6894.0,-217.0,-294.0,-301.0,-450.0,-546.0,-636.0,-974.0,11400.0,12600.0,15500.0,25000.0,26000.0,28000.0,31000.0,Advanced Micro Devices Inc,US0079031078,Information Technology
AME UN Equity,Capital Goods,123.27899932861328,419.6400146484375,,,,,,,,,,,,,,,,,,,,,,,,,,38.0,,,0.15000000596046448,14.220000267028809,8.0,87.5,True,4.0,7.842589855194092,64.0,87.5,False,10.41670036315918,10.0,3.0,5.0,75.0,32.20000076293945,32.599998474121094,32.20000076293945,31.299999237060547,29.745500564575195,29.625600814819336,123.69999694824219,108.9000015258789,107.30000305175781,103.19999694824219,103.30000305175781,99.47419738769531,93.65339660644531,,,,,,,,5158.557,4540.029,5546.514,6150.53,6596.95,6941.18,7401.116,9844.559,10357.483,11898.187,12431.12,15023.533,14631.169,16067.543,1456.8600000000001,1327.6570000000002,1662.4620000000002,1879.4150000000002,2108.1440000000002,2238.804,2411.717,-102.346,-74.199,-110.671,-139.005,-136.249,-127.075,-130.248,18100.0,16500.0,18500.0,19600.0,21500.0,21500.0,22500.0,AMETEK Inc,US0311001004,Industrials
AMGN UW Equity,"Pharmaceuticals, Biotechnology",274.0,878.0560302734375,129.552001953125,2793.0,16.06999969482422,,12.647000312805176,2.0190000534057617,5.97599983215332,,,,,,Targets Set,1.5,True,True,True,False,True,50.0,0.0,0.0,,32.0,,53.0,51.0,0.0,0.05000000074505806,,12.0,91.66670227050781,True,4.0,9.277779579162598,68.58329772949219,91.66670227050781,True,14.41670036315918,,1.0,6.0,75.0,139.0,133.0,130.0,153.0,147.0,141.0,174.0,139.0,156.0,153.0,118.0,128.0,133.0,2774.0,2627.0,3512.10009765625,3185.800048828125,1373.9000244140625,1691.0,1699.0,23362.0,25424.0,25979.0,26323.0,28190.0,33424.0,36751.0,59707.0,62948.0,61165.0,65121.0,97154.0,91839.0,90586.0,12051.0,12929.0,11236.0,13355.0,12148.0,13052.0,14503.0,-618.0,-608.0,-880.0,-936.0,-1112.0,-1096.0,-1858.0,23400.0,24200.0,24200.0,25200.0,26700.0,28000.0,31500.0,Amgen Inc,US0311621009,Health Care
AMP UN Equity,Financial Services,,79.78939819335938,,,,,,,,,,,,,,,,,,,,,,,,,,40.0,21.0,,,,9.0,88.88890075683594,True,6.0,11.48960018157959,68.66670227050781,88.88890075683594,True,21.08329963684082,,1.0,6.0,95.0,6.564000129699707,7.164999961853027,5.89900016784668,5.533999919891357,5.434999942779541,,35.86199951171875,30.899999618530273,34.04499816894531,20.336999893188477,21.979999542236328,20.65399932861328,,41.72200012207031,27.586000442504883,22.280000686645508,44.518001556396484,38.28799819946289,42.231998443603516,,12890.0,11958.0,13443.0,14333.0,16116.0,17970.0,18888.0,151828.0,165883.0,175979.0,158852.0,175191.0,181403.0,190904.0,3492.0,2960.0,4308.0,5202.0,5472.0,6404.0,6696.0,-143.0,-147.0,-120.0,-182.0,-184.0,-176.0,-162.0,12500.0,12300.0,12000.0,13500.0,13800.0,13600.0,22100.0,Ameriprise Financial Inc,US03076C1062,Financials
AMT UN Equity,Equity Real Estate Investment,,1951.030029296875,,,,,,,4.699999809265137,,,,,,Targets Set,Well-below 2,,,,,,10.0,,,,5.0,,30.0,38.63639831542969,,0.11999999731779099,,12.0,91.66670227050781,False,4.0,6.916669845581055,64.66670227050781,91.66670227050781,True,2.666670083999634,14.285699844360352,1.0,9.0,75.0,662.427978515625,673.6900024414062,374.88299560546875,369.1199951171875,365.7250061035156,,558.5679931640625,607.530029296875,571.4310302734375,134.50900268554688,133.03799438476562,145.13800048828125,,1871.9000244140625,3857.550048828125,3997.669921875,1917.56005859375,1917.449951171875,1876.030029296875,,7580.3,8041.5,8160.3,9645.4,10012.2,10127.2,10644.6,42801.6,47233.5,69887.9,67194.5,66027.6,61077.4,63190.4,5479.9,5747.0,6382.1,7316.5,7296.1,7635.5,8018.799999999999,0.0,0.0,0.0,0.0,0.0,0.0,0.0,5454.0,5618.0,6378.0,6391.0,5643.0,4691.0,4866.0,American Tower Corp,US03027X1000,Real Estate
AMZN UW Equity,Consumer Discretionary Distrib,,112413.0,,9400.0,,,,,,,,,,,Removed,,False,True,True,True,True,59888.0,,,,348.0,,44.099998474121094,26.0,,1.2000000476837158,,12.0,83.33329772949219,False,3.0,11.402799606323242,65.41670227050781,83.33329772949219,True,5.25,14.285699844360352,1.0,6.0,75.0,9620.0,12110.0,13020.0,14220.0,15130.0,15370.0,,,,12660.0,15320.0,17760.0,,39910.0,45750.0,55360.0,49290.0,48300.0,51620.0,61740.0,280522.0,386064.0,469822.0,513983.0,574785.0,637959.0,716924.0,225248.0,321195.0,420549.0,462675.0,527854.0,624894.0,818042.0,39999.0,53098.0,66511.0,63016.0,96065.0,133349.0,159737.0,-16861.0,-40140.0,-61053.0,-63645.0,-52729.0,-82999.0,-131819.0,798000.0,1298000.0,1608000.0,1541000.0,1525000.0,1556000.0,1576000.0,Amazon.com Inc,US0231351067,Consumer Discretionary
ANET UN Equity,Technology Hardware & Equipmen,,86.02999877929688,,,,,,,,,,,,,Targets Set,1.5,,True,True,,True,,,,,,,15.600000381469727,,,,0.0,9.0,77.77780151367188,True,4.0,8.444439888000488,63.0,77.77780151367188,True,18.0,,3.0,6.0,75.0,0.8194199800491333,0.6650000214576721,0.9300000071525574,2.2839999198913574,1.3450000286102295,,6.605830192565918,4.279910087585449,5.746089935302734,4.764999866485596,14.079000473022461,28.60700035095215,,1469.3900146484375,1567.5400390625,1704.1600341796875,1960.550048828125,2619.580078125,3592.780029296875,,2410.706,2317.512,2948.037,4381.31,5860.168,7003.146,9005.7,4185.29,4738.919,5734.429,6775.41,9956.635,14043.921,19448.6,861.167,767.666,998.3030000000001,1613.94,2351.42,3006.654,3928.7,-15.751,-15.384,-64.736,-44.644,-34.434,-32.032,-119.5,2300.0,2613.0,2993.0,3612.0,4023.0,4412.0,5115.0,Arista Networks Inc,US0404132054,Information Technology
AON UN Equity,Insurance,44.676998138427734,154.5570068359375,,,,,,,,,,,,,Committed,,False,True,True,False,True,,,,,17.0,,56.0,30.0,,,,13.0,92.30770111083984,False,6.0,12.051300048828125,67.76920318603516,92.30770111083984,False,21.5,,1.0,6.0,75.0,4.394999980926514,6.177000045776367,12.503999710083008,16.790000915527344,15.234000205993652,20.18899917602539,22.29800033569336,46.827999114990234,24.214000701904297,37.369998931884766,38.09700012207031,33.57899856567383,24.488000869750977,502.39801025390625,12.97700023651123,442.2149963378906,346.32501220703125,450.05999755859375,416.1830139160156,,11013.0,11066.0,12193.0,12479.0,13376.0,15698.0,17181.0,29405.0,32114.0,31917.0,32704.0,33959.0,48965.0,50784.0,2935.0,3383.0,2602.0,4108.0,4211.0,4741.0,5528.0,-225.0,-141.0,-137.0,-196.0,-252.0,-218.0,-263.0,50000.0,,50000.0,50000.0,50000.0,60000.0,60000.0,Aon PLC,IE00BLP1HW54,Financials
AOS UN Equity,Capital Goods,,592.083984375,,,,,,,,,,,,,,,,,,,,,,,,,,31.0,,,,,10.0,80.0,False,3.0,6.608329772949219,61.20000076293945,80.0,False,1.25,11.111100196838379,1.0,6.0,90.0,75.48300170898438,78.37200164794922,74.76000213623047,78.08499908447266,75.61299896240234,,104.79299926757812,99.2300033569336,95.1240005493164,80.98699951171875,76.66799926757812,77.99800109863281,,,,,,,,,2992.7,2895.3,3538.9,3753.9,3852.8,3818.1,3830.2,3058.0,3160.7,3474.4,3332.3,3213.9,3240.0,3142.8,559.9,536.4000000000001,703.0,750.5,832.0,793.2,828.7,-64.4,-56.8,-75.1,-70.3,-72.6,-108.0,-70.8,15100.0,13500.0,13700.0,12000.0,12000.0,12700.0,11500.0,A O Smith Corp,US8318652091,Industrials
APA UW Equity,Energy,6396.0,5030.0,,45116.1015625,85.16000366210938,,,,,,,147.0,,,,,False,True,True,False,True,2.0,0.0,0.0,,,,22.0,,0.0,0.03999999910593033,,11.0,90.90910339355469,False,5.0,7.858329772949219,64.90910339355469,90.90910339355469,True,11.75,23.529399871826172,1.0,9.0,75.0,6290.0,6255.0,5679.0,5962.0,6225.0,6124.0,690.0,490.0,344.0,216.0,223.0,445.0,272.0,,,,,,,,6456.0,4212.0,8079.0,10961.0,8378.0,9727.0,8867.0,18107.0,12746.0,13303.0,13147.0,15244.0,19390.0,17761.0,302.0,-2716.0,3665.0,7343.0,4885.0,4174.0,5216.0,-2961.0,-1302.0,-1113.0,-1770.0,-2337.0,-2851.0,-2740.0,3163.0,2272.0,2253.0,2273.0,2271.0,2305.0,1791.0,APA Corp,US03743Q1085,Energy
APD UN Equity,Materials,43549.69921875,76000.0,1100.0,808000.0,,,1492.22998046875,8.180000305175781,,41.0,0.003700000001117587,,,,,,False,True,True,False,True,62.0,3.0,3.0,,9.0,18.0,23.0,23.0,0.0,0.03999999910593033,15.0,11.0,90.90910339355469,False,5.0,2.408329963684082,60.272701263427734,90.90910339355469,True,1.6666699647903442,18.181800842285156,1.0,27.0,75.0,17100.0,16000.0,15900.0,16900.0,16900.0,24949.69921875,9900.0,9300.0,10310.599609375,10700.0,10700.0,11000.0,18600.0,8200.0,7400.0,8600.0,8700.0,8900.0,8500.0,38300.0,8918.9,8856.3,10323.0,12698.6,12600.0,12100.6,12037.3,18942.8,25168.5,26859.2,27192.6,32002.5,39574.6,41059.5,3227.2,3502.7,3692.2,3782.3,3962.7999999999997,6039.6,811.2,-1989.7,-2509.0,-2464.2,-2926.5,-4626.4,-6796.7,-7022.6,17440.0,,,,20700.0,23000.0,23000.0,Air Products and Chemicals Inc,US0091581068,Materials
APH UN Equity,Technology Hardware & Equipmen,641.8900146484375,1368.3299560546875,474.78900146484375,4978.0,,,85.60900115966797,10.329000473022461,49.244998931884766,,,,,,,,False,True,True,False,True,,,,,,,46.0,,1.0,0.23100000619888306,,8.0,87.5,False,4.0,7.979169845581055,66.75,87.5,True,17.75,26.315799713134766,1.0,9.0,97.22000122070312,31.283000946044922,70.10099792480469,76.56500244140625,70.26599884033203,66.62000274658203,73.62799835205078,271.6260070800781,306.4750061035156,407.9800109863281,414.3160095214844,402.739990234375,471.40399169921875,568.2620239257812,,56.417999267578125,177.58399963378906,5986.18994140625,3204.550048828125,4369.72998046875,5262.990234375,8225.4,8598.9,10876.3,12623.0,12554.7,15222.7,23094.7,10815.5,12327.3,14678.4,15326.2,16526.4,21440.2,36236.9,2028.9,2045.2,2618.8999999999996,3100.1000000000004,3093.1,4178.3,7440.3,-295.0,-276.8,-360.4,-383.8,-372.8,-665.4,-996.6,74000.0,80000.0,90000.0,91000.0,95000.0,125000.0,170000.0,Amphenol Corp,US0320951017,Information Technology
APO UN Equity,Financial Services,13.744999885559082,41.51300048828125,,,,,,,0.012942000292241573,,,,,,,,False,True,True,False,False,,,,,,13.0,43.0,24.0,,,0.0,14.0,71.42859649658203,True,3.0,4.282050132751465,64.64289855957031,71.42859649658203,True,5.583330154418945,30.0,1.0,6.0,75.0,0.6525999903678894,0.8758599758148193,1.1710000038146973,1.1820000410079956,1.2309999465942383,2.3610000610351562,9.331939697265625,9.362689971923828,7.657129764556885,8.54539966583252,9.802000045776367,10.854000091552734,11.383999824523926,2.3329999446868896,0.7770000100135803,1.7247999906539917,3862.4599609375,7471.81005859375,7249.990234375,7725.18017578125,3145.436,2110.9,9124.045,11627.0,32781.0,26262.0,32102.0,8542.117,23669.084,30501.894,257217.0,313488.0,377895.0,460949.0,1610.963,731.486,5224.896,-3346.0,6479.0,8458.0,8298.0,-39.495,-59.562,-64.738,0.0,0.0,0.0,0.0,1421.0,1729.0,2153.0,2540.0,2903.0,5108.0,6140.0,Apollo Global Management Inc,US03769M1062,Financials
APP UW Equity,Media & Entertainment,,,,,,,,,,,,,,,,,False,False,True,False,False,,,,,,,,,,,0.0,9.0,77.77780151367188,True,5.0,6.125,54.444400787353516,88.88890075683594,False,14.83329963684082,20.0,1.0,6.0,100.0,,,,,,,,,,,,,,,,,,,,,994.104,1451.086,2793.104,2817.058,3283.087,4709.248,5480.717,1202.485,2154.593,6163.579,5847.846,5359.187,5869.259,7259.61,290.697,210.281,609.755,520.0759999999999,1153.889,2337.425,4360.159,-3.358,-3.241,-5.457,-6.611,-4.246,-4.776,0.0,,,,1707.0,1717.0,1533.0,876.0,AppLovin Corp,US03831W1080,Communication Services
APTV UN Equity,Automobiles & Components,,1107.4100341796875,,,,,,,,,,,,,,,False,True,True,False,True,,,,,,,49.0,,,0.041999999433755875,,11.0,90.90910339355469,True,4.0,7.901519775390625,64.18180084228516,90.90910339355469,True,11.58329963684082,18.75,1.0,10.0,75.0,16.429000854492188,20.38800048828125,21.514999389648438,19.31100082397461,15.994999885559082,25.607999801635742,346.8789978027344,306.5610046386719,361.1510009765625,411.76300048828125,435.62200927734375,410.4570007324219,,8303.400390625,6620.72021484375,10002.099609375,12313.2998046875,29040.400390625,24026.80078125,28059.5,14357.0,13066.0,15618.0,17489.0,11995.0,12088.0,12397.0,13459.0,17522.0,18007.0,21884.0,24427.0,23458.0,18290.0,2107.0,2989.0,2077.0,2142.0,,,,-781.0,-584.0,-611.0,-844.0,,,,141000.0,151000.0,155000.0,160000.0,154000.0,141000.0,140000.0,Aptiv PLC,JE00BTDN8H13,Consumer Discretionary
ARE UN Equity,Equity Real Estate Investment,303.40301513671875,1764.9000244140625,299.15899658203125,2862.56005859375,,,28.316999435424805,,14.324000358581543,,,,,,,,False,True,True,False,True,,,,,0.07999999821186066,9.300000190734863,52.0,,,,0.0,8.0,87.5,False,4.0,13.33329963684082,66.25,87.5,False,4.25,28.571399688720703,1.0,6.0,75.0,69.09300231933594,86.1240005493164,106.76799774169922,104.0250015258789,108.50700378417969,107.875,129.70399475097656,143.06100463867188,140.98599243164062,203.36199951171875,200.9969940185547,204.19200134277344,195.5279998779297,13.656000137329102,18.33300018310547,36.165000915527344,66.35299682617188,105.91400146484375,95.2770004272461,35.0890007019043,1531.296,1885.637,2114.15,2588.962,2885.699,3116.394,3026.556,18390.503,22827.878,30219.373,35523.399,36771.402,37527.449,34081.835,982.935,1193.9830000000002,1311.89,1596.428,1400.386,1854.6620000000003,-173.00499999999997,-3484.319,-4015.864,-7524.501,-6185.174,-3684.046,-2671.324,-1870.924,439.0,470.0,559.0,593.0,568.0,552.0,514.0,Alexandria Real Estate Equitie,US0152711091,Real Estate
ARES UN Equity,Financial Services,,25.543100357055664,,,,,,,,,,,,,,,False,True,True,False,False,,,,,,11.699999809265137,40.5,26.399999618530273,,,,11.0,54.545501708984375,False,3.0,10.0378999710083,64.63639831542969,63.63639831542969,False,8.75,,1.0,6.0,75.0,0.0,0.04690000042319298,0.03500000014901161,0.04699999839067459,1.1660000085830688,,1.9459999799728394,1.7869999408721924,2.3294999599456787,2.9830000400543213,5.21999979019165,5.122000217437744,,10.89799976348877,2.2300000190734863,1.5947999954223633,14344.900390625,53707.80078125,40220.80078125,,2168.543,2235.769,4659.774,3651.371,4646.705,4861.184,6224.206,12014.196,15168.992,21605.164,22002.839,24730.5,24884.308,28633.369,798.709,752.3720000000001,1497.524,1364.491,2470.363,2478.4159999999997,2705.864,-16.796,-15.942,-27.226,-35.796,-67.183,-91.509,-72.178,1200.0,1450.0,2100.0,2550.0,2850.0,3200.0,4250.0,Ares Management Corp,US03990B1017,Financials
ATO UN Equity,Utilities,,,,,,,,,,,,,,,,,False,True,True,False,False,108.0,,,,,,23.0,21.729999542236328,,,0.0,11.0,90.90910339355469,False,4.0,6.987180233001709,66.18180084228516,90.90910339355469,True,7.0,26.086999893188477,1.0,5.0,75.0,804.4840087890625,679.3889770507812,622.5919799804688,650.5020141601562,,,,,,,,,,22338.80078125,20347.30078125,20661.0,22402.900390625,20128.5,,,2901.848,2821.137,3407.49,4201.662,4275.357,4165.187,4702.755,13367.619,15359.032,19608.662,22192.989,22516.968,25194.465,28249.522,1137.5140000000004,1294.814,1425.3239999999998,1500.031,1715.5639999999999,2073.755,2351.411,-1693.477,-1935.676,-1969.54,-2444.42,-2805.973,-2937.124,-3561.399,4776.0,4694.0,4684.0,4791.0,5019.0,5260.0,5487.0,Atmos Energy Corp,US0495601058,Utilities
AVGO UW Equity,Semiconductors & Semiconductor,,745.5230102539062,,,,,,,,,,,,,Removed,,,,,,,,,,,,,22.0,,,0.009999999776482582,,9.0,88.88890075683594,False,3.0,10.02079963684082,66.77780151367188,88.88890075683594,True,20.58329963684082,12.121199607849121,1.0,11.0,75.0,,130.88099670410156,97.20800018310547,58.763999938964844,53.64799880981445,,,,255.56399536132812,181.23500061035156,186.06100463867188,247.38099670410156,,,,,27.176000595092773,1847.9599609375,2411.139892578125,,22597.0,23888.0,27450.0,33203.0,35819.0,51574.0,63887.0,67493.0,75933.0,75570.0,73249.0,72861.0,165645.0,171092.0,9252.0,11025.0,14662.0,19307.0,20133.0,23660.0,34441.0,-432.0,-463.0,-443.0,-424.0,-452.0,-548.0,-623.0,19000.0,21000.0,20000.0,20000.0,20000.0,37000.0,33000.0,Broadcom Inc,US11135F1012,Information Technology
AVY UN Equity,Materials,,1501.77001953125,,,,,,,,,,,,,Targets Set,1.5,True,True,True,,True,,0.0,0.0,,,,38.0,37.0,0.0,,,10.0,80.0,False,4.0,7.516670227050781,61.20000076293945,90.0,True,3.083329916000366,29.411800384521484,1.0,6.0,100.0,191.7830047607422,201.0,264.0,230.0,240.14999389648438,,405.343994140625,402.5539855957031,170.0,130.0,106.0,287.2359924316406,,3321.580078125,2874.110107421875,5795.4501953125,6278.2998046875,5633.16015625,5697.490234375,,7070.1,6971.5,8408.3,9039.3,8364.3,8755.7,8855.5,5488.8,6083.9,7971.6,7950.5,8209.8,8404.2,8801.7,1014.9,1077.6,1371.6,1435.5,1154.8999999999999,1431.1,1452.2,-219.4,-201.4,-255.0,-278.1,-265.3,-208.8,-169.0,32000.0,32000.0,36000.0,36000.0,35000.0,35000.0,35000.0,Avery Dennison Corp,US0536111091,Materials
AWK UN Equity,Utilities,498.5320129394531,1466.449951171875,69.87580108642578,1614000.0,,,,,,,,,,,,,False,True,True,False,True,25.0,0.0,1.0,,4.800000190734863,11.0,24.700000762939453,40.0,1.0,,44.0,10.0,90.0,False,4.0,5.925000190734863,63.5,90.0,True,1.4166699647903442,60.0,1.0,10.0,75.0,64.42900085449219,73.45700073242188,69.72100067138672,74.87699890136719,69.36299896240234,73.35800170898438,508.68798828125,480.6820068359375,460.9070129394531,487.7699890136719,459.89599609375,430.36199951171875,425.17401123046875,,,506.1990051269531,594.0,642.2310180664062,758.3250122070312,806.0,3610.0,3777.0,3930.0,3792.0,4234.0,4684.0,5140.0,22682.0,24766.0,26075.0,27787.0,30298.0,32830.0,35442.0,1796.0,1852.0,1832.0,1922.0,2208.0,2506.0,2773.0,-1758.0,-1822.0,-1873.0,-2420.0,-2734.0,-3008.0,-3301.0,6800.0,7000.0,6400.0,6500.0,6500.0,6700.0,7000.0,American Water Works Co Inc,US0304201033,Utilities
AXON UW Equity,Capital Goods,,,,,,,,,,,,,,,,,,True,True,,True,,,,,,,31.0,25.0,,,,11.0,81.81819915771484,False,4.0,8.78030014038086,58.09090042114258,81.81819915771484,True,33.08330154418945,37.5,1.0,5.0,75.0,,,,,0.2750000059604645,,,,,,,2.549999952316284,,,,,,,,,530.86,681.003,863.381,1189.935,1560.699,2082.526,2779.536,845.639,1381.023,1688.21,2851.894,3409.174,4474.588,7000.313,9.293,5.026999999999999,-141.934,126.337,186.19,121.533,41.669,-15.939,-72.629,-49.886,-55.802,-59.635,-78.785,-136.258,1323.0,1710.0,2148.0,2821.0,3330.0,4100.0,5100.0,Axon Enterprise Inc,US05464C1018,Industrials
AXP UN Equity,Financial Services,,375.9389953613281,,,,,,,,,,,,,Targets Set,1.5,,,,,,,,,,,,52.599998474121094,39.900001525878906,,,,14.0,92.85710144042969,True,7.0,6.294869899749756,64.21430206298828,92.85710144042969,True,8.666669845581055,42.10530090332031,1.0,8.0,75.0,22.02899932861328,17.753999710083008,21.756000518798828,28.95199966430664,21.816999435424805,,102.3550033569336,93.99700164794922,80.2750015258789,85.18800354003906,93.68699645996094,107.86900329589844,,2218.47998046875,2310.639892578125,2433.429931640625,2075.659912109375,2482.7099609375,1901.5899658203125,,47020.0,38185.0,43663.0,55625.0,67364.0,74201.0,80463.0,198321.0,191367.0,188548.0,228354.0,261108.0,271461.0,300052.0,13081.0,7937.0,13667.0,13974.0,19013.0,22823.0,23806.0,-1645.0,-1478.0,-1550.0,-1855.0,-1563.0,-1911.0,-2425.0,64500.0,63700.0,64000.0,77300.0,74600.0,75100.0,76800.0,American Express Co,US0258161092,Financials
AZO UN Equity,Consumer Discretionary Distrib,497.22198486328125,1850.1400146484375,2.8161098957061768,,,,,,52.47100067138672,,,,,,,,False,True,True,False,True,,,,,,,23.299999237060547,20.899999618530273,6.0,0.9100000262260437,0.0,11.0,81.81819915771484,False,5.0,10.196999549865723,60.36360168457031,81.81819915771484,True,,20.0,1.0,4.0,75.0,240.0469970703125,251.32699584960938,269.02398681640625,276.37200927734375,287.4700012207031,300.88800048828125,187.47900390625,195.83999633789062,200.87600708007812,203.6959991455078,201.61599731445312,185.5279998779297,196.33399963378906,,,24.948999404907227,,,,,11863.743,12631.967,14629.585,16252.23,17457.209,18490.268,18938.717,9895.913,14423.872,14516.199,15275.043,15985.878,17176.538,19355.324,2586.094,3170.375,3723.319,4086.2299999999996,4377.961,4786.156,4686.385999999999,-496.05,-457.736,-621.767,-672.391,-796.657,-1072.696,-1327.257,55680.0,60000.0,62000.0,69440.0,71400.0,126000.0,130000.0,AutoZone Inc,US0533321024,Consumer Discretionary
BA UN Equity,Capital Goods,1257.0,4770.0,1221.1099853515625,5623.89990234375,,,80.16500091552734,7.964000225067139,42.92300033569336,,,,,,,,False,True,True,False,True,2112.0,,,,170.60000610351562,,23.799999237060547,33.29999923706055,0.0,0.07599999755620956,40.0,11.0,90.90910339355469,False,4.0,5.534719944000244,62.727298736572266,90.90910339355469,True,2.166670083999634,18.75,1.0,9.0,86.0,554.0,612.0,642.0,576.0,517.0,525.0,871.0,762.0,756.0,779.0,758.0,783.0,732.0,510290.0,243092.0,300052.0,385186.0,448254.0,373161.0,672163.0,76559.0,58158.0,62286.0,66608.0,77794.0,66517.0,89463.0,133625.0,152136.0,138552.0,137100.0,137012.0,156363.0,168235.0,567.0,-10232.0,-451.0,-1194.0,1469.0,-8416.0,6752.0,-1834.0,-1303.0,-980.0,-1222.0,-1527.0,-2230.0,-2942.0,161100.0,141000.0,142000.0,156000.0,171000.0,172000.0,182000.0,Boeing Co/The,US0970231058,Industrials
BAC UN Equity,Banks,,2141.840087890625,,,,,,,,,,,,,,,,True,,True,,,,,421.5270080566406,289.0,8.0,50.0,,,,,14.0,92.85710144042969,True,5.0,10.8056001663208,70.14289855957031,92.85710144042969,True,16.75,25.0,1.0,20.0,75.0,53.38999938964844,57.07600021362305,66.7750015258789,68.05000305175781,65.76300048828125,,722.18798828125,650.552978515625,601.906005859375,634.510009765625,610.0130004882812,617.4130249023438,,53679.19921875,50236.69921875,39053.0,38618.80078125,33961.19921875,36216.80078125,,113589.0,93753.0,93851.0,115053.0,176100.0,196403.0,191567.0,2434079.0,2819627.0,3128528.0,3051375.0,3180151.0,3261299.0,3411738.0,,,,,,,,0.0,0.0,0.0,0.0,0.0,0.0,0.0,208000.0,212505.0,208248.0,216823.0,212985.0,213193.0,213000.0,Bank of America Corp,US0605051046,Financials
BALL UN Equity,Materials,1001.3200073242188,4328.89990234375,1886.0,8326.830078125,,,436.6820068359375,35.75600051879883,45.402000427246094,0.0,0.0,,,,Targets Set,1.5,True,True,True,True,True,156.0,0.0,0.0,26.308700561523438,4.699999809265137,15.0,18.992700576782227,28.771900177001953,0.0,0.5899999737739563,23.0,11.0,90.90910339355469,False,5.0,8.148150444030762,62.36360168457031,90.90910339355469,True,0.9166669845581055,50.0,1.0,6.0,75.0,390.9800109863281,400.77899169921875,404.3290100097656,382.0719909667969,380.7569885253906,395.23199462890625,705.6840209960938,714.1829833984375,787.0859985351562,761.416015625,662.9119873046875,617.0499877929688,606.0830078125,10313.2998046875,10250.599609375,10862.7998046875,11615.7001953125,8445.7197265625,7356.06005859375,7548.22998046875,11474.0,11781.0,13811.0,15349.0,12062.0,11795.0,13161.0,17360.0,18252.0,19714.0,19909.0,19303.0,17628.0,19524.0,1674.0,1744.0,2082.0,1993.0,1821.0,1476.0,2149.0,-598.0,-1113.0,-1726.0,-1651.0,-1045.0,-484.0,-474.0,18300.0,21500.0,24300.0,21000.0,21000.0,16000.0,16000.0,Ball Corp,US0584981064,Materials
BAX UN Equity,Health Care Equipment & Servic,352.56298828125,1666.0,583.0,7112.0,,,52.04499816894531,5.52400016784668,34.62300109863281,7.0,0.004699999932199717,,,,,,False,True,True,False,True,10.0,0.0,0.0,,33.58000183105469,,47.0,,0.0,0.17000000178813934,,11.0,90.90910339355469,False,3.0,4.157410144805908,64.54550170898438,90.90910339355469,True,1.1666699647903442,40.0,1.0,11.0,75.0,301.0,334.0,358.0,180.69000244140625,174.22900390625,166.10499572753906,410.0,383.0,391.0,381.0,216.77099609375,195.90199279785156,186.45799255371094,4409.0,4037.0,3221.0,3811.0,2677.340087890625,2762.889892578125,2653.580078125,11362.0,11673.0,12784.0,14506.0,10360.0,10636.0,11244.0,18193.0,20019.0,33521.0,28287.0,28276.0,25782.0,20055.0,2682.0,2554.0,2714.0,-716.0,1785.0,1100.0,761.0,-696.0,-709.0,-743.0,-679.0,-432.0,-446.0,-513.0,50000.0,50000.0,60000.0,60000.0,60000.0,38000.0,37500.0,Baxter International Inc,US0718131099,Health Care
BBY UN Equity,Consumer Discretionary Distrib,395.9179992675781,1387.7900390625,,,,,,,,,,,,,Targets Set,1.5,,True,True,,,,,,,,28.0,26.0,34.0,,,,13.0,92.30770111083984,False,6.0,7.012819766998291,57.0,92.30770111083984,True,7.333330154418945,33.33330154418945,1.0,4.0,75.0,253.8800048828125,246.89500427246094,257.04901123046875,236.2689971923828,209.44000244140625,185.56199645996094,412.7120056152344,356.94000244140625,281.83099365234375,257.6409912109375,265.64898681640625,266.5010070800781,245.4429931640625,13997.7001953125,21873.599609375,22894.5,24181.900390625,21484.0,14256.5,15732.400390625,42879.0,43638.0,47262.0,51761.0,46298.0,43452.0,41528.0,12901.0,15591.0,19067.0,17504.0,15803.0,14967.0,14782.0,2670.0,3585.0,3991.0,4665.0,3481.0,3263.0,2899.0,-819.0,-743.0,-713.0,-737.0,-930.0,-795.0,-706.0,125000.0,125000.0,61200.0,57750.0,52200.0,85000.0,85000.0,Best Buy Co Inc,US0865161014,Consumer Discretionary
BDX UN Equity,Health Care Equipment & Servic,572.5390014648438,2093.97998046875,576.0570068359375,5580.31982421875,0.15199799835681915,,84.42500305175781,3.875,52.41299819946289,,,,,,Targets Set,1.5,False,True,True,False,True,245.0,,,,15.300000190734863,,49.0,29.0,0.0,0.28999999165534973,,12.0,91.66670227050781,True,6.0,7.548610210418701,65.75,91.66670227050781,True,6.75,,1.0,10.0,75.0,152.14700317382812,164.44900512695312,163.41799926757812,168.95399475097656,181.94900512695312,178.77200317382812,419.0150146484375,373.593994140625,410.9859924316406,409.50201416015625,394.32000732421875,395.81500244140625,393.7669982910156,252.08900451660156,193.13099670410156,6879.85009765625,6910.47021484375,6382.080078125,6035.669921875,6685.27001953125,16218.0,16074.0,19131.0,18870.0,19372.0,20178.0,21840.0,51765.0,54012.0,53866.0,52934.0,52780.0,57286.0,55325.0,3428.0,3158.0,4655.0,4649.0,4544.0,4873.0,5237.0,-957.0,-769.0,-1231.0,-973.0,-874.0,-725.0,-760.0,70093.0,72000.0,75000.0,77000.0,73000.0,74000.0,72000.0,Becton Dickinson & Co,US0758871091,Health Care
BEN UN Equity,Financial Services,,65.50879669189453,,,,,,,,,,,,,,,,,,,,,,,,,,40.900001525878906,22.799999237060547,,,,11.0,72.72730255126953,False,5.0,13.0378999710083,63.90909957885742,72.72730255126953,True,6.666669845581055,14.285699844360352,1.0,5.0,75.0,6.72967004776001,9.943010330200195,11.654999732971191,10.774999618530273,13.137999534606934,,29.111000061035156,23.063400268554688,22.517000198364258,20.947999954223633,16.763999938964844,18.764999389648438,,10.256999969482422,14.330300331115723,128.22799682617188,109.45999908447266,121.60900115966797,167.7790069580078,,5669.4,5566.5,8425.5,8275.3,7849.4,8478.0,8770.7,14532.2,21684.5,24168.4,28060.6,30121.2,32464.5,32368.3,1646.1000000000001,1326.0,2380.6000000000004,2317.7,1696.7999999999997,1099.5,1348.7,-233.7,-103.7,-79.3,-90.3,-148.8,-177.1,-154.5,9600.0,11800.0,10300.0,9800.0,9200.0,10200.0,9800.0,Franklin Templeton Inc,US3546131018,Financials
BF/B UN Equity,"Food, Beverage & Tobacco",,826.1649780273438,,,,,,,,,,,,,,,True,True,True,False,True,103.0,,,,,,,45.0,0.0,,7.0,11.0,54.545501708984375,False,3.0,7.287879943847656,60.09090042114258,90.90910339355469,True,7.75,36.36360168457031,1.0,7.0,91.0,115.72899627685547,103.6989974975586,131.79299926757812,150.43499755859375,167.64999389648438,135.2429962158203,75.58300018310547,65.28399658203125,52.823001861572266,56.895999908447266,59.41999816894531,62.20199966430664,50.40599822998047,6.133999824523926,64.09400177001953,0.13500000536441803,29.69099998474121,1168.1500244140625,1194.8499755859375,817.9429931640625,3324.0,3363.0,3461.0,3933.0,4228.0,4178.0,3975.0,5139.0,5766.0,6522.0,6373.0,7777.0,8166.0,8086.0,1216.0,1194.0,1284.0,1321.0,1245.0,1552.0,1239.0,-119.0,-113.0,-62.0,-138.0,-183.0,-228.0,-167.0,4900.0,4800.0,4700.0,5200.0,5600.0,5700.0,5000.0,Brown-Forman Corp,US1156372096,Consumer Staples
BG UN Equity,"Food, Beverage & Tobacco",3161.489990234375,22622.0,7785.58984375,,,,,,,,,,,,Targets Set,Well-below 2,True,True,True,False,True,,0.0,0.0,,7.0,11.0,24.399999618530273,16.799999237060547,0.0,,78.0,12.0,91.66670227050781,False,5.0,4.909719944000244,50.41669845581055,91.66670227050781,True,7.75,11.111100196838379,1.0,7.0,98.0,2207.52001953125,1789.7900390625,1769.7900390625,1667.4599609375,1665.989990234375,2031.510009765625,1791.5699462890625,1713.010009765625,1402.800048828125,1150.739990234375,1116.260009765625,1083.6700439453125,1129.97998046875,86278.1015625,305007.0,144669.0,122416.0,94942.8984375,136679.0,268689.0,41140.0,41404.0,59152.0,67232.0,59540.0,53108.0,70329.0,18317.0,23655.0,23819.0,24580.0,25372.0,24899.0,44528.0,-208.0,2059.0,2587.0,2865.0,4088.0,2505.0,2549.0,-524.0,-365.0,-399.0,-555.0,-1122.0,-1376.0,-1723.0,24000.0,23000.0,22000.0,23000.0,23000.0,23000.0,34000.0,Bunge Global SA,CH1300646267,Consumer Staples
BIIB UW Equity,"Pharmaceuticals, Biotechnology",89.76599884033203,447.3909912109375,141.0570068359375,1135.260009765625,5.659999847412109,,4.079999923706055,0.36000001430511475,0.6439999938011169,,,,,,Removed,,,True,True,,,,0.0,,,34.70000076293945,15.600000381469727,52.599998474121094,48.29999923706055,,,,11.0,90.90910339355469,False,4.0,6.691669940948486,64.45449829101562,90.90910339355469,False,3.916670083999634,43.75,1.0,6.0,75.0,57.553001403808594,63.18199920654297,64.86699676513672,57.23699951171875,56.611000061035156,56.948001861572266,37.71200180053711,36.952999114990234,34.262001037597656,31.764999389648438,31.05900001525879,32.858001708984375,32.81800079345703,421.6520080566406,348.3399963378906,406.5249938964844,434.6340026855469,304.10400390625,267.05999755859375,297.76800537109375,14377.9,13444.6,10981.7,10173.4,9835.6,9675.9,9890.6,27234.3,24618.9,23877.3,24554.1,26844.8,28049.3,29439.5,7785.000000000001,5287.2,4029.1,4191.400000000001,2241.1,3016.5,2730.0,-514.5,-424.8,-258.1,-240.3,-277.0,-153.7,-153.8,7400.0,9100.0,9610.0,8725.0,7570.0,7605.0,7500.0,Biogen Inc,US09062X1037,Health Care
BKNG UW Equity,Consumer Services,1.5679999589920044,36.22600173950195,,,,,,,,,,,,,Targets Set,1.5,False,True,True,False,True,,,,,,,45.0,,,,,11.0,90.90910339355469,False,4.0,7.295450210571289,61.818199157714844,90.90910339355469,True,9.75,40.0,1.0,6.0,75.0,3.489000082015991,3.1700000762939453,3.2019999027252197,3.252000093460083,2.2679998874664307,1.5540000200271606,21.32200050354004,19.190000534057617,0.824999988079071,0.3160000145435333,0.5540000200271606,0.45899999141693115,0.014000000432133675,626.2230224609375,294.2959899902344,440.7409973144531,502.4909973144531,613.0440063476562,544.6060180664062,455.2019958496094,15066.0,6796.0,10958.0,17090.0,21365.0,23739.0,26917.0,21402.0,21874.0,23641.0,25361.0,24342.0,27708.0,29264.0,5995.0,19.0,3099.0,5708.0,6515.0,8320.0,9620.0,-368.0,-286.0,-304.0,-368.0,-345.0,-429.0,-322.0,26400.0,20097.0,20097.0,21384.0,23600.0,24300.0,24300.0,Booking Holdings Inc,US09857L1089,Consumer Discretionary
BKR UW Equity,Energy,560.8469848632812,2143.679931640625,214.86000061035156,2573.89990234375,,,159.11000061035156,51.17689895629883,61.27000045776367,,,,0.09572000056505203,,,,True,True,True,False,True,,0.0,0.0,,21.97100067138672,10.899999618530273,20.299999237060547,18.600000381469727,0.0,0.21365299820899963,30.200000762939453,9.0,88.88890075683594,True,4.0,5.724999904632568,63.777801513671875,88.88890075683594,True,9.0,30.0,1.0,14.0,90.0,432.3160095214844,391.34600830078125,376.1719970703125,383.09600830078125,386.36700439453125,365.0950012207031,306.7569885253906,315.95001220703125,247.99099731445312,210.90199279785156,217.9409942626953,212.4759979248047,195.7519989013672,274776.0,2349.27001953125,238007.0,252414.0,433728.0,375423.0,539226.0,23838.0,20705.0,20502.0,21156.0,25506.0,27829.0,27733.0,53369.0,38007.0,35308.0,34181.0,36945.0,38363.0,40881.0,2725.0,-14373.0,2670.0,2500.0,3680.0,4509.0,4559.0,-1240.0,-974.0,-856.0,-989.0,-1224.0,-1278.0,-1273.0,68000.0,55000.0,54000.0,55000.0,58000.0,57000.0,56000.0,Baker Hughes Co,US05722G1004,Energy
BLDR UN Equity,Capital Goods,295.93701171875,1147.0,,,,,90.70700073242188,,18.19099998474121,,,,,,,,False,False,True,False,True,395.0,,,,4.800000190734863,,17.262100219726562,14.66670036315918,,,1.0,13.0,84.61540222167969,False,4.0,10.847200393676758,64.38459777832031,84.61540222167969,True,1.9166699647903442,23.076900482177734,3.0,6.0,,,149.97000122070312,229.3350067138672,232.2949981689453,236.00399780273438,239.59300231933594,,,1.725000023841858,67.69390106201172,64.07379913330078,63.083900451660156,56.34400177001953,,,,,,,,7280.431,8558.874,19893.856,22726.418,17097.33,16400.492,15190.638,3249.49,4173.671,10714.343,10595.16,10499.452,10583.086,11237.53,576.947,746.2180000000001,3067.785,4412.101000000001,2878.837,2301.056,1530.116,-112.87,-112.082,-227.891,-340.152,-476.335,-380.569,-362.602,15800.0,26000.0,28000.0,29000.0,29000.0,29000.0,28000.0,Builders FirstSource Inc,US12008R1077,Industrials
BLK UN Equity,Financial Services,,,,,,,,,,,,,,,,,True,True,True,True,True,,,,47.310001373291016,5.5,,42.400001525878906,28.899999618530273,,,,18.0,83.33329772949219,True,6.0,10.811400413513184,65.33329772949219,83.33329772949219,True,38.83330154418945,17.948699951171875,1.0,7.0,,4.294000148773193,5.86899995803833,6.894999980926514,6.982999801635742,7.188000202178955,,21.41900062561035,18.753000259399414,18.041000366210938,21.513999938964844,23.5,22.600000381469727,,344612.0,320229.0,341279.0,332329.0,2509320.0,2661320.0,,14539.0,16205.0,19374.0,17873.0,17859.0,20407.0,24216.0,168622.0,176982.0,152648.0,117628.0,123211.0,138615.0,169998.0,6189.0,7025.0,8706.0,6768.0,7401.0,8595.0,8805.0,-254.0,-194.0,-341.0,-533.0,-344.0,-255.0,-375.0,16200.0,16500.0,18400.0,19800.0,19800.0,21100.0,24900.0,Blackrock Inc,US09290D1019,Financials
BMY UN Equity,"Pharmaceuticals, Biotechnology",,1471.739990234375,,,,,,,,,,,,,Targets Set,1.5,True,True,True,False,True,97.0,,,,174.0,,,47.400001525878906,1.0,0.09000000357627869,,11.0,90.90910339355469,True,5.0,6.386360168457031,63.63639831542969,90.90910339355469,True,2.916670083999634,,1.0,18.0,93.0,202.3679962158203,192.0919952392578,212.27999877929688,208.53500366210938,206.7259979248047,,122.29499816894531,167.71800231933594,159.80799865722656,155.05599975585938,158.81700134277344,149.83599853515625,,17184.900390625,10360.099609375,1889.550048828125,1768.5,1750.949951171875,1611.1800537109375,,26145.0,42518.0,46385.0,46159.0,45006.0,48300.0,48194.0,129944.0,118481.0,109314.0,96820.0,95159.0,92603.0,90038.0,7770.0,1385.0,18277.0,18783.0,17348.0,2369.0,14246.0,-836.0,-753.0,-973.0,-1118.0,-1209.0,-1248.0,-1311.0,30000.0,30250.0,32200.0,34300.0,34100.0,34100.0,32500.0,Bristol-Myers Squibb Co,US1101221083,Health Care
BNY UN Equity,Financial Services,103.76699829101562,281.7829895019531,,,,,,,,,,,,,,,,True,,,,,,,,,,40.0,32.0,,,,12.0,83.33329772949219,False,5.0,6.886360168457031,61.58330154418945,83.33329772949219,True,4.583330154418945,52.38100051879883,1.0,16.0,75.0,5.919000148773193,6.214000225067139,7.519999980926514,7.146999835968018,8.637999534606934,9.565999984741211,130.2050018310547,107.97200012207031,89.6709976196289,94.37100219726562,96.11699676513672,93.35399627685547,94.20099639892578,434.9590148925781,359.57501220703125,332.2850036621094,237.81399536132812,246.031005859375,22.52199935913086,18.790000915527344,20838.0,16940.0,16158.0,20143.0,34000.0,39914.0,40762.0,381508.0,469633.0,444438.0,405783.0,409877.0,416064.0,472300.0,,,,,,,,-1210.0,-1222.0,-1215.0,-1346.0,-1220.0,-1469.0,-1553.0,48400.0,48500.0,49100.0,51700.0,53400.0,51800.0,48100.0,Bank of New York Mellon Corp/T,US0640581007,Financials
BR UN Equity,Commercial & Professional Serv,,146.97799682617188,,,,,,,,,,,,,Targets Set,1.5,,True,True,,True,,,,,,,,,,,0.0,,80.0,,,6.166669845581055,,,,7.75,29.268299102783203,,,,14.04800033569336,10.293999671936035,14.499300003051758,12.531000137329102,12.149999618530273,10.545999526977539,41.36199951171875,38.79399871826172,34.21200180053711,34.862701416015625,35.26599884033203,39.266998291015625,38.720001220703125,69.78299713134766,71.93099975585938,69.10399627685547,6389.81005859375,597.969970703125,545.2360229492188,357.0570068359375,4362.2,4529.0,4993.7,5709.1,6060.9,6506.8,6889.1,3880.7,4889.8,8119.8,8168.8,8233.2,8242.4,8545.0,912.7,965.1,1066.8000000000002,1223.9,1402.4,1534.9,1727.9999999999998,-50.6,-62.7,-51.9,-29.0,-38.4,-57.4,-43.8,11000.0,12000.0,13704.0,,14700.0,14600.0,15000.0,Broadridge Financial Solutions,US11133T1034,Industrials
BRK/B UN Equity,Financial Services,,,,,,,,,,,,,,,,,False,False,False,False,False,,,,,,,25.58049964904785,22.460599899291992,,,19.0,13.0,61.53850173950195,True,4.0,16.18589973449707,70.30770111083984,76.92310333251953,False,0.75,0.0,1.0,3.0,97.43589782714844,,,,,,,,,,,,,,,,,,,,,327223.0,286325.0,354745.0,234121.0,439337.0,371433.0,371444.0,817729.0,873729.0,958784.0,948465.0,1069978.0,1153881.0,1222176.0,116980.0,71118.0,127106.0,-15763.0,137217.0,128242.0,112241.0,-15979.0,-13012.0,-13276.0,-15464.0,-19409.0,-18976.0,-20927.0,391539.0,360174.0,371653.0,382651.0,396440.0,392396.0,387815.0,Berkshire Hathaway Inc,US0846707026,Financials
BRO UN Equity,Insurance,,,,,,,,,,,,,,,,,,,True,,,,,,,,,,,0.0,,,14.0,85.71430206298828,False,5.0,13.297599792480469,67.5,92.85710144042969,False,17.25,,1.0,8.0,75.0,,,,,,,,,,,,,,,,,,,,,2392.171,2613.375,3051.398,3573.4,4257.1,4805.0,5902.0,7622.821,8966.492,9795.443,13973.5,14883.4,17612.0,29991.0,766.7900000000001,869.894,1031.7959999999998,1257.1,1598.5,1776.0,2102.0,-73.108,-70.7,-45.045,-52.6,-68.9,-82.0,-68.0,10083.0,11136.0,12023.0,15201.0,16152.0,17403.0,22888.0,Brown & Brown Inc,US1152361010,Financials
BSX UN Equity,Health Care Equipment & Servic,213.28199768066406,671.8140258789062,,,,,,,,,,,,,Targets Set,1.5,,True,True,,True,,,,,,,49.900001525878906,40.20000076293945,,0.11999999731779099,,10.0,90.0,True,5.0,5.5,63.79999923706055,90.0,True,13.91670036315918,23.076900482177734,1.0,8.0,75.0,35.90800094604492,35.39500045776367,86.16600036621094,82.7040023803711,87.56700134277344,91.48799896240234,111.80799865722656,76.177001953125,79.7040023803711,93.13800048828125,101.6259994506836,112.86100006103516,121.79399871826172,1788.47998046875,1660.199951171875,1788.3800048828125,2035.8900146484375,1301.8900146484375,1663.8599853515625,,10735.0,9913.0,11888.0,12682.0,14240.0,16747.0,20074.0,30565.0,30777.0,32229.0,32469.0,35136.0,39395.0,43673.0,2609.0,1135.0,2382.0,2876.0,3635.0,3970.0,5098.0,-461.0,-376.0,-554.0,-588.0,-711.0,-790.0,-876.0,36000.0,38000.0,41000.0,45000.0,48000.0,53000.0,59000.0,Boston Scientific Corp,US1011371077,Health Care
BX UN Equity,Financial Services,11.979000091552734,,,,,,,,,,,,,,,,False,True,True,False,True,,,,,57.0,,,,,,,8.0,62.5,True,4.0,11.95829963684082,67.25,62.5,False,19.58329963684082,25.0,1.0,,,0.27900001406669617,0.2720000147819519,0.5419999957084656,0.4449999928474426,0.4659999907016754,0.5899999737739563,8.053000450134277,7.269999980926514,8.961000442504883,10.758999824523926,12.717000007629395,12.673999786376953,11.388999938964844,15.890000343322754,3.7309999465942383,8.677000045776367,17.57900047302246,18.57699966430664,19.722000122070312,21.851999282836914,7338.27,6101.927,22577.148,8517.673,8022.841,13229.968,14450.265,32585.506,26269.252,41196.408,42524.227,40287.53,43469.875,47708.975,3926.299,2887.9269999999997,13371.975,3928.0820000000003,3513.5909999999994,6890.23,7291.789000000001,-60.28,-111.65,-64.316,-235.497,-224.231,-61.409,-115.703,2905.0,3165.0,3795.0,4695.0,4735.0,4895.0,5285.0,Blackstone Inc,US09260D1072,Financials
BXP UN Equity,Equity Real Estate Investment,88.97100067138672,678.4749755859375,445.2539978027344,1619.75,,,21.1299991607666,,9.335000038146973,0.0,0.0,,,,Targets Set,1.5,False,True,True,False,True,,,,,418.20001220703125,,48.0,28.0,0.0,,14.0,11.0,81.81819915771484,True,3.0,8.825759887695312,66.54550170898438,81.81819915771484,True,13.5,18.75,1.0,8.0,75.0,11.694000244140625,15.315999984741211,15.805000305175781,14.15999984741211,12.63700008392334,11.166000366210938,109.18199920654297,91.86000061035156,92.98200225830078,101.26699829101562,80.63400268554688,80.54499816894531,77.80500030517578,,,153.3090057373047,198.41799926757812,196.4320068359375,139.97799682617188,240.4250030517578,2960.562,2765.686,2888.621,3108.581,3273.569,3407.719,3482.279,21284.905,22858.19,22365.258,24207.669,26026.149,26084.98,26166.164,1713.9360000000001,1603.021,1698.527,1821.0000000000002,1879.6060000000002,1922.1080000000002,1938.3809999999999,-154.183,-137.976,-222.26,-1320.273,-13.155,-35.366,-55.864,760.0,750.0,743.0,780.0,727.0,816.0,714.0,BXP Inc,US1011211018,Real Estate
C UN Equity,Banks,370.0299987792969,1082.47998046875,833.5079956054688,2905.419921875,,,15.784000396728516,,,,,,,,,,True,True,True,False,True,,,,,53.0,27.100000381469727,48.768699645996094,,,,,13.0,85.0,True,6.0,9.102560043334961,64.61540222167969,92.30770111083984,True,5.666669845581055,,1.0,34.0,75.0,22.267000198364258,48.57400131225586,60.0,52.665000915527344,52.09000015258789,50.790000915527344,575.3049926757812,485.7090148925781,438.99200439453125,438.1919860839844,345.9259948730469,332.4179992675781,319.239990234375,747.9130249023438,144391.0,100311.0,78550.0,75.05899810791016,69.46800231933594,55.435001373291016,103449.0,88839.0,79865.0,101078.0,156820.0,170757.0,168297.0,1951158.0,2260090.0,2291413.0,2416676.0,2411834.0,2352945.0,2657202.0,58053.0,31961.0,40475.0,49661.0,96670.0,111817.0,108090.0,-5336.0,-3446.0,-4119.0,-5632.0,-6583.0,-6500.0,-6520.0,200000.0,210000.0,223000.0,240000.0,239000.0,229000.0,226000.0,Citigroup Inc,US1729674242,Financials
CAH UN Equity,Health Care Equipment & Servic,,1294.8199462890625,,,,,,,,,,,,,Targets Set,1.5,,,,,,,,,,,,55.0,,,0.41999998688697815,7.0,,91.66670227050781,,,5.75,,,,4.083330154418945,37.5,,,,153.0,156.10000610351562,167.11500549316406,163.04400634765625,204.72300720214844,154.39500427246094,289.3919982910156,290.0,234.33900451660156,214.38900756835938,222.30799865722656,205.7100067138672,198.58299255371094,16.0,11.0,3.0,33384.1015625,21577.099609375,21907.5,19789.19921875,145534.0,152922.0,162467.0,181364.0,204979.0,226827.0,222578.0,40963.0,40766.0,44453.0,43878.0,43349.0,45121.0,53122.0,3060.0,-3051.0,1374.0,213.0,1556.0,2073.0,3222.0,-328.0,-375.0,-400.0,-387.0,-481.0,-511.0,-547.0,49500.0,48000.0,46354.0,45570.0,47040.0,48000.0,57700.0,Cardinal Health Inc,US14149Y1082,Health Care
CARR UN Equity,Capital Goods,,1344.8399658203125,,,,,,,,,,,,,Targets Set,1.5,,,,,,,,,,,,26.0,,,0.15000000596046448,43.189998626708984,10.0,80.0,True,4.0,5.128789901733398,64.30000305175781,80.0,True,7.333330154418945,16.66670036315918,1.0,7.0,98.0,186.81199645996094,205.25399780273438,195.00900268554688,157.18299865722656,147.34300231933594,,,196.0330047607422,261.7950134277344,243.4949951171875,249.3489990234375,285.07598876953125,,,,705908.0,,627829.0,570463.0,,18608.0,17456.0,20613.0,20421.0,18951.0,22486.0,21747.0,22406.0,25093.0,26172.0,26086.0,32822.0,37403.0,37190.0,2590.0,3212.0,2734.0,4633.0,2440.0,3647.0,3446.0,-243.0,-312.0,-344.0,-353.0,-439.0,-519.0,-392.0,52635.0,56000.0,58000.0,52000.0,53000.0,48000.0,47000.0,Carrier Global Corp,US14448C1045,Industrials
CASY UW Equity,Consumer Staples Distribution,608.60302734375,1051.47998046875,0.0,,,,,,,,,,,,,,False,True,True,True,True,1101.0,,,,4.199999809265137,,56.0,17.0,3.0,,0.0,11.0,90.90910339355469,True,4.0,6.4242401123046875,63.0,90.90910339355469,True,7.333330154418945,,1.0,5.0,100.0,,,,92.46600341796875,92.28600311279297,104.83300018310547,,,,,506.86199951171875,501.14300537109375,486.51800537109375,,,,,27768.80078125,,31494.900390625,9352.91,9175.296,8707.189,12952.594,15094.475,14862.913,15940.899,3731.376,3943.892,4460.314,5505.73,5943.27,6347.433,8208.118,563.4449999999999,646.641,719.2439999999999,807.962,961.81,1069.5720000000001,1226.356,-394.699,-438.977,-441.252,-326.475,-476.568,-522.004,-506.224,16891.0,17282.0,17960.0,20451.0,20292.0,20935.0,23338.0,Casey's General Stores Inc,US1475281036,Consumer Staples
CAT UN Equity,Capital Goods,1470.0,5638.89013671875,1804.43994140625,16164.400390625,,,733.0,,677.2919921875,,,,,,,,False,True,True,False,True,484.0,0.0,0.0,5.0,59.79999923706055,,24.0,,0.0,0.15000000596046448,,10.0,80.0,False,3.0,6.685180187225342,65.0999984741211,80.0,True,1.4166699647903442,,1.0,6.0,100.0,700.0,740.0,740.0,690.0,680.0,740.0,930.0,850.0,860.0,800.0,810.0,770.0,730.0,929000.0,571000.0,564000.0,606000.0,759000.0,680000.0,738000.0,53800.0,41748.0,50971.0,59427.0,67060.0,64809.0,67589.0,78453.0,78324.0,82793.0,81943.0,87476.0,87764.0,98585.0,11099.0,7189.0,9444.0,10310.0,15299.0,15410.0,13605.0,-2669.0,-2115.0,-2472.0,-2599.0,-3092.0,-3215.0,-4286.0,102300.0,97300.0,107700.0,109100.0,113200.0,112900.0,118000.0,Caterpillar Inc,US1491231015,Industrials
CB UN Equity,Insurance,89.4530029296875,177.2209930419922,,,,,,,,,,,,,,,True,True,True,False,True,,,,,,,51.0,42.0,,,,14.0,85.71430206298828,True,4.0,11.41670036315918,68.57140350341797,85.71430206298828,True,22.41670036315918,24.390199661254883,1.0,5.0,75.0,16.312999725341797,19.933000564575195,22.405000686645508,23.017000198364258,28.246000289916992,27.24799919128418,44.292999267578125,38.82699966430664,31.34000015258789,37.698001861572266,36.11600112915039,59.09000015258789,62.20500183105469,29.191999435424805,34.47600173950195,42.040000915527344,53.8489990234375,51.00299835205078,45.731998443603516,34.606998443603516,34186.0,35994.0,40963.0,43017.0,50042.0,55893.0,59690.0,176943.0,190774.0,200054.0,199017.0,230682.0,246548.0,272327.0,,,,,,,,0.0,0.0,0.0,0.0,0.0,0.0,0.0,33000.0,31000.0,31000.0,34000.0,40000.0,43000.0,45000.0,Chubb Ltd,CH0044328745,Financials
CBOE UF Equity,Financial Services,,37.698001861572266,,,,,,,,,,,,,,,,,True,,,,,,,,,31.0,30.0,,,,12.0,91.66670227050781,False,4.0,9.147439956665039,63.16669845581055,91.66670227050781,True,1.4166699647903442,25.0,1.0,11.0,75.0,1.8289999961853027,0.7170000076293945,0.02500000037252903,0.3840000033378601,0.08100000023841858,,17.56599998474121,15.555999755859375,15.923999786376953,13.039999961853027,13.138999938964844,13.116000175476074,,,,,31.584999084472656,32.94900131225586,38.099998474121094,,1136.9,1254.3,1476.1,1741.7,1918.0,2072.4,2429.1,5113.9,6516.5,6814.5,6998.9,7487.5,7789.1,9305.3,726.2,840.9000000000001,998.9,686.4000000000001,1250.4,1268.5,1627.4,-35.1,-47.4,-51.0,-59.8,-45.0,-60.9,-71.0,823.0,1010.0,1196.0,1543.0,1647.0,1685.0,1661.0,Cboe Global Markets Inc,US12503M1080,Financials
CBRE UN Equity,Real Estate Management & Devel,95.91200256347656,364.15301513671875,86.54499816894531,333.510009765625,,,2.515000104904175,,1.1299999952316284,,,,,,Targets Set,1.5,True,True,True,False,True,763.0,,,29.0,16.899999618530273,22.100000381469727,43.0,26.0,0.0,0.23999999463558197,17.0,10.0,80.0,True,4.0,7.900000095367432,60.79999923706055,90.0,False,13.83329963684082,22.222200393676758,1.0,7.0,75.0,82.61499786376953,47.44599914550781,47.35300064086914,58.426998138427734,62.20600128173828,60.516998291015625,42.090999603271484,43.20100021362305,46.59400177001953,39.7760009765625,36.88100051879883,38.608001708984375,35.39500045776367,21470.400390625,18707.19921875,17738.80078125,19293.30078125,17977.0,17920.400390625,17725.900390625,23894.091,23826.195,27746.036,30828.246,31949.0,35767.0,40550.0,16197.196,18039.143,22073.491,20513.389,22548.0,24383.0,30877.0,1884.471,1673.259,2357.7520000000004,2317.129,1954.0,2309.0,2991.0,-293.514,-266.575,-209.851,-260.14,-305.0,-307.0,-366.0,100000.0,100000.0,105000.0,115000.0,130000.0,140000.0,155000.0,CBRE Group Inc,US12504L1098,Real Estate
CCI UN Equity,Equity Real Estate Investment,,202.58099365234375,,,,,,,,,,,,,,,,True,True,,,,,,,,,31.0,30.0,,0.019999999552965164,0.0,10.0,90.0,False,5.0,6.25,59.099998474121094,90.0,True,1.0833300352096558,12.5,1.0,12.0,75.0,13.979000091552734,13.052000045776367,13.32800006866455,14.331999778747559,11.37399959564209,,95.87999725341797,63.82099914550781,57.7869987487793,60.32899856567383,55.270999908447266,52.11399841308594,,,,,0.6470000147819519,1639.8499755859375,1301.699951171875,,5763.0,5840.0,6340.0,6986.0,6981.0,4460.0,4264.0,38457.0,38768.0,39040.0,38921.0,38527.0,32736.0,31518.0,3763.0,4111.0,4291.0,4792.0,4831.0,2696.0,3364.0,0.0,0.0,0.0,0.0,0.0,0.0,0.0,5100.0,4900.0,5000.0,5000.0,4700.0,3900.0,4000.0,Crown Castle Inc,US22822V1017,Real Estate
CCL UN Equity,Consumer Services,9297.0,32743.0,,25892.0,,,295.0,103.0,83.0,,,,,,,,False,True,True,False,True,249.0,,,,,17.0,20.0,30.0,1.0,,48.0,11.0,81.81819915771484,False,4.0,15.772700309753418,67.09089660644531,81.81819915771484,True,4.166669845581055,40.0,1.0,6.0,75.0,6268.75,4409.0,8539.0,9610.0,9680.0,9263.0,47.0,28.20800018310547,29.0,43.0,38.0,34.0,34.0,9738.0,,,,7562.31005859375,8671.0,7882.0,20825.0,5595.0,1908.0,12168.0,21593.0,25021.0,26622.0,45058.0,53593.0,53344.0,51703.0,49120.0,49057.0,51687.0,5436.0,-6421.0,-4654.0,-1912.0,4539.0,6346.0,7506.0,-5429.0,-3620.0,-3607.0,-4940.0,-3284.0,-4626.0,-3611.0,104000.0,69000.0,39000.0,85000.0,106000.0,115000.0,115000.0,Carnival Corp Ltd,BMG2004J1036,Consumer Discretionary
CDNS UW Equity,Software & Services,41.09299850463867,117.89600372314453,111.11799621582031,173.0,,,,,,,,,,,Committed,,False,True,True,False,True,,,,,21.299999237060547,,25.0,,,0.10000000149011612,,10.0,90.0,False,4.0,9.590909957885742,66.30000305175781,90.0,True,4.833330154418945,7.692309856414795,1.0,12.0,75.0,5.848800182342529,6.258840084075928,7.709000110626221,2.85794997215271,2.0869998931884766,2.2109999656677246,31.79599952697754,28.783000946044922,23.75,25.79199981689453,25.510000228881836,30.240999221801758,38.88199996948242,454.0780029296875,422.00799560546875,145.6179962158203,241.84500122070312,324.2690124511719,324.7250061035156,361.54998779296875,2336.319,2682.891,2988.244,3561.718,4089.986,4641.264,5296.759,3357.225,3950.785,4386.299,5137.071,5669.491,8974.482,10153.148,649.2940000000001,830.936,964.6070000000001,1254.9389999999999,1453.322,1609.5249999999999,1790.716,-74.605,-94.813,-65.298,-123.215,-102.337,-142.542,-141.871,8100.0,8800.0,9298.0,10228.0,11200.0,12700.0,13800.0,Cadence Design Systems Inc,US1273871087,Information Technology
CDW UW Equity,Technology Hardware & Equipmen,,60.05970001220703,,,,,,,,,,,,,Targets Set,1.5,,,True,,,,,,,,,33.0,,,,0.0,11.0,90.90910339355469,True,4.0,8.601849555969238,65.09089660644531,90.90910339355469,True,7.75,31.578899383544922,1.0,5.0,75.0,3.1600000858306885,3.427000045776367,2.8329999446868896,3.5380001068115234,2.494999885559082,,,16.97599983215332,15.720999717712402,19.805999755859375,19.61400032043457,17.804000854492188,,,,11414.900390625,5630.9501953125,5565.02978515625,4864.56005859375,,18032.4,18467.5,20820.8,23748.7,21376.0,20998.7,22424.1,7999.4,9344.7,13199.4,13131.5,13284.6,14678.4,16028.2,1493.9999999999998,1657.8000000000002,1660.2,2087.8,2013.6000000000001,1986.6,2010.1999999999998,-236.3,-158.0,-100.0,-127.8,-148.2,-122.6,-117.1,9900.0,10000.0,13900.0,15100.0,15100.0,15100.0,14800.0,CDW Corp/DE,US12514G1085,Information Technology
CEG UW Equity,Utilities,7228.22998046875,38126.0,52.0,51192000.0,,,5.035999774932861,0.10899999737739563,,,,,,,,,False,True,True,False,True,36.0,1.0,1.0,,18.899999618530273,7.14093017578125,22.667699813842773,21.568599700927734,0.0,0.029999999329447746,23.0,12.0,91.66670227050781,False,6.0,3.810610055923462,65.0,91.66670227050781,True,4.666669845581055,9.090909957885742,3.0,7.0,75.0,7982.740234375,8237.6396484375,9102.080078125,9679.1796875,8400.0,6962.41015625,,,305.47100830078125,298.22601318359375,292.8909912109375,235.74600219726562,265.822998046875,,,81515.6015625,81398.8984375,87482.8984375,84580.8984375,85286.6015625,,17603.0,19649.0,24440.0,24918.0,23568.0,25533.0,,48094.0,48086.0,46909.0,50758.0,52926.0,57249.0,,3892.0,4194.0,2922.0,4124.0,7052.0,5687.0,,-1747.0,-1329.0,-1689.0,-2422.0,-2565.0,-2949.0,,3418.0,3274.0,3342.0,3343.0,3333.0,3584.0,Constellation Energy Corp,US21037T1097,Utilities
CF UN Equity,Materials,26252.0,105804.0,631.5280151367188,143189.0,,,,,,,,,,,,,True,True,True,False,True,8.0,0.0,0.0,,1.5,7.771389961242676,16.178499221801758,37.0,0.0,0.029999999329447746,5.0,13.0,84.61540222167969,False,4.0,8.651519775390625,62.76919937133789,84.61540222167969,True,0.75,33.33330154418945,1.0,8.0,75.0,18008.19921875,17200.0,17700.0,17800.0,26800.0,25600.0,883.6820068359375,828.0,694.0,711.0,707.0,646.0,652.0,,59230.0,49480.0,46670.0,45680.0,44300.0,46200.0,4590.0,4124.0,6538.0,11186.0,6631.0,5936.0,7084.0,12172.0,12023.0,12375.0,13313.0,14376.0,13466.0,14088.0,1978.0,1611.0,2672.0,6350.0,3220.0,2779.0,3324.0,-404.0,-309.0,-514.0,-453.0,-499.0,-518.0,-950.0,3000.0,2970.0,2970.0,2700.0,2700.0,2800.0,2900.0,CF Industries Holdings Inc,US1252691001,Materials
CFG UN Equity,Banks,37.332000732421875,140.44700622558594,,,,,,,,,,,,,,,False,False,True,False,False,,,,,20.0,,54.70000076293945,27.600000381469727,,,0.0,13.0,92.30770111083984,True,5.0,8.128210067749023,66.38459777832031,92.30770111083984,True,13.0,21.428600311279297,1.0,10.0,75.0,10.208999633789062,9.781999588012695,10.496999740600586,8.765000343322754,9.552000045776367,10.640999794006348,,31.392000198364258,29.599000930786133,38.35499954223633,32.78300094604492,28.843000411987305,26.69099998474121,81.82099914550781,13.753999710083008,27.39459991455078,26.624000549316406,18.033000946044922,22750.69921875,18226.5,8066.0,7676.0,6986.0,9069.0,12187.0,12362.0,12057.0,165733.0,183349.0,188409.0,226733.0,221964.0,217521.0,226351.0,,,,,,,,-95.0,-118.0,-124.0,-126.0,-172.0,-122.0,-174.0,17997.0,17584.0,17463.0,18889.0,17570.0,17287.0,17398.0,Citizens Financial Group Inc,US1746101054,Financials
CHD UN Equity,Household & Personal Products,131.30499267578125,433.0559997558594,,1578.2900390625,,,64.79299926757812,1.659000039100647,17.67840003967285,0.0,0.0,3.0,,,Targets Set,1.5,False,True,True,False,True,58.0,,,,2.4000000953674316,16.709999084472656,42.0,35.70000076293945,,,,11.0,90.90910339355469,False,6.0,11.7121000289917,62.63639831542969,90.90910339355469,True,1.5,14.285699844360352,1.0,6.0,75.0,71.59200286865234,71.81600189208984,71.53500366210938,67.80699920654297,71.08899688720703,66.13500213623047,74.85299682617188,60.97100067138672,62.555999755859375,59.529998779296875,59.472999572753906,62.62699890136719,65.16999816894531,2170.2900390625,2233.199951171875,2391.2099609375,2365.06005859375,2107.1201171875,2030.0699462890625,,4357.7,4895.8,5190.1,5375.6,5867.9,6107.1,6203.2,6657.4,7414.5,7996.5,8345.6,8569.2,8883.1,8912.4,1041.2,1247.1000000000001,1330.8999999999999,847.8,1314.3000000000002,1086.4,1367.2,-73.7,-98.9,-118.8,-178.8,-223.5,-179.8,-122.4,4800.0,5100.0,5100.0,5250.0,5550.0,5750.0,5550.0,Church & Dwight Co Inc,US1713401024,Consumer Staples
CHRW UW Equity,Transportation,23.860000610351562,80.55000305175781,10.034000396728516,,,,,0.0,,0.0,0.0,,,,,,False,True,True,False,True,33.0,0.0,0.0,,5.382400035858154,19.0,48.0,31.0,0.0,,,10.0,90.0,False,4.0,6.449999809265137,62.79999923706055,90.0,True,3.333329916000366,16.66670036315918,1.0,5.0,75.0,2.0450000762939453,2.134999990463257,3.0409998893737793,7.507999897003174,5.894000053405762,2.9660000801086426,30.075000762939453,31.584999084472656,30.13599967956543,24.680999755859375,24.531999588012695,32.3390007019043,20.893999099731445,,,17360.69921875,21359.400390625,17996.599609375,17844.5,17811.0,15309.508,16207.106,23102.138,24696.625,17596.443,17724.956,16232.763,4641.06,5144.258,7028.112,5954.564,5225.28,5297.926,5058.381,958.914,861.446,1258.888,1451.59,714.227,875.135,989.007,-36.29,-23.133,-34.197,-61.915,-29.989,-22.653,-19.628,15427.0,14888.0,16877.0,17399.0,15246.0,13781.0,11855.0,CH Robinson Worldwide Inc,US12541W2098,Industrials
CHTR UW Equity,Media & Entertainment,,4411.64013671875,,,,,,,,,,,,,,,,,,,,,,,,,,33.0,27.110000610351562,,,,13.0,92.30770111083984,False,4.0,7.339739799499512,57.692298889160156,92.30770111083984,True,3.833329916000366,,1.0,16.0,75.0,397.57501220703125,375.7090148925781,403.8070068359375,431.5039978027344,,,1191.1600341796875,1076.969970703125,1057.8199462890625,,,,,924.8920288085938,1014.6699829101562,1007.780029296875,929.7849731445312,957.3480224609375,,,45764.0,48097.0,51682.0,54022.0,54607.0,55085.0,54774.0,148188.0,144206.0,142491.0,144523.0,147193.0,150020.0,154213.0,16708.0,18413.0,20194.0,21347.0,21761.0,22307.0,22157.0,-7195.0,-7415.0,-7635.0,-9376.0,-11115.0,-11269.0,-11659.0,95100.0,96100.0,93700.0,101700.0,101100.0,94500.0,91900.0,Charter Communications Inc,US16119P1084,Communication Services
CI UN Equity,Health Care Equipment & Servic,91.5999984741211,274.70001220703125,,315.7179870605469,,,9.343999862670898,,2.299999952316284,,,,,,Committed,,True,True,True,False,True,142.0,,,,,24.0,69.0,42.0,,,1.0,12.0,83.33329772949219,True,4.0,9.305560111999512,61.75,83.33329772949219,True,0.25,35.29410171508789,1.0,7.0,75.0,12.687000274658203,12.5,14.600000381469727,16.600000381469727,22.700000762939453,20.5,117.03199768066406,116.26100158691406,98.5999984741211,86.9000015258789,84.5,87.5,71.0999984741211,23.69300079345703,8.394000053405762,2.799999952316284,10.5,15650.7998046875,12453.7998046875,12035.400390625,153566.0,160401.0,174069.0,180518.0,195265.0,247121.0,274900.0,155774.0,155451.0,154889.0,143885.0,152761.0,155881.0,157919.0,11916.0,11145.0,11034.0,11511.0,11686.0,12192.0,11975.0,-1050.0,-1094.0,-1154.0,-1295.0,-1573.0,-1406.0,-1212.0,73700.0,73700.0,73700.0,71300.0,72500.0,73500.0,67700.0,Cigna Group/The,US1255231003,Health Care
CIEN UN Equity,Technology Hardware & Equipmen,1.5670000314712524,94.18099975585938,87.51499938964844,89.83100128173828,,,0.5019999742507935,,,,,0.0,0.0,,Targets Set,1.5,False,True,True,False,True,,0.0,0.0,,4.409999847412109,,21.799999237060547,18.5,0.0,,1.0,9.0,88.88890075683594,False,4.0,14.092599868774414,70.11109924316406,88.88890075683594,True,25.41670036315918,20.0,3.0,11.0,75.0,1.9757000207901,2.686000108718872,2.500999927520752,2.135999917984009,1.709380030632019,1.565999984741211,16.13800048828125,15.61400032043457,2.3350000381469727,8.208000183105469,0.03200000151991844,0.0,0.0010000000474974513,2268.7900390625,1978.02001953125,1873.239990234375,1824.3900146484375,2426.8701171875,1687.4599609375,1980.969970703125,3572.131,3532.157,3620.684,3632.661,4386.549,4014.955,4769.507,3893.346,4180.917,4865.227,5069.632,5601.495,5641.337,5864.667,469.478,637.035,644.2239999999999,380.977,515.8050000000001,313.682,351.476,-62.579,-82.667,-79.55,-90.818,-106.197,-136.641,-140.801,6383.0,7032.0,7241.0,8079.0,8483.0,8657.0,9080.0,Ciena Corp,US1717793095,Information Technology
CINF UW Equity,Insurance,,65.52739715576172,,,,,,,,,,,,,,,,,True,,,,,,,,,47.0,,,,,14.0,71.42859649658203,False,7.0,13.455599784851074,64.92859649658203,92.85710144042969,True,2.416670083999634,,1.0,5.0,100.0,12.572999954223633,13.357000350952148,14.348999977111816,13.885000228881836,14.27299976348877,,9.338000297546387,7.7210001945495605,7.02400016784668,6.293000221252441,6.021999835968018,6.202000141143799,,,,,,,,,7924.0,7536.0,9630.0,6557.0,10013.0,11337.0,12631.0,25408.0,27542.0,31387.0,29732.0,32769.0,36501.0,41002.0,,,,,,,,-24.0,-20.0,-15.0,-15.0,-18.0,-22.0,-20.0,5184.0,5266.0,5166.0,5148.0,5426.0,5624.0,5705.0,Cincinnati Financial Corp,US1720621010,Financials
CL UN Equity,Household & Personal Products,608.6920166015625,2025.0,,,,,,,,,,,,,Targets Set,1.5,True,True,True,,True,,,,,48.0,,42.0,35.0,,0.09000000357627869,,10.0,90.0,True,5.0,7.727270126342773,63.599998474121094,90.0,True,7.5,,1.0,9.0,75.0,204.0,219.0,196.0,218.0,206.0,198.9459991455078,,390.0,370.29998779296875,369.0,384.0,384.0,409.7460021972656,48680.0,45721.0,40539.0,41437.0,41751.0,40429.0,39845.8984375,15693.0,16471.0,17421.0,17967.0,19457.0,20101.0,20382.0,15034.0,15920.0,15040.0,15731.0,16393.0,16046.0,16330.0,4242.0,4579.0,4029.0,3575.0,4685.0,5015.0,4087.0,-335.0,-410.0,-567.0,-696.0,-705.0,-561.0,-564.0,34300.0,34200.0,33800.0,33800.0,34000.0,34000.0,33600.0,Colgate-Palmolive Co,US1941621039,Consumer Staples
CLX UN Equity,Household & Personal Products,,707.385009765625,,,,,,,,,,,,,Targets Set,1.5,,True,True,,True,58.0,,,,,,35.0,54.0,,,,,91.66670227050781,,,6.598480224609375,,,,6.083330154418945,61.53850173950195,,,,64.48400115966797,75.16400146484375,72.78399658203125,65.50399780273438,65.50399780273438,69.99800109863281,199.0,170.3699951171875,184.37899780273438,166.3070068359375,158.89199829101562,158.89199829101562,149.16799926757812,307.75,283.6510009765625,3716.050048828125,590.3930053710938,3111.419921875,3111.419921875,3264.6298828125,6214.0,6721.0,7341.0,7107.0,7389.0,7093.0,7104.0,5116.0,6213.0,6334.0,6158.0,5945.0,5751.0,5561.0,1304.0,1454.0,1211.0,1057.0,733.0,844.0,1398.0,-206.0,-254.0,-331.0,-251.0,-228.0,-212.0,-220.0,8800.0,8800.0,9000.0,9000.0,,8000.0,7600.0,Clorox Co/The,US1890541097,Consumer Staples
CMCSA UW Equity,Telecommunication Services,1758.0,5746.0,795.0,,,,,,,,,,,,Targets Set,1.5,,True,True,,,,,,,,,37.099998474121094,45.29999923706055,,,,10.0,90.0,True,3.0,12.31820011138916,67.0999984741211,90.0,True,23.91670036315918,37.0369987487793,1.0,9.0,75.0,478.0,481.0,472.0,429.0,413.0,407.0,1831.0,1710.0,1556.0,1502.0,1536.0,1489.0,1351.0,12311.0,11314.0,11135.0,10890.0,10789.0,9544.0,,108942.0,103564.0,116385.0,121427.0,121572.0,123731.0,123707.0,263414.0,273869.0,275905.0,257275.0,264811.0,266211.0,272631.0,35178.0,31693.0,35821.0,29062.0,38850.0,39299.0,38082.0,-9953.0,-9179.0,-9174.0,-10626.0,-12242.0,-12181.0,-11750.0,190000.0,,189000.0,186000.0,186000.0,182000.0,179000.0,Comcast Corp,US20030N1019,Communication Services
CME UW Equity,Financial Services,7.630000114440918,19.277299880981445,,,,,,,,,,,,,,,,True,True,,True,,,,,,,32.0,54.0,,,,19.0,94.73680114746094,True,6.0,14.903499603271484,65.57890319824219,94.73680114746094,True,9.916669845581055,33.33330154418945,1.0,9.0,75.0,0.18000000715255737,0.16099999845027924,0.1340000033378601,0.3089999854564667,0.23999999463558197,0.15399999916553497,,19.76099967956543,19.812000274658203,19.573999404907227,10.447999954223633,8.772000312805176,7.47599983215332,,145.82899475097656,146.75399780273438,145.73800659179688,80.75299835205078,124.45800018310547,131.85899353027344,4868.0,4883.6,4689.7,5019.4,5578.9,6130.1,6520.6,75215.3,124659.6,196780.3,174175.7,129706.1,137447.0,198424.2,3123.2000000000003,3154.6000000000004,3083.4,3424.8,3833.6,4309.900000000001,4585.2,-245.6,-197.5,-127.2,-89.7,-76.4,-94.0,-83.5,4360.0,4370.0,3480.0,3460.0,3565.0,3760.0,3875.0,CME Group Inc,US12572Q1058,Financials
CMG UN Equity,Consumer Services,361.6440124511719,53.6411018371582,43.44929885864258,8715.58984375,,,309.8869934082031,,,,,,,,Targets Set,1.5,False,True,True,False,True,,,,,10.0,,49.25210189819336,34.369998931884766,,,,10.0,90.0,False,3.0,7.808330059051514,58.5,90.0,True,2.166670083999634,37.5,1.0,5.0,75.0,118.2959976196289,126.3740005493164,137.56900024414062,145.47799682617188,158.5260009765625,178.7220001220703,129.3509979248047,125.86799621582031,131.43099975585938,140.8300018310547,154.5570068359375,164.18299865722656,182.9219970703125,3632.699951171875,1478.8299560546875,4046.18994140625,3884.449951171875,4099.75,4865.7099609375,4939.9599609375,5586.369,5984.634,7547.061,8634.652,9871.649,11313.853,11925.601,5104.604,5982.896,6652.958,6927.504,8044.362,9204.374,8994.531,961.9369999999999,858.988,1418.984,1838.8970000000002,2308.755,2734.402,2837.9709999999995,-333.912,-373.352,-442.475,-479.164,-560.731,-593.603,-666.336,83000.0,88000.0,97660.0,104958.0,116068.0,130504.0,130301.0,Chipotle Mexican Grill Inc,US1696561059,Consumer Discretionary
CMI UN Equity,Capital Goods,,2568.909912109375,,,,,,,,,,,,,Targets Set,1.5,,,True,,,,,,,,,27.0,37.0,,0.25,29.670000076293945,12.0,91.66670227050781,True,7.0,7.772729873657227,63.66669845581055,91.66670227050781,True,4.166669845581055,30.76919937133789,1.0,5.0,75.0,295.2340087890625,375.5379943847656,353.36199951171875,355.27899169921875,347.4389953613281,,593.9359741210938,504.7850036621094,534.3619995117188,500.5,502.7170104980469,530.5850219726562,,931910.0,757353.0,1169970.0,1119010.0,1176370.0,1076560.0,,23571.0,19811.0,24021.0,28074.0,34065.0,34102.0,33670.0,19737.0,22624.0,23710.0,30299.0,32005.0,31540.0,33992.0,3552.0,3114.0,3540.0,3873.0,2950.0,5002.0,5314.0,-700.0,-528.0,-734.0,-916.0,-1213.0,-1208.0,-1235.0,61615.0,57825.0,59900.0,73600.0,75500.0,69600.0,67400.0,Cummins Inc,US2310211063,Industrials
CMS UN Equity,Utilities,,50026.69921875,,,,,,,,,,,,,,,,,True,,,195.0,,,,,,26.0,38.0,,1.0,44.0,9.0,88.88890075683594,False,4.0,8.189390182495117,64.0,88.88890075683594,True,5.833330154418945,41.17649841308594,1.0,8.0,75.0,10934.0,13829.7998046875,17674.80078125,16083.7998046875,18450.900390625,,5150.0,5257.0,4643.68994140625,65.28199768066406,55.382999420166016,55.382999420166016,,20574.5,18676.69921875,16881.599609375,23556.80078125,23554.900390625,20881.5,,6624.0,6418.0,7329.0,8596.0,7462.0,7515.0,8539.0,26837.0,29666.0,28753.0,31353.0,33517.0,35920.0,39941.0,2115.0,2282.0,2268.0,2356.0,2421.0,2733.0,3037.0,-2097.0,-2311.0,-2076.0,-2374.0,-2407.0,-3018.0,-3824.0,8128.0,8148.0,8509.0,8560.0,8356.0,8324.0,8350.0,CMS Energy Corp,US1258961002,Utilities
CNC UN Equity,Health Care Equipment & Servic,45.707000732421875,125.16600036621094,,,,,,,,,,,,,,,False,True,True,False,True,,,,,,11.600000381469727,77.0,,,,,9.0,77.77780151367188,False,4.0,5.666669845581055,65.22219848632812,88.88890075683594,True,4.583330154418945,55.555599212646484,1.0,13.0,75.0,18.04199981689453,20.51099967956543,13.694000244140625,9.998000144958496,7.824999809265137,9.267999649047852,100.04100036621094,107.375,98.19300079345703,77.5739974975586,54.95899963378906,36.388999938964844,36.43899917602539,2756.3701171875,2714.419921875,1714.6099853515625,1861.0,1337.18994140625,1184.4200439453125,1122.1400146484375,74639.0,111115.0,125982.0,144547.0,153999.0,163071.0,194777.0,40994.0,68719.0,78375.0,76870.0,84641.0,82445.0,76747.0,2627.0,4682.0,3650.0,3300.0,4572.0,4524.0,-6249.0,-730.0,-869.0,-910.0,-1004.0,-799.0,-644.0,-767.0,56600.0,71300.0,72500.0,74300.0,67700.0,60500.0,61100.0,Centene Corp,US15135B1017,Health Care
CNP UN Equity,Utilities,,,,,,,,,,,,,,,,,,,,,,,,,,,,24.0,41.269798278808594,,1.2200000286102295,42.0,10.0,90.0,True,5.0,3.6742401123046875,59.20000076293945,90.0,True,2.75,25.0,1.0,8.0,75.0,5237.27001953125,7049.16015625,4853.990234375,5170.85986328125,2750.949951171875,,,58.56999969482422,46.93299865722656,37.388999938964844,46.0260009765625,88.50299835205078,,29720.30078125,26636.80078125,28401.599609375,26410.30078125,23551.80078125,23582.599609375,,7564.0,7418.0,8352.0,9321.0,8696.0,8643.0,9357.0,35529.0,33471.0,37679.0,38546.0,39715.0,43768.0,46534.0,2389.0,2239.0,2687.0,2860.0,3167.0,3435.0,3648.0,-2506.0,-2596.0,-3164.0,-4419.0,-4401.0,-4513.0,-4870.0,14262.0,9541.0,9418.0,8986.0,8827.0,8872.0,8794.0,CenterPoint Energy Inc,US15189T1079,Utilities
COF UN Equity,Financial Services,,237.01400756835938,,,,,,,,,,,,,,,,,,,,,,,,,,49.5,33.79999923706055,,,,14.0,92.85710144042969,True,5.0,9.557689666748047,63.285701751708984,92.85710144042969,True,31.91670036315918,25.0,1.0,15.0,75.0,7.951000213623047,7.380000114440918,7.296000003814697,8.609999656677246,7.250999927520752,,155.99000549316406,111.09700012207031,95.91100311279297,83.8499984741211,77.78199768066406,71.88800048828125,,768.6589965820312,557.4550170898438,618.010986328125,679.6179809570312,518.1589965820312,512.5029907226562,,33766.0,31643.0,32033.0,38373.0,49484.0,53938.0,69252.0,390365.0,421602.0,432381.0,455249.0,478464.0,490144.0,669009.0,15676.0,10113.0,21170.0,16837.0,22191.0,24183.0,23598.0,-887.0,0.0,-698.0,-934.0,-961.0,-1204.0,-1578.0,51900.0,51985.0,50800.0,56000.0,51987.0,52600.0,76300.0,Capital One Financial Corp,US14040H1059,Financials
COHR UN Equity,Technology Hardware & Equipmen,,838.6279907226562,,,,,,,,,,,,,,,,True,True,,,,,,,,,47.0,,,0.09000000357627869,,,92.85710144042969,,,7.547619819641113,,,,2.333329916000366,25.0,,,,,35.52299880981445,34.81399917602539,53.645999908447266,44.90299987792969,38.145999908447266,,,268.71600341796875,258.27801513671875,291.7070007324219,286.6050109863281,310.5880126953125,,,,,180.4739990234375,809.4929809570312,979.1300048828125,1362.496,2380.071,3105.891,3316.616,5160.1,4707.688,5810.115,1953.773,5234.714,6512.65,7844.846,13711.133,14488.634,14910.936,241.03300000000004,292.459,709.5490000000001,737.2819999999999,697.694,708.7909999999998,902.6889999999999,-137.122,-136.877,-146.337,-314.332,-436.06,-346.816,-440.836,12487.0,22969.0,22961.0,23658.0,26622.0,26157.0,30216.0,Coherent Corp,US19247G1076,Information Technology
COIN UW Equity,Financial Services,,,,,,,,,,,,,,,,,False,False,False,False,False,,,,,,,,,,,,10.0,80.0,True,3.0,6.483329772949219,52.29999923706055,90.0,True,14.41670036315918,42.85710144042969,1.0,4.0,75.0,,,,,,,,,,,,,,,,,,,,,533.735,1277.481,7839.444,3194.208,3108.383,6564.028,7181.325,2391.769,5855.414,21274.425,89724.873,14753.901,22541.951,29671.832,-11.483999999999998,470.144,3174.295,-2519.415,18.408999999999985,2434.678,1623.8690000000001,-33.521,-9.913,-24.983,-63.971,-63.202,0.0,0.0,,1249.0,3730.0,4510.0,3416.0,3772.0,4951.0,Coinbase Global Inc,US19260Q1076,Financials
COO UW Equity,Health Care Equipment & Servic,97.02200317382812,483.7349853515625,,,,,32.00199890136719,,28.79599952697754,,,,,,,,True,True,True,False,True,,,,,,,49.0,42.0,,1.5099999904632568,,8.0,87.5,False,3.0,7.0,66.25,87.5,True,8.416669845581055,20.0,1.0,6.0,75.0,29.104000091552734,9.33899974822998,29.715999603271484,58.4900016784668,58.154998779296875,64.52799987792969,53.72100067138672,95.27400207519531,79.61799621582031,53.70600128173828,28.486000061035156,30.031999588012695,32.49399948120117,,,,618.3720092773438,0.0,,,2653.4,2430.9,2922.5,3308.4,3593.2,3895.4,4092.4,6274.5,6737.5,9606.2,11492.3,11658.9,12315.2,12394.8,827.5,640.1000000000001,859.2,898.7,948.9,1128.2000000000003,1116.5,-292.1,-310.4,-214.4,-242.0,-392.5,-421.2,-362.4,12000.0,12000.0,12000.0,14000.0,15000.0,16000.0,15000.0,Cooper Cos Inc/The,US2166485019,Health Care
COP UN Equity,Energy,,72912.0,,164400.0,46.10710144042969,0.14000000059604645,787.8690185546875,,30.267000198364258,,,48.0,0.05866599828004837,,,,,True,,,,,,,10.890000343322754,,,26.0,26.0,0.0,0.03999999910593033,,13.0,84.61540222167969,True,6.0,7.738100051879883,64.30770111083984,92.30770111083984,True,0.08333329856395721,37.5,1.0,6.0,75.0,15500.0,17700.0,15000.0,16400.0,15500.0,18367.0,1000.0,700.0,1000.0,1060.0,1001.0,,,195165.0,162700.0,197600.0,207900.0,217900.0,261000.0,282700.0,32567.0,18784.0,45828.0,78494.0,56141.0,54745.0,58944.0,70514.0,62618.0,90661.0,93829.0,95924.0,122780.0,121939.0,14662.0,3778.0,19369.0,34267.0,23739.0,22678.0,23994.0,-6636.0,-4715.0,-5324.0,-10159.0,-11248.0,-12118.0,-12553.0,10400.0,9700.0,9900.0,9500.0,9900.0,11800.0,9900.0,ConocoPhillips,US20825C1045,Energy
COR UN Equity,Health Care Equipment & Servic,273.11199951171875,827.4710083007812,,,,,60.60100173950195,1.944000005722046,,,,,,,Targets Set,1.5,False,True,True,False,True,,,,,8.600000381469727,,51.0,38.0,,0.7699999809265137,24.0,11.0,81.81819915771484,True,3.0,4.708330154418945,63.272701263427734,81.81819915771484,True,2.0,27.2726993560791,1.0,14.0,75.0,96.17430114746094,112.93699645996094,124.04499816894531,108.71199798583984,135.08700561523438,189.9550018310547,108.0479965209961,96.04759979248047,101.65799713134766,97.35569763183594,90.6520004272461,88.6989974975586,83.15699768066406,19881.900390625,25.777700424194336,22338.19921875,23627.19921875,25878.900390625,40504.0,46143.69921875,179589.121,189893.926,213988.843,238587.006,262173.411,293958.599,321332.819,39171.98,44274.83,57337.805,56560.616,62558.746,67101.667,76590.112,1609.435,-4609.197,3030.0370000000003,3297.148,3556.146,3539.506,4000.839,-310.222,-369.677,-438.217,-496.318,-458.359,-487.173,-667.981,21000.0,21000.0,38000.0,39000.0,46000.0,46000.0,47000.0,Cencora Inc,US03073E1055,Health Care
COST UW Equity,Consumer Staples Distribution,,6789.72021484375,,17792.19921875,,,1864.9000244140625,,,,,,,,,,False,True,True,False,True,,,,,11.0,22.399999618530273,45.599998474121094,,,,5.0,9.0,88.88890075683594,False,4.0,11.399999618530273,66.77780151367188,88.88890075683594,True,2.75,,1.0,4.0,100.0,1205.6199951171875,1218.3800048828125,1405.6400146484375,1400.0,1300.0,,1473.8699951171875,1457.4100341796875,1428.75,1425.97998046875,1500.0,1500.0,,,141812.0,155281.0,171274.0,190320.0,179720.0,,152703.0,166761.0,195929.0,226954.0,242290.0,254453.0,275235.0,45400.0,55556.0,59268.0,64166.0,68994.0,69831.0,77099.0,6229.0,7332.0,8785.0,9990.0,10500.0,11806.0,13080.0,-2998.0,-2810.0,-3588.0,-3891.0,-4323.0,-4710.0,-5498.0,254000.0,273000.0,288000.0,304000.0,316000.0,333000.0,341000.0,Costco Wholesale Corp,US22160K1051,Consumer Staples
CPAY UN Equity,Financial Services,,,,,,,,,,,,,,,,,,,,,,,,,,,,50.0,17.0,,,,11.0,90.90910339355469,True,4.0,11.0625,66.90910339355469,90.90910339355469,True,26.16670036315918,14.285699844360352,1.0,7.0,100.0,,,,,,,,,,,,,,,,,,,,,2648.848,2388.855,2833.736,3427.129,3757.719,3974.589,4528.403,12248.541,11194.579,13404.653,14089.26,15476.252,17957.031,26408.135,1526.14,1247.766,1526.752,1768.923,1993.477,2138.245,2387.411,-75.17,-78.425,-111.53,-151.428,-153.822,-175.176,-200.756,8700.0,8400.0,9700.0,9900.0,10500.0,11200.0,11800.0,Corpay Inc,US2199481068,Financials
CPRT UW Equity,Commercial & Professional Serv,102.0999984741211,399.6000061035156,,,,,,,,,,,,,,,False,True,True,False,True,,,,,0.800000011920929,,41.0,,,,,12.0,75.0,False,5.0,17.513900756835938,61.91669845581055,83.33329772949219,True,0.25,25.0,1.0,5.0,75.0,55.70000076293945,55.400001525878906,60.70000076293945,78.80000305175781,91.80000305175781,90.4000015258789,,14.100000381469727,13.399999618530273,13.5,14.199999809265137,13.699999809265137,11.699999809265137,,,,,,,,2041.957,2205.583,2692.511,3500.921,3869.518,4236.823,4646.958,2547.617,3455.261,4562.143,5308.864,6737.879,8427.764,10090.902,801.809,951.984,1287.812,1541.27,1672.899,1788.501,1942.881,-373.883,-591.972,-462.996,-337.448,-516.636,-510.99,-568.99,7327.0,7600.0,8600.0,9500.0,10200.0,11700.0,11600.0,Copart Inc,US2172041061,Industrials
CPT UN Equity,Equity Real Estate Investment,,355.3900146484375,,,,,,,,,,,,,,,,True,,,,,,,,,,40.0,39.02000045776367,,,,11.0,72.72730255126953,True,3.0,16.13330078125,62.09090042114258,72.72730255126953,True,0.5833330154418945,,1.0,5.0,100.0,62.487998962402344,12.878999710083008,15.060999870300293,14.62600040435791,14.163000106811523,,97.66000366210938,111.94999694824219,60.18299865722656,58.387001037597656,96.12699890136719,90.58300018310547,,,,,,,,,1037.157,1054.637,1154.117,1427.944,1545.478,1550.979,1586.511,6748.504,7198.952,7976.784,9327.935,9383.737,8852.144,9042.989,589.4599999999999,581.0319999999999,649.774,841.033,901.329,881.878,902.431,-407.558,-427.247,-428.714,-449.431,-410.934,-393.735,-440.402,1650.0,1700.0,1700.0,1650.0,1640.0,1660.0,1640.0,Camden Property Trust,US1331311027,Real Estate
CRH UN Equity,Materials,29000.0,50000.0,11000.0,254800.0,60.28260040283203,,2400.0,20.0,2000.0,,0.2460000067949295,,,50.0,Targets Set,1.5,True,True,True,False,True,,1.0,3.0,106.48899841308594,9.199999809265137,24.0,16.0,20.0,2.0,0.3100000023841858,18.0,12.0,91.66670227050781,False,6.0,6.115379810333252,63.91669845581055,91.66670227050781,True,1.8333300352096558,20.0,1.0,13.0,75.0,32400.0,33400.0,31200.0,28700.0,27200.0,26900.0,2600.0,2600.0,2600.0,2300.0,2200.0,2200.0,2100.0,13600.0,10900.0,12700.0,12900.0,13100.0,17400.0,17500.0,28132.0,27587.0,29206.0,32723.0,34949.0,35572.0,37447.0,47612.0,44944.0,44670.0,45319.0,47469.0,50613.0,58329.0,4580.0,3957.0,5096.0,5389.0,5822.0,6730.0,7618.0,-1374.0,-996.0,-1554.0,-1523.0,-1817.0,-2578.0,-2713.0,80251.0,77099.0,77446.0,75838.0,78500.0,79800.0,82032.0,CRH PLC,IE0001827041,Materials
CRL UN Equity,"Pharmaceuticals, Biotechnology",,775.739013671875,,,,,,,,,,,,,Targets Set,1.5,,,,,,,,,,,,58.512001037597656,42.400001525878906,,2.4100000858306885,0.0,11.0,81.81819915771484,True,3.0,6.611110210418701,63.454498291015625,90.90910339355469,True,0.41666701436042786,60.0,1.0,7.0,75.0,89.72000122070312,89.00499725341797,90.00299835205078,85.7239990234375,81.6780014038086,,48.236000061035156,79.3010025024414,77.70899963378906,80.57099914550781,99.89099884033203,101.91100311279297,,334.8290100097656,311.5849914550781,343.218994140625,421.22698974609375,436.06500244140625,325.4049987792969,,2621.226,2923.933,3540.16,3976.06,4129.409,4049.989,4015.382,4692.79,5490.831,7024.292,7602.77,8195.001,7528.345,7135.422,579.137,698.945,899.1220000000001,1012.604,994.698,657.99,496.47,-140.514,-166.56,-228.772,-324.733,-318.528,-232.967,-219.152,17100.0,18400.0,18600.0,20000.0,21800.0,21800.0,19700.0,Charles River Laboratories Int,US1598641074,Health Care
CRM UN Equity,Software & Services,230.0,765.0,,473.0,,,,,,,,,,,Targets Set,1.5,True,True,True,False,True,,,,,101.0,,35.20000076293945,29.299999237060547,,,,14.0,78.57140350341797,True,4.0,8.94871997833252,63.785701751708984,78.57140350341797,True,24.91670036315918,21.428600311279297,1.0,6.0,75.0,7.0,1.0,6.0,4.0,3.0,6.0,322.0,334.0,303.0,297.0,280.0,315.0,293.0,821.0,1035.0,788.0,911.0,1059.0,1256.0,1289.0,13282.0,17098.0,21252.0,26492.0,31352.0,34857.0,37895.0,30737.0,55126.0,66301.0,95209.0,98849.0,99823.0,102928.0,1882.0,3345.0,4509.0,4926.0,5802.0,10011.0,11366.0,-595.0,-643.0,-710.0,-717.0,-798.0,-736.0,-658.0,35995.0,49000.0,56606.0,73541.0,79390.0,72682.0,76453.0,Salesforce Inc,US79466L3024,Information Technology
CRWD UW Equity,Software & Services,33.74800109863281,113.30500030517578,49.28770065307617,,,,,,,,,,,,Targets Set,1.5,False,True,True,False,True,,,,,,,,,,,,9.0,88.88890075683594,False,3.0,10.814800262451172,62.0,88.88890075683594,True,14.91670036315918,11.764699935913086,3.0,9.0,75.0,,,,,,3.2049999237060547,,,,,,,26.506999969482422,,,,,,,155.69400024414062,249.824,481.413,874.438,1451.594,2241.236,3055.555,3953.624,433.219,1404.906,2732.533,3618.381,5026.54,6646.52,8701.578,-121.46600000000001,-122.55199999999998,-42.077999999999996,-62.476,-85.21799999999999,158.76899999999998,110.85199999999998,-42.645,-87.487,-63.663,-133.009,-264.114,-225.986,-313.821,1455.0,2309.0,3394.0,4965.0,7273.0,7925.0,10118.0,Crowdstrike Holdings Inc,US22788C1053,Information Technology
CSCO UW Equity,Technology Hardware & Equipmen,,1572.6500244140625,,,,,,,,,,,,,Targets Set,1.5,,True,,,,,,,,,,29.0,36.0,,,,,90.0,,,7.266670227050781,,,False,11.25,25.0,,,,39.222999572753906,26.694000244140625,34.930599212646484,39.513999938964844,32.5620002746582,,651.3309936523438,607.968994140625,579.4450073242188,564.0120239257812,567.6370239257812,563.5180053710938,,20803.0,21534.19921875,20390.5,17837.69921875,22115.0,17092.30078125,,51904.0,49301.0,49818.0,51557.0,56998.0,53803.0,56654.0,97793.0,94853.0,97497.0,94002.0,101852.0,124413.0,122291.0,16116.0,15856.0,15094.0,16316.0,17182.0,15108.0,15066.0,-909.0,-770.0,-692.0,-477.0,-849.0,-670.0,-905.0,75900.0,77500.0,79500.0,83300.0,84900.0,90400.0,65700.0,Cisco Systems Inc,US17275R1023,Information Technology
CSGP UW Equity,Real Estate Management & Devel,13.61299991607666,52.810001373291016,19.132999420166016,11.180500030517578,,,,0.0,,,,,,,Targets Set,1.5,False,True,True,False,True,58.0,,,,,,37.92449951171875,28.953800201416016,0.0,,0.0,8.0,87.5,False,4.0,9.489580154418945,63.375,87.5,False,27.16670036315918,31.818199157714844,1.0,8.0,75.0,,,3.0250000953674316,3.1630001068115234,3.427999973297119,3.799999952316284,,,,7.421999931335449,8.079000473022461,8.678000450134277,9.812999725341797,,,,88.20359802246094,117.0780029296875,194.54100036621094,158.1909942626953,1399.719,1659.019,1944.135,2182.399,2455.0,2736.2,3247.0,3853.986,6915.42,7256.871,8402.47,8919.7,9256.8,10538.0,472.30500000000006,438.981,606.774,622.465,425.5,192.6,230.0,-46.197,-48.347,-188.984,-93.743,-142.8,-637.9,-389.0,4337.0,4752.0,4742.0,5653.0,6152.0,6550.0,8000.0,CoStar Group Inc,US22160N1090,Real Estate
CSX UW Equity,Transportation,,17145.0,,,,,,,,,,,,,Targets Set,Well-below 2,,True,True,,True,216.0,,,,,,5.0,33.33000183105469,1.0,,75.01629638671875,12.0,83.33329772949219,False,5.0,8.333330154418945,66.91670227050781,91.66670227050781,True,1.0833300352096558,20.0,1.0,9.0,75.0,3815.52001953125,3956.080078125,4080.64990234375,4240.93994140625,4279.52001953125,,195.6060028076172,185.21600341796875,173.31700134277344,178.78599548339844,179.75399780273438,169.5709991455078,,2450.219970703125,2559.85009765625,325.1679992675781,221.32200622558594,2107.56005859375,1791.3399658203125,,11937.0,10583.0,12522.0,14853.0,14657.0,14540.0,14092.0,38257.0,39793.0,40531.0,41912.0,42212.0,42764.0,43682.0,6398.0,5827.0,7103.0,7632.0,7106.0,6903.0,6201.0,-1657.0,-1626.0,-1791.0,-2133.0,-2257.0,-2529.0,-2902.0,21000.0,19282.0,20919.0,22542.0,23232.0,23536.0,22935.0,CSX Corp,US1264081035,Industrials
CTAS UW Equity,Commercial & Professional Serv,,2695.489990234375,,,,,,,,,,,,,,,,,,,,,,,,,,35.20000076293945,,,0.3199999928474426,1.6632000207901,,66.66670227050781,,,12.453700065612793,,,,5.333330154418945,0.0,,,,594.4970092773438,518.989013671875,540.4520263671875,533.135986328125,540.2169799804688,,154.06399536132812,134.5919952392578,113.44400024414062,102.58899688720703,106.02999877929688,102.2249984741211,,1044.6099853515625,1017.989990234375,1082.18994140625,1180.9300537109375,1230.530029296875,1262.1199951171875,,6892.303,7085.12,7116.34,7854.459,8815.769,9596.615,10340.181,7436.662,7669.885,8236.823,8147.256,8546.356,9168.817,9825.241,1493.6270000000002,1612.149,1844.443,2061.571,2291.626,2594.2169999999996,2945.009,-276.719,-230.289,-143.47,-240.672,-331.109,-409.469,-408.884,45000.0,40000.0,40000.0,43000.0,44500.0,46500.0,48300.0,Cintas Corp,US1729081059,Industrials
CTSH UW Equity,Software & Services,118.76399993896484,188.2169952392578,84.79309844970703,864.0,,,1.0403000116348267,0.030160000547766685,0.9778820276260376,,,,,,Targets Set,1.5,True,True,True,False,True,,,,,,,39.0,18.0,,,0.0,13.0,92.30770111083984,False,6.0,7.423079967498779,64.07689666748047,92.30770111083984,True,3.75,21.052600860595703,1.0,11.0,75.0,10.541999816894531,10.600000381469727,9.99899959564209,9.420000076293945,8.638999938964844,6.39300012588501,315.54400634765625,149.20899963378906,97.88200378417969,101.4020004272461,119.36399841308594,115.62999725341797,112.37100219726562,748.7210083007812,446.7760009765625,392.6099853515625,371.8139953613281,456.4880065917969,423.0260009765625,466.2980041503906,16783.0,16652.0,18507.0,19428.0,19353.0,19736.0,21108.0,16204.0,16923.0,17852.0,17852.0,18483.0,19966.0,20692.0,3225.0,2961.0,3683.0,3776.0,3527.0,3627.0,4117.0,-392.0,-398.0,-279.0,-332.0,-317.0,-297.0,-288.0,292500.0,289500.0,330600.0,355300.0,347700.0,336800.0,351600.0,Cognizant Technology Solutions,US1924461023,Information Technology
CTVA UN Equity,Materials,853.0,2557.699951171875,,33763.6015625,,,1643.949951171875,112.44100189208984,738.8389892578125,,,,,,Removed,,True,True,True,False,True,60.0,0.0,0.0,,11.545000076293945,,34.0,35.0,0.0,0.09000000357627869,,12.0,91.66670227050781,False,5.0,5.361110210418701,66.66670227050781,91.66670227050781,True,4.916669845581055,30.0,1.0,11.0,75.0,386.0,400.0,424.0,370.0,354.0,334.0,,,,,,,519.0,,7047.0,6341.43994140625,8297.490234375,6190.0,5451.22998046875,6122.0,13846.0,14217.0,15655.0,17455.0,17226.0,16908.0,17401.0,42397.0,42649.0,42344.0,42618.0,42996.0,40825.0,42845.0,1585.0,2094.0,3777.0,2880.0,2706.0,2911.0,3232.0,-1163.0,-475.0,-573.0,-605.0,-595.0,-597.0,-591.0,,21000.0,21000.0,21000.0,22500.0,22000.0,21500.0,Corteva Inc,US22052L1044,Materials
CVNA UN Equity,Consumer Discretionary Distrib,,,,,,,,,,,,,,,,,False,False,True,False,False,,,,,,,,,,,,6.0,83.33329772949219,True,4.0,9.152779579162598,61.5,83.33329772949219,False,14.75,12.5,3.0,14.0,100.0,,,,,,,,,,,,,,,,,,,,,3939.896,5586.565,12814.0,13604.0,10771.0,13673.0,20322.0,2057.748,3034.531,7015.0,8698.0,7071.0,8484.0,13201.0,-218.23600000000002,-222.228,63.0,-1942.0,351.0,1360.0,2222.0,-230.538,-359.801,-557.0,-512.0,-87.0,-91.0,-147.0,7324.0,,,,,,23100.0,Carvana Co,US1468691027,Consumer Discretionary
CVS UN Equity,Health Care Equipment & Servic,870.8989868164062,2822.389892578125,931.3880004882812,6457.0,,,4.427999973297119,1.652999997138977,1.6260000467300415,,,,,,Targets Set,1.5,True,True,True,True,True,3873.0,,,,50.0,24.399999618530273,70.0,43.0,,1.100000023841858,,13.0,76.92310333251953,False,5.0,6.097219944000244,64.46150207519531,84.61540222167969,True,2.0,,1.0,10.0,75.0,165.38400268554688,188.2570037841797,250.02200317382812,269.2250061035156,237.73199462890625,268.59100341796875,1024.6800537109375,898.0280151367188,842.0570068359375,795.6810302734375,718.7429809570312,667.4140014648438,602.3079833984375,34173.8984375,12082.099609375,8833.5,14284.900390625,24595.400390625,28804.5,26207.5,256776.0,268706.0,292111.0,322467.0,357776.0,372809.0,402067.0,222449.0,230715.0,232999.0,228275.0,249728.0,253215.0,253538.0,19028.0,20967.0,20279.0,14696.0,20578.0,15469.0,11600.0,-2457.0,-2437.0,-2520.0,-2727.0,-3031.0,-2781.0,-2832.0,290000.0,213000.0,,219000.0,219000.0,219000.0,219000.0,CVS Health Corp,US1266501006,Health Care
CVX UN Equity,Energy,57000.0,232778.0,,,,,,,,,,,,,,,,,,,,,,,,,,28.8927001953125,23.0,,0.0560000017285347,,12.0,83.33329772949219,True,4.0,7.569439888000488,68.33329772949219,91.66670227050781,True,8.666669845581055,31.25,1.0,7.0,100.0,56000.0,57000.0,53000.0,52000.0,53000.0,55000.0,,,,,2000.0,2000.0,2000.0,622000.0,588000.0,621000.0,592000.0,576000.0,616000.0,728100.0,139865.0,94471.0,155606.0,235717.0,196913.0,193414.0,184432.0,237428.0,239790.0,239535.0,257709.0,261632.0,256938.0,324012.0,31939.0,15962.0,36304.0,58628.0,46539.0,39646.0,40525.0,-14116.0,-8922.0,-8056.0,-11974.0,-15829.0,-16448.0,-17347.0,48200.0,47736.0,42595.0,43846.0,46500.0,45298.0,43039.0,Chevron Corp,US1667641005,Energy
D UN Equity,Utilities,,158627.0,,,,,,,,,,,,,,,,True,,,True,39.0,,,,,,23.0,28.260000228881836,,0.20000000298023224,22.360000610351562,11.0,90.90910339355469,True,4.0,9.181819915771484,63.272701263427734,90.90910339355469,True,6.0,22.7273006439209,1.0,7.0,75.0,33237.1015625,34989.6015625,33260.80078125,27389.599609375,31862.0,,85.7020034790039,31.85300064086914,28.6299991607666,384.23199462890625,7746.16015625,304.7539978027344,,3595.8798828125,17093.30078125,25423.0,29279.30078125,28500.0,16299.0,,14401.0,14172.0,13964.0,13938.0,14393.0,14459.0,16506.0,103823.0,95905.0,99590.0,104795.0,109080.0,102415.0,115857.0,4600.0,4959.0,5853.0,4599.0,6612.0,5967.0,7190.0,-5321.0,-6331.0,-6061.0,-7758.0,-10235.0,-12427.0,-12653.0,19100.0,17300.0,17100.0,17200.0,17700.0,14700.0,15200.0,Dominion Energy Inc,US25746U1097,Utilities
DAL UN Equity,Transportation,39418.1015625,134113.0,,,,,,,,,,,,,Targets Set,Well-below 2,False,True,True,False,True,4141.0,,,,72.5,5.0,42.0,34.15840148925781,,,20.0,14.0,85.71430206298828,False,6.0,7.047619819641113,62.785701751708984,85.71430206298828,True,10.41670036315918,17.6471004486084,1.0,9.0,75.0,17174.900390625,24561.30078125,30741.0,35891.80078125,37284.80078125,39302.0,295.8890075683594,274.07598876953125,246.218994140625,203.48599243164062,188.38699340820312,165.38400268554688,116.10700225830078,10946.7998046875,10268.7001953125,19640.19921875,12299.2998046875,20099.099609375,23119.900390625,22857.30078125,47007.0,17095.0,29899.0,50582.0,58048.0,61643.0,63364.0,64532.0,71996.0,72459.0,72288.0,73644.0,75372.0,81317.0,10212.0,-9138.0,4747.0,6717.0,8843.0,9482.0,9241.0,-4936.0,-1899.0,-3247.0,-6366.0,-5323.0,-5140.0,-4499.0,91000.0,74000.0,83000.0,95000.0,103000.0,103000.0,103000.0,Delta Air Lines Inc,US2473617023,Industrials
DASH UW Equity,Consumer Services,,,,,,,,,,,,,,,,,False,True,True,False,True,,,,,,,,,,,,10.0,70.0,True,3.0,7.772729873657227,51.400001525878906,90.0,True,13.41670036315918,28.571399688720703,3.0,4.0,60.0,,1.0779999494552612,3.565000057220459,,,,,,5.793000221252441,18.726999282836914,,,,,,,,,,,885.0,2886.0,4888.0,6583.0,8635.0,10722.0,13717.0,1732.0,6353.0,6809.0,9789.0,10839.0,12845.0,19659.0,-565.0,-281.0,-247.0,-678.0,35.0,624.0,1583.0,-92.0,-159.0,-237.0,-346.0,-324.0,-330.0,-605.0,,3886.0,8600.0,16800.0,19300.0,23700.0,31400.0,DoorDash Inc,US25809K1051,Consumer Discretionary
DD UN Equity,Capital Goods,616.0,2173.02001953125,387.6390075683594,29906.099609375,,,130.10000610351562,53.900001525878906,59.70000076293945,,,,,,Targets Set,1.5,True,True,True,False,True,38.0,0.0,0.0,,3.319999933242798,,30.0,35.0,0.0,0.05000000074505806,25.0,10.0,80.0,False,4.0,5.433330059051514,60.900001525878906,90.0,True,2.333329916000366,30.0,1.0,10.0,75.0,1935.1800537109375,1645.760009765625,1408.3199462890625,498.0,258.0,239.0,470.0,1046.0799560546875,893.9550170898438,876.6110229492188,418.0,388.0,377.0,1302.739990234375,10126.0,13070.099609375,11059.7001953125,5718.0,4337.0,4197.0,21512.0,14338.0,12566.0,13017.0,12068.0,6719.0,6849.0,69396.0,70904.0,45707.0,41355.0,38552.0,36636.0,21575.0,3311.0,791.0,3265.0,2955.0,2011.0,1309.0,1239.0,-2472.0,-1194.0,-891.0,-743.0,-619.0,-292.0,-333.0,35000.0,34000.0,28000.0,23000.0,24000.0,24000.0,15000.0,DuPont de Nemours Inc,US26614N2018,Industrials
DDOG UW Equity,Software & Services,,,,,,,,,,,,,,,,,,,,,,,,,,,,30.299999237060547,,,,,10.0,70.0,False,4.0,8.833330154418945,50.900001525878906,70.0,True,16.33329963684082,,3.0,5.0,75.0,,,0.33500000834465027,0.5289999842643738,0.6349999904632568,,,,,1.4789999723434448,1.6699999570846558,0.9399999976158142,,,,,,84.25499725341797,97.20700073242188,,362.78,603.466,1028.784,1675.1,2128.359,2684.275,3427.158,1038.041,1890.285,2380.794,3004.852,3936.072,5785.339,6643.844,5.865999999999998,18.758,23.98,1.1459999999999972,45.67100000000001,152.072,65.99,-23.443,-25.883,-36.025,-64.889,-62.406,-95.5,-135.418,1403.0,2185.0,3200.0,4800.0,5200.0,6500.0,8100.0,Datadog Inc,US23804L1035,Information Technology
DE UN Equity,Capital Goods,874.5,3185.300048828125,881.0,,,,,,,,,,,,Targets Set,1.5,False,True,True,False,True,1061.0,,,,,12.100000381469727,18.919700622558594,30.555599212646484,0.0,0.6100000143051147,47.70000076293945,10.0,90.0,True,5.0,7.041669845581055,62.20000076293945,90.0,True,6.916669845581055,25.0,1.0,8.0,75.0,334.0,403.29998779296875,418.20001220703125,409.29998779296875,353.8800048828125,359.20001220703125,,659.0,704.7000122070312,663.2000122070312,643.0999755859375,544.0,515.2999877929688,,1344.0,101262.0,98803.0,97766.0,81961.5,75081.0,39258.0,35540.0,44024.0,52577.0,61251.0,51716.0,45684.0,73011.0,75091.0,84114.0,90030.0,104087.0,107320.0,105996.0,7573.0,7374.0,10761.0,12198.0,17605.0,14805.0,11800.0,-3449.0,-2656.0,-2580.0,-3788.0,-4468.0,-4802.0,-4228.0,73489.0,69634.0,75550.0,82239.0,82956.0,35200.0,73146.0,Deere & Co,US2441991054,Industrials
DECK UN Equity,Consumer Durables & Apparel,,33.370601654052734,,,,,,,,,,,,,Targets Set,1.5,True,True,,,True,,,,,,,49.0,46.5,,0.05999999865889549,,10.0,90.0,False,4.0,7.416669845581055,63.599998474121094,90.0,True,2.166670083999634,44.444400787353516,1.0,5.0,80.0,1.5470000505447388,1.496000051498413,1.7510000467300415,1.6950000524520874,1.3969999551773071,1.8079999685287476,5.340000152587891,3.6659998893737793,3.5869998931884766,6.659999847412109,6.789999961853027,6.724999904632568,7.126999855041504,858.8489990234375,950.551025390625,1104.1500244140625,1457.2099609375,984.5859985351562,1076.0400390625,1083.9599609375,2020.437,2132.689,2545.641,3150.339,3627.286,4287.763,4985.612,1427.206,1765.118,2167.705,2332.25,2556.203,3135.579,3570.252,372.26099999999997,435.013,598.321,660.2629999999999,755.7189999999999,1051.182,1318.845,-29.086,-32.455,-32.218,-51.017,-81.025,-89.365,-86.171,3500.0,3600.0,3400.0,4000.0,4200.0,4800.0,5500.0,Deckers Outdoor Corp,US2435371073,Consumer Discretionary
DELL UN Equity,Technology Hardware & Equipmen,349.8999938964844,998.0,589.0,1796.0,,,14.897000312805176,0.006000000052154064,,,,,,,Targets Set,1.5,False,True,True,False,True,,,,,,,35.0,,,,,8.0,75.0,True,3.0,8.989580154418945,63.125,87.5,False,13.0,22.222200393676758,1.0,4.0,75.0,58.0,44.20000076293945,45.599998474121094,45.79999923706055,38.79999923706055,36.70000076293945,437.6000061035156,405.3999938964844,356.8999938964844,337.6000061035156,330.6000061035156,331.29998779296875,326.6000061035156,14563.2998046875,34350.3984375,33864.80078125,38252.3984375,32906.8984375,26724.5,31063.599609375,90621.0,92154.0,86670.0,101197.0,102301.0,88425.0,95567.0,111820.0,118861.0,123415.0,92735.0,89611.0,82126.0,79746.0,7555.0,9275.0,9423.0,9545.0,9210.0,9005.0,9653.0,-1158.0,-2576.0,-2082.0,-2796.0,-3003.0,-2756.0,-2652.0,157000.0,165000.0,158000.0,133000.0,133000.0,120000.0,108000.0,Dell Technologies Inc,US24703L2025,Information Technology
DG UN Equity,Consumer Staples Distribution,,3815.800048828125,,,,,,,,,,,,,,,,,,,,,,,,,,63.745601654052734,44.11759948730469,,0.6700000166893005,,9.0,88.88890075683594,False,4.0,7.1481499671936035,64.11109924316406,88.88890075683594,True,3.0,54.545501708984375,1.0,7.0,75.0,565.5980224609375,625.81298828125,658.6170043945312,712.8060302734375,692.8720092773438,743.8900146484375,,1114.43994140625,,,,,,,,,,,,,25625.043,27753.973,33746.839,34220.449,37844.863,38691.609,40612.308,13204.038,22825.084,25862.624,26327.371,29083.367,30795.591,31132.733,2570.44,4077.108,5509.0019999999995,5351.991,5663.179,5045.093000000001,4575.777,-734.38,-784.843,-1027.963,-1070.46,-1560.582,-1700.222,-1309.888,135000.0,143000.0,158000.0,163000.0,170000.0,185800.0,194200.0,Dollar General Corp,US2566771059,Consumer Staples
DGX UN Equity,Health Care Equipment & Servic,194.90199279785156,411.1730041503906,49.34080123901367,,,,14.019599914550781,,0.9813730120658875,,,,,,,,False,True,True,False,True,,,,,10.0,,70.0,43.79999923706055,,,,10.0,90.0,True,5.0,8.431819915771484,66.5999984741211,90.0,True,3.916670083999634,28.571399688720703,1.0,9.0,75.0,85.00900268554688,237.23800659179688,107.22799682617188,113.92500305175781,113.92500305175781,110.18000030517578,121.19400024414062,106.31500244140625,106.23899841308594,100.85299682617188,83.63099670410156,83.63099670410156,84.72200012207031,,37.89099884033203,897.6129760742188,820.4099731445312,631.0009765625,631.0029907226562,657.8820190429688,7726.0,9437.0,10788.0,9883.0,9252.0,9872.0,11035.0,12843.0,14026.0,13611.0,12837.0,14022.0,16153.0,16225.0,1854.0,2632.0,3110.0,2210.0,2054.0,2241.0,2596.0,-400.0,-418.0,-403.0,-404.0,-408.0,-425.0,-527.0,47000.0,40000.0,40000.0,40000.0,48000.0,56000.0,57000.0,Quest Diagnostics Inc,US74834L1008,Health Care
DHI UN Equity,Consumer Durables & Apparel,,401.2309875488281,,,,,,,,,,,,,,,,True,True,,True,,,,,,21.0,45.0,23.920299530029297,0.0,,,9.0,77.77780151367188,False,3.0,6.770830154418945,66.88890075683594,77.77780151367188,True,3.0,20.0,1.0,7.0,75.0,32.20899963378906,28.378000259399414,44.48500061035156,80.83599853515625,55.29999923706055,,34.900001525878906,35.479000091552734,31.07699966430664,39.54199981689453,67.56300354003906,55.707000732421875,,,,,,,,,17592.9,20311.1,27774.2,33480.0,35460.4,36801.4,34250.4,15606.6,18912.3,24015.9,30351.1,32582.4,36104.3,35471.2,2165.4,3030.0,5414.900000000001,7651.799999999999,6193.200000000001,6023.0,4525.5,-224.1,-286.8,-267.4,-148.2,-148.6,-165.3,-137.4,,,11788.0,13237.0,13450.0,14766.0,14341.0,DR Horton Inc,US23331A1097,Consumer Discretionary
DHR UN Equity,"Pharmaceuticals, Biotechnology",347.14300537109375,1221.3199462890625,400.5679931640625,5328.27001953125,,,57.2599983215332,17.291000366210938,,,,,,,Targets Set,1.5,True,True,True,False,True,282.0,0.0,0.0,,,13.0,40.0,35.0,0.0,0.20999999344348907,,13.0,76.92310333251953,False,4.0,17.78030014038086,63.84619903564453,76.92310333251953,True,6.083330154418945,15.384599685668945,1.0,6.0,87.0,121.88400268554688,106.83399963378906,103.26399993896484,109.77100372314453,112.03800201416016,136.8300018310547,198.22000122070312,183.11199951171875,191.43699645996094,198.1739959716797,200.91099548339844,211.19200134277344,210.31300354003906,,,,,,3504.06005859375,,17911.0,22284.0,24802.0,26643.0,23890.0,23875.0,24568.0,62082.0,76161.0,83184.0,84350.0,84488.0,77542.0,83464.0,4654.0,6679.0,8640.0,9867.0,7575.0,7454.0,7387.0,-636.0,-791.0,-1240.0,-1118.0,-1383.0,-1392.0,-1156.0,60000.0,69000.0,78000.0,79000.0,68000.0,63000.0,60000.0,Danaher Corp,US2358511028,Health Care
DIS UN Equity,Media & Entertainment,1597.3900146484375,6297.990234375,787.2479858398438,35887.30078125,,,236.26600646972656,,,,,,,,Targets Set,1.5,False,True,True,False,True,,,,,264.79998779296875,,51.29999923706055,,,,54.0,10.0,90.0,False,3.0,5.097219944000244,62.400001525878906,90.0,True,0.5833330154418945,26.66670036315918,1.0,9.0,75.0,614.9710083007812,503.22100830078125,901.7139892578125,993.3469848632812,921.1630249023438,898.969970703125,913.3590087890625,714.8740234375,675.9840087890625,702.06201171875,782.0659790039062,745.9849853515625,698.4199829101562,10237.0,,,10637.900390625,10849.2998046875,12393.599609375,,69607.0,65388.0,67418.0,82722.0,88898.0,91361.0,94425.0,193984.0,201549.0,203609.0,203631.0,205579.0,196219.0,197514.0,15997.0,4303.0,9623.0,12492.0,11289.0,14235.0,19931.0,-4876.0,-4022.0,-3578.0,-4943.0,-4969.0,-5412.0,-8024.0,223000.0,162400.0,152000.0,171600.0,173250.0,177080.0,231000.0,Walt Disney Co/The,US2546871060,Communication Services
DLR UN Equity,Equity Real Estate Investment,3668.429931640625,13129.7001953125,11860.400390625,5828.5,,,11.951199531555176,,3.7357800006866455,,,,,,Targets Set,1.5,True,True,True,False,True,,,,2.36857008934021,,13.0,24.323699951171875,18.0,0.0,0.10000000149011612,0.4000000059604645,9.0,100.0,False,3.0,7.75832986831665,63.222198486328125,100.0,True,3.833329916000366,28.571399688720703,1.0,7.0,75.0,32.79800033569336,20.32699966430664,39.029998779296875,55.77299880981445,51.744998931884766,52.22200012207031,2481.14990234375,2964.6201171875,2055.469970703125,3426.699951171875,3451.580078125,3311.320068359375,3616.2099609375,1181.1600341796875,2465.739990234375,1879.0400390625,2059.75,1245.6400146484375,1456.43994140625,1420.1700439453125,3209.241,3903.609,4427.883,4691.834,5477.061,5554.968,6112.692,23068.131,36076.291,36369.56,41484.998,44113.258,45283.616,49410.468,1494.667,2053.3039999999996,2324.4440000000004,2311.902,2372.5199999999995,2397.161,2711.8279999999995,-75.704,-908.567,-192.015,-1930.178,-52.297,-508.001,-321.246,1550.0,2878.0,3030.0,3412.0,3664.0,3936.0,4282.0,Digital Realty Trust Inc,US2538681030,Real Estate
DLTR UW Equity,Consumer Staples Distribution,,1989.9599609375,7.959839820861816,,,,442.1130065917969,,,,,,,,,,,True,True,,True,,,,,,,67.0,27.0,,,0.0,11.0,90.90910339355469,False,5.0,3.983330011367798,65.45449829101562,90.90910339355469,True,1.9166699647903442,21.428600311279297,1.0,6.0,75.0,239.70399475097656,239.70399475097656,220.4199981689453,421.8399963378906,204.03700256347656,146.74000549316406,,1132.9300537109375,1132.9300537109375,935.6160278320312,941.739990234375,466.2460021972656,500.2749938964844,,5486.39990234375,5486.39990234375,6375.08984375,17660.19921875,13316.5,16229.7998046875,22823.3,23610.8,25509.3,26321.2,28331.7,16781.1,17578.5,13501.2,19574.6,20696.0,21721.8,23022.1,22023.5,18644.0,-318.4,3428.1000000000004,4125.7,4130.200000000001,4657.0,3123.1,3030.5,-817.1,-1034.8,-898.8,-1021.2,-1248.8,-1193.8,-1300.5,57200.0,56900.0,60217.0,61886.0,65025.0,65894.0,64434.0,Dollar Tree Inc,US2567461080,Consumer Staples
DOC UN Equity,Equity Real Estate Investment,,1174.8399658203125,81.08200073242188,4343.0,,,47.874000549316406,0.0,7.564089775085449,,,,,,Targets Set,Well-below 2,False,True,True,False,True,0.0,,,,0.49300000071525574,16.290700912475586,62.043800354003906,36.0,0.0,0.0,0.0,11.0,81.81819915771484,False,3.0,5.204549789428711,64.72730255126953,90.90910339355469,True,4.0,22.222200393676758,1.0,6.0,100.0,69.86109924316406,53.78499984741211,50.25899887084961,87.3010025024414,71.8290023803711,71.62200164794922,303.7959899902344,266.1239929199219,182.11500549316406,174.468994140625,330.2349853515625,297.6419982910156,,61.49909973144531,28.720600128173828,19.233299255371094,41.73759841918945,259.1659851074219,426.0889892578125,395.7170104980469,1240.339,1644.875,1896.184,2061.178,2181.003,2700.449,2822.512,14032.891,15920.089,15257.519,15771.229,15698.85,19938.255,20336.018,977.2699999999999,882.0089999999999,1017.8030000000001,1081.753,1186.377,1388.306,1556.033,-2231.189,-1962.217,-2093.581,-1039.769,-747.053,-604.281,-1250.359,204.0,217.0,196.0,199.0,193.0,387.0,411.0,Healthpeak Properties Inc,US42250P1030,Real Estate
DOV UN Equity,Capital Goods,0.16419999301433563,602.8109741210938,,,,,,,,,,,,,Targets Set,Well-below 2,,,True,,,,,,,,,26.0,19.0,0.0,,,9.0,88.88890075683594,True,4.0,9.120369911193848,66.44439697265625,88.88890075683594,False,8.416669845581055,14.285699844360352,1.0,5.0,100.0,39.74700164794922,43.11399841308594,50.043701171875,54.7869987487793,50.75699996948242,0.0544000007212162,137.97500610351562,92.83499908447266,92.69000244140625,99.03559875488281,106.90399932861328,114.46399688720703,0.10980000346899033,17393.099609375,16289.900390625,16209.2001953125,17275.400390625,17604.599609375,15444.0,9302.5,7136.397,6683.76,7907.081,8508.088,7684.476,7745.909,8092.571,8669.477,9152.074,10403.627,10896.519,11348.513,12509.16,13422.423,1299.498,1264.913,1626.028,1740.296,1581.795,1605.661,1819.69,-186.804,-165.692,-171.465,-220.962,-183.406,-167.533,-220.263,24000.0,23000.0,25000.0,25000.0,25000.0,24000.0,24000.0,Dover Corp,US2600031080,Industrials
DOW UN Equity,Materials,29200.0,151883.0,5550.0,2830550.0,,,1000.3900146484375,461.0539855957031,,,,,,,,,True,True,True,False,True,75.0,0.0,0.0,11.0,29.600000381469727,8.279999732971191,29.700000762939453,37.099998474121094,0.0,0.09099999815225601,20.0,13.0,92.30770111083984,True,5.0,6.805560111999512,66.07689666748047,92.30770111083984,True,0.25,,1.0,9.0,75.0,28760.0,28390.0,27290.0,26770.0,26630.0,25850.0,4660.0,3950.0,3940.0,3450.0,3360.0,3440.0,3350.0,93892.0,76450.0,80654.0,77030.0,67370.0,70380.0,68570.0,42951.0,38542.0,54968.0,56902.0,44622.0,42964.0,39968.0,60524.0,61470.0,62990.0,60603.0,57967.0,57312.0,58538.0,2704.0,4962.0,11211.0,8729.0,4600.0,5119.0,1558.0,-2046.0,-1262.0,-2287.0,-2020.0,-2578.0,-3143.0,-2676.0,,35700.0,35700.0,37800.0,35900.0,36000.0,34600.0,Dow Inc,US2605571031,Materials
DPZ UW Equity,Consumer Services,,506.9020080566406,,686.0,,,,,0.003401360008865595,,,,,,Targets Set,1.5,False,False,True,False,False,,,,,,,27.06999969482422,33.33000183105469,,,0.0,9.0,77.77780151367188,False,4.0,9.516670227050781,61.222198486328125,77.77780151367188,False,4.416669845581055,27.2726993560791,1.0,6.0,75.0,127.76899719238281,126.58999633789062,125.23300170898438,121.16100311279297,117.17400360107422,113.177001953125,46.4630012512207,,41.95330047607422,39.597599029541016,38.479801177978516,37.9739990234375,,1977.050048828125,3803.760009765625,3845.93994140625,3831.8798828125,3937.760009765625,5566.830078125,5860.2998046875,3618.774,4117.411,4357.373,4537.158,4479.358,4706.416,4939.994,1382.092,1567.168,1671.816,1602.221,1674.899,1737.013,1716.459,732.24,835.359,898.244,895.2149999999999,947.738,1016.789,1094.961,-85.565,-88.768,-94.172,-87.234,-105.396,-112.885,-120.558,13100.0,14400.0,7400.0,6500.0,11200.0,10700.0,10200.0,Domino's Pizza Inc,US25754A2015,Consumer Discretionary
DRI UN Equity,Consumer Services,,2938.0,,,,,,,,,,,,,,,,,,,,,,,,,67.0,58.0,,,,0.0,9.0,88.88890075683594,False,5.0,9.027779579162598,64.11109924316406,88.88890075683594,True,4.416669845581055,35.29410171508789,1.0,4.0,75.0,301.3160095214844,277.3169860839844,345.3160095214844,358.93798828125,375.76300048828125,385.84698486328125,,472.8819885253906,405.97698974609375,424.4949951171875,426.92401123046875,442.35400390625,447.614990234375,,,,3512.85009765625,,3512.489990234375,4049.0400390625,8510.4,7806.9,7196.1,9630.0,10487.8,11390.0,12076.7,5892.8,9946.1,10656.1,10135.8,10241.5,11323.0,12587.0,1169.2,807.0,1384.2,1902.6,1967.5,2178.7,2292.1,-452.0,-459.9,-254.9,-376.9,-564.9,-601.2,-644.6,184514.0,,,,187384.0,,197924.0,Darden Restaurants Inc,US2371941053,Consumer Discretionary
DTE UN Equity,Utilities,,,,,,,,,,,,,,,,,,True,True,,,,,,,20.0,,26.0,31.0,,0.20000000298023224,50.25,13.0,84.61540222167969,False,4.0,9.458330154418945,67.07689666748047,84.61540222167969,True,1.0833300352096558,39.285701751708984,1.0,8.0,91.0,24558.19921875,27981.0,27082.0,22630.0,24186.0,,1719.0,279.0,188.0,197.0,115.0,78.0,,17730.400390625,20340.80078125,14700.0,13099.0,12586.599609375,11061.0,,12168.0,11423.0,14964.0,19228.0,12745.0,12457.0,15814.0,42268.0,45496.0,39719.0,42683.0,44755.0,48846.0,54066.0,2776.0,3056.0,3031.0,3276.0,3930.0,3904.0,4305.0,-3003.0,-3857.0,-3771.0,-3377.0,-3931.0,-4471.0,-4431.0,10700.0,10600.0,10300.0,10250.0,9950.0,9500.0,9650.0,DTE Energy Co,US2333311072,Utilities
DUK UN Equity,Utilities,80986.703125,315397.0,,18856000.0,,,143.3350067138672,4.283720016479492,111.8010025024414,5.0,0.004861999768763781,,,,,,False,True,True,False,True,,0.0,0.0,,28.889999389648438,7.099999904632568,23.1875,31.54360008239746,0.0,,19.0,15.0,93.33329772949219,False,5.0,7.34443998336792,66.5999984741211,93.33329772949219,True,1.5,42.85710144042969,1.0,8.0,75.0,74976.0,79000.0,78800.0,73000.0,79756.0,80703.0,5.199999809265137,3.700000047683716,430.0,424.0,414.0,254.0,283.70001220703125,29715.099609375,29604.900390625,32019.0,38387.8984375,34154.1015625,27607.69921875,30149.19921875,25079.0,23868.0,24621.0,28768.0,29060.0,30357.0,32237.0,158838.0,162388.0,169587.0,178086.0,176893.0,186343.0,195736.0,11177.0,10322.0,11408.0,12084.0,13390.0,14620.0,16613.0,-11122.0,-9907.0,-9715.0,-11367.0,-12604.0,-12280.0,-14024.0,28793.0,27535.0,27605.0,27859.0,27037.0,26413.0,26441.0,Duke Energy Corp,US26441C2044,Utilities
DVA UN Equity,Health Care Equipment & Servic,257.010986328125,935.7269897460938,615.375,15285.0,,,117.83100128173828,0.0,25.589799880981445,,,,,,Targets Set,1.5,False,True,True,False,True,,,,,,,78.0,43.0,,,,9.0,88.88890075683594,False,4.0,7.259260177612305,63.11109924316406,88.88890075683594,True,7.333330154418945,30.0,1.0,8.0,96.0,60.75299835205078,66.95899963378906,60.5890007019043,59.569000244140625,54.48500061035156,61.99700164794922,254.2100067138672,229.2519989013672,217.97500610351562,211.6060028076172,206.21400451660156,195.6490020751953,195.01400756835938,868.5540161132812,1316.3199462890625,1303.050048828125,891.7990112304688,705.3829956054688,656.3900146484375,679.864013671875,11388.479,11550.604,11618.797,11609.894,12140.147,12815.55,13643.069,17311.394,16988.516,17121.488,16928.252,16893.578,17285.268,17480.103,2784.821,2866.161,3025.9079999999994,2623.8579999999997,2905.071,3371.934,2758.9629999999997,-766.546,-674.541,-641.465,-603.429,-567.985,-555.443,-575.864,65000.0,67000.0,69000.0,70000.0,70000.0,76000.0,,DaVita Inc,US23918K1088,Health Care
DVN UN Equity,Energy,,17449.0,,,,,,,,,,,,,,,,,True,,,,,,,,,23.0,16.66670036315918,,0.25999999046325684,,11.0,90.90910339355469,False,5.0,2.75,64.18180084228516,90.90910339355469,True,1.5833300352096558,9.090909957885742,1.0,9.0,92.0,4980.0,3950.0,4590.0,4370.0,6020.0,,270.0,320.0,340.0,390.0,370.0,390.0,,48048.0,49000.0,84000.0,90000.0,97000.0,109000.0,,6220.0,4828.0,12206.0,19169.0,15258.0,15940.0,17188.0,13717.0,9912.0,21025.0,23721.0,24490.0,30489.0,31599.0,1053.0,-1713.0,5277.0,10924.0,7597.0,7444.0,7622.0,-1941.0,-1161.0,-2007.0,-5125.0,-3947.0,-7453.0,-3914.0,1800.0,1800.0,1600.0,1800.0,1900.0,2300.0,,Devon Energy Corp,US25179M1036,Energy
DXCM UW Equity,Health Care Equipment & Servic,42.70000076293945,98.9031982421875,49.160099029541016,,,,,,,,,,,,Removed,,,True,True,,,,0.0,0.0,,,,48.64860153198242,42.0,0.0,0.30799999833106995,,10.0,90.0,True,4.0,6.967949867248535,61.70000076293945,90.0,True,0.75,18.181800842285156,1.0,7.0,97.0,2.0439999103546143,3.0280001163482666,4.76800012588501,7.079999923706055,8.32800006866455,7.3480000495910645,,9.201000213623047,11.168000221252441,12.565999984741211,24.280000686645508,36.19499969482422,35.35200119018555,,1.2569999694824219,1.5870000123977661,1.7489999532699585,479.5769958496094,551.7670288085938,623.8829956054688,1476.0,1926.7,2448.5,2909.8,3622.3,4033.0,4662.0,2395.0,4290.5,4933.3,5391.7,6264.5,6484.5,6339.9,203.2,385.0,391.1,569.7,806.6,840.1,1185.1,-180.0,-199.0,-389.2,-364.8,-236.6,-358.8,-363.5,3900.0,5500.0,6300.0,7500.0,9500.0,10200.0,11000.0,Dexcom Inc,US2521311074,Health Care
EBAY UW Equity,Consumer Discretionary Distrib,130.05999755859375,471.57000732421875,454.4649963378906,306.6679992675781,,,1.5857599973678589,,1.254639983177185,,,,,,Targets Set,1.5,False,True,True,False,True,,,,2.4600000381469727,198.0,,42.0,34.0,,,,11.0,90.90910339355469,False,3.0,5.787879943847656,56.90909957885742,90.90910339355469,True,6.5,42.85710144042969,1.0,5.0,75.0,16.40999984741211,5.5,5.099999904632568,6.070000171661377,5.0980000495910645,4.189000129699707,124.00599670410156,139.38900756835938,118.09500122070312,123.12999725341797,125.24800109863281,122.21600341796875,125.87100219726562,2640.550048828125,1220.489990234375,2487.8798828125,1956.800048828125,1777.97998046875,1778.1199951171875,1759.1700439453125,7429.0,8894.0,10420.0,9795.0,10112.0,10283.0,11100.0,15165.0,19310.0,26626.0,20850.0,21620.0,19365.0,17610.0,2538.0,3379.0,3603.0,2924.0,2472.0,2789.0,2839.0,-508.0,-463.0,-444.0,-449.0,-456.0,-458.0,-525.0,13300.0,12700.0,10800.0,11600.0,12300.0,11500.0,12300.0,eBay Inc,US2786421030,Consumer Discretionary
ECHO UW Equity,Media & Entertainment,,,,,,,,,,,,,,,,,False,True,False,False,False,,,,,,,,,,,1.399999976158142,,54.545501708984375,,,6.849999904632568,,,False,0.9166669845581055,0.0,,,,,,,,,,,,,,,,,,,,,,,,1886.081,1887.907,19818.678,18634.246,17015.598,15825.516,15004.989,7154.298,7073.352,6045.204,58748.281,57108.894,60938.687,43016.355,685.619,661.4839999999999,4636.35,3407.733,1320.0140000000004,2265.83,-15513.349000000002,-418.584,-408.798,-1619.312,-3050.472,-3100.921,-1544.877,-965.73,2300.0,2400.0,2500.0,2300.0,15300.0,13700.0,12100.0,EchoStar Corp,US2787681061,Communication Services
ECL UN Equity,Materials,400.90899658203125,1623.4599609375,,9111.25,,,,39.68299865722656,,7.0,1.1388499736785889,,,79.0,Targets Set,1.5,True,True,True,True,True,,,,11.834699630737305,,14.699999809265137,25.59980010986328,27.700000762939453,,0.6299999952316284,13.5,14.0,92.85710144042969,True,6.0,7.923079967498779,61.5713996887207,92.85710144042969,True,5.75,39.130401611328125,1.0,5.0,80.0,289.635986328125,293.4679870605469,301.56298828125,303.8389892578125,270.0899963378906,255.78399658203125,184.052001953125,167.0659942626953,176.15899658203125,175.76699829101562,165.98500061035156,158.53700256347656,145.125,7829.14990234375,7688.52978515625,6244.02001953125,7629.97021484375,6042.7001953125,7806.60009765625,54.48400115966797,12562.0,11790.2,12733.1,14187.8,15320.2,15741.4,16081.2,20869.1,18126.0,21206.4,21464.3,21846.6,22387.8,24696.3,2620.5,2208.4,2441.7,2501.2,2915.9,3737.8,3944.0,-731.3,-489.0,-643.0,-712.8,-774.8,-994.5,-1048.3,50200.0,,,,48000.0,48000.0,,Ecolab Inc,US2788651006,Materials
ED UN Equity,Utilities,,,,,,,,,,,,,,,,,,,True,,,,,,,,5.400000095367432,23.200000762939453,39.279998779296875,,0.8500000238418579,55.43579864501953,11.0,90.90910339355469,True,6.0,9.090279579162598,65.63639831542969,90.90910339355469,True,5.833330154418945,,1.0,9.0,75.0,2741.0,2786.0,2815.0,1974.72998046875,2661.449951171875,,1160.0,920.0,1300.0,1000.0,8063.169921875,904.010986328125,,32500.0,29500.0,31400.0,32360.19921875,32400.0,32000.0,,12574.0,12246.0,13676.0,15670.0,14663.0,15256.0,16918.0,58079.0,62895.0,63116.0,69065.0,66331.0,70562.0,74603.0,4443.0,4659.0,4944.0,4768.0,5297.0,4892.0,5321.0,-3791.0,-4243.0,-4276.0,-4505.0,-4881.0,-5245.0,-5245.0,14890.0,14071.0,13871.0,14319.0,14592.0,15097.0,15407.0,Consolidated Edison Inc,US2091151041,Utilities
EFX UN Equity,Commercial & Professional Serv,21.93000030517578,52.87969970703125,,,,,,,,,,,,,Targets Set,1.5,False,True,True,False,False,,,,,,16.0,44.0,28.0,,,,10.0,90.0,False,5.0,9.566670417785645,63.70000076293945,90.0,True,8.5,20.0,1.0,4.0,75.0,0.800000011920929,1.3880000114440918,1.0889999866485596,1.1720000505447388,1.121000051498413,1.1339999437332153,30.385000228881836,27.139999389648438,27.69099998474121,27.336000442504883,24.204999923706055,22.87299919128418,20.79599952697754,9.22700023651123,1.7690000534057617,1.4900000095367432,230.86599731445312,223.97799682617188,240.10299682617188,251.25999450683594,3507.6,4127.5,4923.9,5122.2,5265.2,5681.1,6074.5,7909.0,9611.8,11040.9,11547.9,12280.0,11759.4,11864.2,42.70000000000003,1115.2,1665.3999999999999,1666.8,1594.1000000000001,1772.6999999999998,1924.5,-399.6,-421.3,-469.0,-624.5,-601.3,-511.5,-481.4,11200.0,11400.0,13000.0,14000.0,14900.0,14700.0,15000.0,Equifax Inc,US2944291051,Industrials
EG UN Equity,Insurance,2.055999994277954,,,,,,,,38.31890106201172,0.0,0.0,,,,,,False,True,True,False,False,,,,,0.8999999761581421,,45.0,,,,0.0,12.0,91.66670227050781,False,8.0,7.856060028076172,67.16670227050781,91.66670227050781,True,1.75,18.181800842285156,1.0,4.0,75.0,,0.0,0.0,0.0,0.0,0.08820000290870667,,,,1.7615000009536743,1.771299958229065,1.8841999769210815,1.9678000211715698,,,,43.6682014465332,77.98639678955078,93.51409912109375,203.81199645996094,8231.169,9598.114,11867.0,12060.0,14587.0,17281.0,17496.0,27324.051,32711.503,38185.0,39966.0,49399.0,56341.0,62514.0,,,,,,,,0.0,0.0,0.0,0.0,0.0,0.0,0.0,1746.0,1746.0,1947.0,2428.0,2844.0,3037.0,3064.0,Everest Group Ltd,BMG3223R1088,Financials
EIX UN Equity,Utilities,1600.0,,,,,,,,,,,,,,,,False,True,True,False,True,327.0,0.0,0.0,,25.799999237060547,7.0,30.0,41.0,0.0,1.2100000381469727,33.5099983215332,11.0,90.90910339355469,False,5.0,8.013890266418457,65.0,90.90910339355469,True,10.08329963684082,52.941200256347656,1.0,12.0,95.0,1500.0,1100.0,1700.0,1200.0,1100.0,600.0,600.0,700.0,1500.0,900.0,800.0,1000.0,1000.0,9800.0,8100.0,9800.0,9400.0,6600.0,5600.0,5200.0,12347.0,13578.0,14905.0,17220.0,16338.0,17599.0,19317.0,64382.0,69372.0,74745.0,78041.0,81758.0,85579.0,94026.0,3742.0,3404.0,4117.0,4748.0,5907.0,6048.0,10513.0,-4771.0,-5287.0,-5249.0,-5655.0,-5268.0,-5586.0,-6394.0,12937.0,13067.0,12715.0,12831.0,14375.0,14013.0,13725.0,Edison International,US2810201077,Utilities
EL UN Equity,Household & Personal Products,,388.79998779296875,,,,,,,,,,,,,Targets Set,1.5,,,True,,True,,,,,,,81.0,63.0,,0.14000000059604645,,,64.28569793701172,,,11.625,,,,1.75,56.25,,,,27.22640037536621,24.139699935913086,27.799999237060547,29.5,36.599998474121094,36.900001525878906,59.124698638916016,55.90190124511719,54.0442008972168,54.79999923706055,60.20000076293945,63.099998474121094,62.29999923706055,2226.89990234375,1959.6400146484375,1889.1500244140625,2331.820068359375,1994.5999755859375,1663.5,1523.800048828125,14863.0,14294.0,16215.0,17737.0,15910.0,15608.0,14326.0,13156.0,17781.0,21971.0,20910.0,23415.0,21677.0,19892.0,2870.0,1842.0,3739.0,4362.0,2697.0,2253.0,540.0,-744.0,-623.0,-637.0,-1040.0,-1003.0,-919.0,-602.0,48000.0,48000.0,44640.0,44730.0,44020.0,44020.0,40470.0,Estee Lauder Cos Inc/The,US5184391044,Consumer Staples
ELV UN Equity,Health Care Equipment & Servic,86.24400329589844,245.13600158691406,171.14700317382812,,,,1.4542200565338135,,0.41639700531959534,,,,,,Targets Set,1.5,False,True,True,True,True,,,,122.67900085449219,,,,,,,,11.0,90.90910339355469,False,5.0,8.9375,64.90910339355469,90.90910339355469,True,8.916669845581055,50.0,3.0,7.0,75.0,12.199999809265137,11.800000190734863,15.725000381469727,18.854000091552734,14.390000343322754,12.477999687194824,99.16899871826172,87.5,73.69999694824219,81.29000091552734,86.05699920654297,84.2750015258789,73.76599884033203,1192.2099609375,947.2000122070312,968.2000122070312,9601.8203125,7101.7099609375,6494.81982421875,5218.81982421875,104213.0,121867.0,138639.0,156595.0,171340.0,177011.0,199125.0,77453.0,86615.0,97460.0,102755.0,108928.0,116889.0,121494.0,8048.0,8641.0,10303.0,10266.0,10640.0,10623.0,9769.0,-1077.0,-1021.0,-1087.0,-1152.0,-1296.0,-1256.0,-1116.0,70600.0,83400.0,98200.0,102300.0,104900.0,104200.0,97100.0,Elevance Health Inc,US0367521038,Health Care
EME UN Equity,Capital Goods,,822.905029296875,,,,,,,,,,,,,Removed,,,,True,,,,,,,,,10.399999618530273,10.382499694824219,,,62.0,10.0,90.0,True,4.0,8.416669845581055,66.69999694824219,90.0,True,15.75,22.222200393676758,1.0,7.0,75.0,,150.61300659179688,170.53599548339844,176.7050018310547,182.56700134277344,,,,19.7450008392334,20.652000427246094,21.20199966430664,20.065000534057617,,,,1803.5799560546875,1523.56005859375,1610.1800537109375,1403.969970703125,,9174.611,8797.061,9903.58,11076.12,12582.873,14566.116,16986.422,4830.358,5063.84,5441.446,5524.607,6609.721,7716.473,9291.399,619.129,432.21299999999997,713.964,746.8309999999999,1081.179,1577.2040000000002,2020.8339999999998,-48.432,-47.969,-36.192,-49.289,-78.404,-74.95,-112.75,36000.0,33000.0,34000.0,35500.0,38300.0,40400.0,44000.0,EMCOR Group Inc,US29084Q1004,Industrials
EMR UN Equity,Capital Goods,299.3190002441406,896.969970703125,335.5889892578125,1262.0,,,58.0,3.0,,,0.004999999888241291,,,,Targets Set,1.5,True,True,True,False,True,176.0,,,,,16.0,33.0,,,,24.0,10.0,90.0,False,5.0,7.742420196533203,62.70000076293945,90.0,True,5.666669845581055,20.0,3.0,9.0,97.0,100.86900329589844,79.39399719238281,82.51000213623047,72.11699676513672,66.73600006103516,66.62200164794922,360.7489929199219,308.7239990234375,282.3550109863281,267.1549987792969,251.33099365234375,241.2570037841797,232.69700622558594,0.0,1845.0,9204.9404296875,7524.35009765625,8144.56982421875,7427.60009765625,7148.1298828125,18372.0,16785.0,12932.0,13804.0,15165.0,17492.0,18016.0,20497.0,22882.0,24715.0,35672.0,42746.0,44246.0,41964.0,3855.0,3552.0,2848.0,3628.0,4125.0,4237.0,4890.0,-594.0,-538.0,-404.0,-299.0,-363.0,-419.0,-431.0,88000.0,83500.0,86700.0,85500.0,67000.0,73000.0,71000.0,Emerson Electric Co,US2910111044,Industrials
EOG UN Equity,Energy,,,,,,,,,,,,,,,,,,,True,,,,,,,,,26.5,26.5,,0.029999999329447746,,9.0,88.88890075683594,True,3.0,8.76852035522461,65.77780151367188,88.88890075683594,True,5.0,,1.0,11.0,75.0,4500.0,5000.0,5100.0,5704.0,5899.6201171875,,,400.0,400.0,400.0,400.0,406.12799072265625,,,,,110300.0,118000.0,127002.0,,17307.229,11005.0,19139.0,26109.0,23161.0,23692.0,22598.0,37124.608,35805.0,38236.0,41371.0,43857.0,47186.0,51799.0,7946.0,3249.0,10048.0,13790.0,13482.0,12609.0,11313.0,-6422.0,-3465.0,-3850.0,-5000.0,-6185.0,-6372.0,-6594.0,,2900.0,2800.0,2850.0,3050.0,3150.0,3400.0,EOG Resources Inc,US26875P1012,Energy
EQIX UW Equity,Equity Real Estate Investment,2508.89990234375,8400.0,7950.0,6040.0,,,9.166000366210938,,3.941380023956299,,,,,,Targets Set,1.5,False,True,True,False,True,53.0,,,12.202400207519531,,13.0,28.200000762939453,35.0,0.0,0.2800000011920929,21.200000762939453,10.0,80.0,False,3.0,8.541669845581055,62.29999923706055,80.0,True,2.333329916000366,24.13789939880371,1.0,9.0,92.0,55.099998474121094,50.70000076293945,40.29999923706055,29.0,59.400001525878906,30.200000762939453,2081.0,2280.199951171875,2307.60009765625,2418.0,2623.800048828125,2645.699951171875,2478.699951171875,1311.0,1318.0,1504.0,1292.0,1249.0,1435.0,1623.9000244140625,5562.14,5998.545,6635.537,7263.105,8188.136,8748.0,9217.0,23965.615,27006.841,27918.698,30310.742,32650.724,35085.0,40141.0,2673.489,2693.596,2986.228,3150.355,3531.8459999999995,3566.0,4129.0,-2248.674,-2482.686,-2953.349,-2526.28,-3165.419,-3403.0,-5305.0,8378.0,10013.0,10944.0,12097.0,13151.0,13606.0,13716.0,Equinix Inc,US29444U7000,Real Estate
EQT UN Equity,Energy,3581.929931640625,12963.5,,11891.0,,,231.7310028076172,0.0009071839740499854,3.0744500160217285,7.0,0.8591560125350952,125.0,0.9430099725723267,,,,False,True,True,False,True,45.0,0.0,0.0,,80.27660369873047,7.360320091247559,24.0,7.142859935760498,0.0,0.12999999523162842,0.0,10.0,80.0,False,5.0,5.691669940948486,64.9000015258789,90.0,True,7.25,25.0,1.0,9.0,75.0,808.3510131835938,836.4080200195312,725.43798828125,683.780029296875,2194.60009765625,3474.7900390625,,2.813999891281128,5.298999786376953,5.294000148773193,35.37300109863281,100.42500305175781,107.14099884033203,,87465.3984375,100939.0,101018.0,105263.0,113702.0,121996.0,4066.165,3557.449,4680.893,6185.336,5647.763,6394.633,8225.084,18809.227,18113.469,21607.388,22669.926,25285.098,39830.255,41792.874,480.06800000000015,570.0909999999999,335.5530000000001,4405.597,4075.7219999999993,2895.1829999999995,5902.596,-1602.454,-1042.231,-1055.128,-1400.443,-2019.037,-2253.709,-2288.425,647.0,624.0,693.0,744.0,881.0,1461.0,1523.0,EQT Corp,US26884L1098,Energy
ERIE UW Equity,Insurance,,,,,,,,,,,,,,,,,False,False,True,False,False,,,,,,,,,,,,11.0,90.90910339355469,False,5.0,16.1742000579834,74.63639831542969,100.0,,10.33329963684082,33.33330154418945,1.0,5.0,75.0,,,,,,,,,,,,,,,,,,,,,2477.298,2536.489,2633.977,2840.124,3268.94,3795.115,4067.258,2016.24,2117.122,2242.057,2239.456,2471.964,2888.614,3355.481,388.152,372.452,355.30699999999996,422.38,567.6709999999999,732.985,786.634,-102.039,-55.528,-148.8,-67.204,-92.647,-124.845,-115.692,5700.0,5849.0,5805.0,5970.0,6481.0,6715.0,,Erie Indemnity Co,US29530P1021,Financials
ES UN Equity,Utilities,603.1270141601562,621.5230102539062,108.34500122070312,123541.0,,,225.06199645996094,3.2679998874664307,100.41899871826172,4.0,,,,,Removed,,False,True,True,False,True,244.0,0.0,0.0,,7.199999809265137,7.0,24.0,18.46150016784668,0.0,0.800000011920929,50.0,9.0,88.88890075683594,True,5.0,9.350000381469727,64.77780151367188,88.88890075683594,True,5.416669845581055,25.0,1.0,7.0,75.0,181.51699829101562,177.2480010986328,171.27000427246094,158.91200256347656,154.58700561523438,160.0780029296875,490.447998046875,479.5260009765625,493.84100341796875,445.0379943847656,439.8580017089844,449.14801025390625,443.04901123046875,19102.80078125,16472.599609375,32171.599609375,28780.69921875,28140.5,28536.099609375,29364.0,8526.47,8904.43,9863.085,12289.336,11910.705,11900.809,13547.244,41123.915,46099.598,48492.144,53230.9,55612.245,59594.529,63786.711,2682.8489999999997,3158.8929999999996,3340.4939999999997,3852.892,3226.458,4200.276,5406.076,-2911.489,-2942.996,-3175.08,-3441.852,-4336.849,-4480.529,-4158.669,8234.0,9299.0,9227.0,9626.0,10171.0,10680.0,10731.0,Eversource Energy,US30040W1080,Utilities
ESS UN Equity,Equity Real Estate Investment,,244.78700256347656,,,,,,,,,,,,,Targets Set,1.5,,True,True,,True,,,,,,,40.99129867553711,59.0,,1.4199999570846558,,9.0,88.88890075683594,False,3.0,12.268500328063965,69.33329772949219,88.88890075683594,True,3.5,60.0,1.0,4.0,75.0,30.704999923706055,33.987998962402344,31.615999221801758,31.871000289916992,28.9689998626709,,16.070999145507812,14.425000190734863,13.187000274658203,17.392000198364258,18.639999389648438,15.107000350952148,,,,,,,,,1460.155,1495.748,1440.556,1606.814,1669.395,1774.45,1887.345,12705.405,12936.177,12997.873,12372.905,12361.427,12927.359,13159.009,974.335,950.103,905.1419999999998,1038.178,1071.395,1316.124,1205.175,-292.059,-569.202,-203.265,-49.583,-32.97,-943.314,-893.539,1822.0,1799.0,1757.0,1772.0,1750.0,1715.0,1689.0,Essex Property Trust Inc,US2971781057,Real Estate
ETN UN Equity,Capital Goods,665.4229736328125,2167.300048828125,595.4819946289062,2650.0,,,213.96499633789062,17.94300079345703,189.29299926757812,,,,,,Targets Set,1.5,True,True,True,False,True,347.0,0.0,0.0,,11.5,14.0,33.79999923706055,26.299999237060547,0.0,0.1599999964237213,,12.0,91.66670227050781,False,6.0,7.143939971923828,63.33330154418945,91.66670227050781,True,1.3333300352096558,11.764699935913086,1.0,6.0,75.0,233.11700439453125,239.5019989013672,215.8769989013672,193.78500366210938,183.7519989013672,188.906005859375,638.0789794921875,555.3920288085938,559.8189697265625,553.9130249023438,551.4110107421875,517.7249755859375,476.5159912109375,77743.1015625,76614.3984375,77094.296875,55849.80078125,57404.3984375,51617.8984375,50366.19921875,21390.0,17858.0,19628.0,20752.0,23196.0,24878.0,27448.0,32805.0,31824.0,34027.0,35015.0,38432.0,38381.0,41251.0,3910.0,3038.0,4164.0,4151.0,5010.0,5779.0,6465.0,-587.0,-389.0,-575.0,-598.0,-757.0,-808.0,-919.0,101000.0,92000.0,86000.0,92000.0,94000.0,94000.0,97000.0,Eaton Corp PLC,IE00B8KQN827,Industrials
ETR UN Equity,Utilities,37766.1015625,,,,,,,,,,,,,,,,,,,,,,0.0,0.0,,,,23.0,29.810300827026367,0.0,0.01600000075995922,25.10420036315918,12.0,91.66670227050781,True,4.0,7.701389789581299,65.66670227050781,91.66670227050781,True,3.916670083999634,43.75,1.0,9.0,99.0,32949.0,35500.0,39500.0,35996.5,43184.69921875,37765.8984375,30.0,19.437999725341797,10.0,3.0,0.15700000524520874,0.15000000596046448,0.1469999998807907,4743.7998046875,3995.260009765625,15455.5,21121.0,27329.099609375,27342.19921875,30432.19921875,10878.673,10113.636,11742.896,13764.237,12147.412,11879.653,12946.686,51723.912,58239.212,59454.242,58595.191,59703.396,64790.032,71890.73,3636.376,4094.4159999999997,4157.637,4306.609,4930.59,5171.146,5816.057999999999,-4413.552,-5004.985,-6415.498,-5360.954,-4849.127,-5236.707,-8069.919,13635.0,12369.0,12369.0,11707.0,12177.0,12000.0,12000.0,Entergy Corp,US29364G1031,Utilities
EVRG UW Equity,Utilities,,45522.1015625,,,,,,,,,,,,,,,,,,,,,,,,,,22.0,19.040000915527344,,0.5,52.84000015258789,12.0,91.66670227050781,True,4.0,8.041669845581055,63.33330154418945,91.66670227050781,True,5.75,25.0,1.0,5.0,75.0,23951.69921875,26540.400390625,27594.900390625,23429.30078125,20975.900390625,,,,2.1029999256134033,2.700000047683716,2.9260001182556152,2.4619998931884766,,,,7.771999835968018,9.345000267028809,8.659000396728516,15.02180004119873,,5147.8,4913.4,5586.7,5859.1,5508.2,5847.3,5961.6,25975.9,27114.8,28520.5,29489.9,30976.1,32282.1,33948.5,2142.5,2125.3,2348.6000000000004,2299.0,2466.9,2686.3,2800.8,-1210.1,-1560.3,-1972.5,-2166.5,-2334.0,-2336.6,-2796.9,4617.0,5133.0,4930.0,4512.0,4658.0,4731.0,4691.0,Evergy Inc,US30034W1062,Utilities
EW UN Equity,Health Care Equipment & Servic,32.34600067138672,154.2209930419922,53.83000183105469,721.5059814453125,,,5.953000068664551,2.7090001106262207,3.131999969482422,,,,,,Targets Set,1.5,False,True,True,False,True,92.0,0.0,0.0,,19.0,,59.0,37.900001525878906,0.0,0.20999999344348907,,9.0,88.88890075683594,False,4.0,7.240739822387695,65.22219848632812,88.88890075683594,True,3.416670083999634,37.5,1.0,7.0,83.0,14.416000366210938,7.953999996185303,9.173999786376953,9.503000259399414,11.005999565124512,9.390999794006348,27.930999755859375,31.844999313354492,22.017000198364258,23.447999954223633,22.895000457763672,23.658000946044922,22.954999923706055,51.54999923706055,31.263999938964844,344.6780090332031,396.5790100097656,480.593994140625,600.4199829101562,,4348.0,4386.3,5232.5,5382.4,5010.0,5439.5,6067.6,6488.1,7237.1,8502.6,8292.5,9363.2,13055.3,13697.2,1264.0,1035.3000000000002,1857.0,1916.1999999999998,1480.7000000000003,1562.0,1450.1,-254.4,-407.0,-325.8,-244.6,-253.0,-252.4,-260.2,13900.0,14900.0,15700.0,17300.0,19800.0,15800.0,16000.0,Edwards Lifesciences Corp,US28176E1082,Health Care
EXC UW Equity,Utilities,,11208.7998046875,,204.4219970703125,,,973.530029296875,3.450700044631958,579.833984375,,,2516.0,,,,,False,True,True,False,True,241.0,0.0,0.0,,46.0,5.599999904632568,28.229999542236328,47.33000183105469,0.0,0.5899999737739563,42.0,9.0,88.88890075683594,False,4.0,4.546299934387207,63.444400787353516,88.88890075683594,True,3.833329916000366,46.66669845581055,1.0,6.0,75.0,479.0,467.0,483.0,240.0,236.0,235.0,5282.0,4572.0,,,,3583.0400390625,,93225.3984375,81717.3984375,87323.6015625,84526.8984375,84345.0,79720.0,82986.0,34438.0,33039.0,17938.0,19078.0,21727.0,23028.0,24258.0,124977.0,129317.0,133013.0,95349.0,101856.0,107784.0,116570.0,10423.0,9594.0,10252.0,6918.0,7583.0,7980.0,8837.0,-7284.0,-8171.0,-8122.0,-7175.0,-7408.0,-7097.0,-8529.0,32713.0,32340.0,31518.0,19063.0,19962.0,20014.0,20571.0,Exelon Corp,US30161N1019,Utilities
EXE UW Equity,Energy,2377.2900390625,56.0,,31322.0,8.859000205993652,,,,,,,35.0,0.0533003993332386,,,,False,True,True,False,True,2.0,0.0,0.0,,5.0,,19.0,13.039999961853027,0.0,0.0,0.0,9.0,88.88890075683594,False,3.0,4.370369911193848,58.0,89.0,True,0.6666669845581055,15.0,1.0,10.0,97.0,1860.0,1827.31005859375,3200.0,2370.0,1767.25,2357.97998046875,,63.0,57.0,60.0,7.0,22.66200065612793,19.304000854492188,,57000.0,59000.0,82000.0,67000.0,130000.0,141000.0,8634.0,5240.0,5809.0,11743.0,8721.0,4235.0,12124.0,16193.0,6584.0,11009.0,15468.0,14376.0,27894.0,28287.0,2259.0,-7589.0,1728.0,5584.0,4776.0,1014.0,5542.0,-2263.0,-1142.0,-735.0,-1823.0,-1829.0,-1557.0,-2931.0,2300.0,1532.0,1251.0,1200.0,1000.0,1700.0,1600.0,Expand Energy Corp,US1651677353,Energy
EXPD UN Equity,Transportation,44.0181999206543,142.34800720214844,,,,,,,,,,,,,,,False,True,True,False,True,87.0,,,,,11.399999618530273,,,0.0,0.4300000071525574,,9.0,88.88890075683594,False,3.0,9.111109733581543,64.77780151367188,88.88890075683594,True,1.5,23.809499740600586,1.0,5.0,75.0,6.610380172729492,7.749720096588135,9.76630973815918,9.457500457763672,8.074529647827148,8.292499542236328,41.75189971923828,38.83890151977539,42.94070053100586,44.51679992675781,43.05780029296875,36.120201110839844,35.72570037841797,5.871699810028076,1.4204699993133545,0.3192000091075897,1.1373599767684937,1.8200099468231201,3.4217801094055176,4.080510139465332,7942.417,9584.393,16523.517,17071.284,9300.11,10600.515,11069.009,3691.884,4927.503,7609.929,5590.434,4523.809,4754.458,4893.638,817.642,997.396,1960.638,1881.709,1007.693,1102.413,1109.315,-47.022,-47.543,-36.247,-86.824,-39.314,-40.466,-53.101,18000.0,17908.0,19588.0,20302.0,18100.0,18400.0,19800.0,Expeditors International of Wa,US3021301094,Industrials
EXPE UW Equity,Consumer Services,16.743999481201172,49.82720184326172,,,,,,,,,,,,,Targets Set,1.5,False,True,True,False,True,,,,,16.0,,48.099998474121094,,,,,11.0,63.63639831542969,False,3.0,9.696969985961914,53.63639831542969,81.81819915771484,False,2.416670083999634,20.0,1.0,4.0,,7.076000213623047,9.741999626159668,3.177999973297119,3.4509999752044678,5.533999919891357,3.7019999027252197,,16.701000213623047,13.925000190734863,14.269000053405762,13.515999794006348,13.196999549865723,13.041999816894531,,16.920000076293945,10.788999557495117,538.5070190429688,642.8909912109375,438.6809997558594,390.71099853515625,12067.0,5199.0,8598.0,11667.0,12839.0,13691.0,14733.0,21416.0,18690.0,21548.0,21561.0,21642.0,22388.0,24452.0,1983.0,-1667.0,1119.0,1976.0,1937.0,2242.0,2842.0,-1160.0,-797.0,-673.0,-662.0,-846.0,-756.0,-770.0,25400.0,19100.0,14800.0,16500.0,17100.0,16500.0,16000.0,Expedia Group Inc,US30212P3038,Consumer Discretionary
EXR UN Equity,Equity Real Estate Investment,213.91000366210938,770.7239990234375,68.59439849853516,1826.530029296875,,,39.375,,,,,,,,,,False,True,True,False,True,,,,,,,49.099998474121094,22.5,,0.3799999952316284,0.0,10.0,90.0,False,4.0,8.991669654846191,66.69999694824219,90.0,True,9.75,14.285699844360352,1.0,5.0,90.0,19.69300079345703,21.94499969482422,22.715999603271484,28.36400032043457,37.17100143432617,45.02399826049805,68.16200256347656,96.38400268554688,85.19999694824219,85.072998046875,116.81099700927734,178.7830047607422,168.88600158691406,,,,,75.14199829101562,,,1308.454,1356.212,1577.362,1924.17,2560.244,3256.902,3377.542,8532.377,9395.848,10474.477,12167.458,27456.262,28847.926,29264.046,875.083,919.2929999999999,1247.09,1370.9,1711.9769999999999,2148.9429999999993,2192.2129999999997,-403.211,-387.448,-1289.524,-1353.51,-420.892,-779.153,-1069.292,4048.0,4013.0,4309.0,4781.0,7618.0,8012.0,8393.0,Extra Space Storage Inc,US30225T1025,Real Estate
F UN Equity,Automobiles & Components,3047.0,10869.5,2120.22998046875,15260.0,5.0,,910.0,51.2599983215332,809.9000244140625,,,,,,Targets Set,1.5/Well-below 2,True,True,True,True,True,,1.0,1.0,,86.19999694824219,,27.899999618530273,26.5,0.0,0.4099999964237213,93.0,15.0,66.66670227050781,False,3.0,11.0556001663208,61.79999923706055,86.66670227050781,True,6.0,22.222200393676758,1.0,7.0,75.0,1111.530029296875,1069.9100341796875,1197.739990234375,1088.3599853515625,921.0,1006.0,3193.340087890625,2771.75,2616.0,2557.260009765625,2412.60009765625,2174.0,2041.0,476561.0,363025.0,342825.0,369870.0,53167.30078125,360907.0,341802.0,155900.0,127144.0,136341.0,158057.0,176191.0,184992.0,187267.0,258537.0,267261.0,257035.0,255884.0,273310.0,285196.0,289160.0,9515.0,3498.0,12269.0,14366.0,13710.0,13418.0,-607.0,-7632.0,-5742.0,-6227.0,-6866.0,-8236.0,-8684.0,-8815.0,190000.0,186000.0,183000.0,173000.0,177000.0,171000.0,169000.0,Ford Motor Co,US3453708600,Consumer Discretionary
FANG UW Equity,Energy,,3301.9599609375,,,,,,,,,,,,,,,,,True,,,11.0,,,,,19.0,25.0,10.0,0.0,0.44999998807907104,0.0,13.0,76.92310333251953,False,5.0,6.3140997886657715,61.46149826049805,100.0,True,1.4166699647903442,8.333330154418945,1.0,11.0,90.0,1192.56005859375,1252.6700439453125,1487.280029296875,1757.0400390625,1781.52001953125,,,281.0199890136719,528.2239990234375,674.0869750976562,953.8090209960938,1286.300048828125,,,,,45090.6015625,52453.80078125,70198.5,,4031.0,3056.0,5567.0,8793.0,8302.0,11015.0,15207.0,23531.0,17619.0,22898.0,26209.0,29001.0,67292.0,71059.0,2222.0,-3922.0,4051.0,7002.0,6206.0,7195.0,6485.0,-2921.0,-1859.0,-2299.0,-3505.0,-4714.0,-11787.0,-9461.0,712.0,732.0,870.0,972.0,1023.0,1983.0,1762.0,Diamondback Energy Inc,US25278X1090,Energy
FAST UW Equity,Capital Goods,,664.02197265625,,,,,,,,,,,,,,,,,,,,,,,,,,24.100000381469727,,,,0.0,11.0,81.81819915771484,False,5.0,9.569439888000488,58.727298736572266,90.90910339355469,True,0.25,30.0,1.0,4.0,75.0,134.41000366210938,132.0290069580078,132.87899780273438,130.8520050048828,128.28399658203125,,72.66699981689453,63.11149978637695,51.11709976196289,38.76300048828125,37.61800003051758,38.4379997253418,,,,,,,,,5333.7,5647.3,6010.9,6980.6,7346.7,7546.0,8200.5,3799.9,3964.7,4299.0,4548.6,4462.9,4698.0,5052.9,1324.0,1421.8000000000002,1501.5000000000002,1741.6999999999998,1823.6,1808.5,1963.0,-246.4,-168.1,-156.6,-173.8,-172.8,-226.5,-245.3,18968.0,17836.0,18334.0,19854.0,20721.0,20958.0,21602.0,Fastenal Co,US3119001044,Industrials
FCX UN Equity,Materials,7952.0,28245.599609375,5545.0,1812490.0,83.05999755859375,,759944.0,82.5,196.1999969482422,3.0,0.029538000002503395,,,,Removed,,True,True,True,True,True,,9.0,9.0,,192.0,8.0,15.0,25.709999084472656,0.0,0.3499999940395355,28.0,12.0,83.33329772949219,False,3.0,9.227270126342773,67.33329772949219,83.33329772949219,True,2.333329916000366,23.076900482177734,1.0,4.0,,4234.2998046875,4576.0,4928.0,5140.0,5408.0,5060.0,,,2872.06005859375,2881.409912109375,2831.75,2752.0,2892.0,1211.3299560546875,1729.25,5155.06005859375,5892.3701171875,6428.2001953125,6565.0,6041.0,14402.0,14198.0,22845.0,22780.0,22855.0,25455.0,25915.0,40809.0,42144.0,48022.0,51093.0,52506.0,54848.0,58167.0,2558.0,4007.0,10406.0,9102.0,8341.0,9149.0,8823.0,-2652.0,-1961.0,-2115.0,-3469.0,-4824.0,-4808.0,-4494.0,27500.0,24500.0,24700.0,25600.0,27200.0,28500.0,29000.0,Freeport-McMoRan Inc,US35671D8570,Materials
FDS UN Equity,Financial Services,14.562999725341797,42.64400100708008,,,,,3.1429998874664307,,0.367000013589859,,,,,,Targets Set,1.5,True,True,True,False,True,,,,,,10.800000190734863,41.29999923706055,,,,3.570310115814209,11.0,90.90910339355469,False,4.0,6.275000095367432,59.272701263427734,90.90910339355469,False,1.0833300352096558,30.0,3.0,6.0,75.0,1.0114699602127075,0.647350013256073,1.796030044555664,2.5859999656677246,2.509999990463257,2.5220000743865967,11.520899772644043,10.750900268554688,5.374080181121826,6.400259971618652,9.630000114440918,11.142000198364258,12.041000366210938,,,,52.32699966430664,95.447998046875,88.7020034790039,90.73799896240234,1435.351,1494.111,1591.445,1843.892,2085.508,2203.056,2321.748,1560.13,2083.388,2224.94,4014.305,3962.922,4055.04,4304.272,498.49800000000005,522.374,581.317,600.965,766.921,856.893,936.976,-59.37,-77.642,-61.325,-51.156,-60.786,-85.681,-108.806,9681.0,10484.0,10892.0,11203.0,12237.0,12398.0,12800.0,FactSet Research Systems Inc,US3030751057,Financials
FDX UN Equity,Transportation,,73629.203125,,,,,,,,,,,,,Targets Set,1.5,,,True,,,,,,,,,30.0,,,3.359999895095825,,13.0,76.92310333251953,False,4.0,10.125,62.61539840698242,76.92310333251953,True,4.333330154418945,45.454498291015625,1.0,10.0,75.0,15235.2998046875,16659.80078125,17113.599609375,15804.599609375,14842.099609375,13932.5,995.9879760742188,948.280029296875,935.7919921875,864.7109985351562,918.9810180664062,898.4840087890625,952.7440185546875,3099.2900390625,3230.570068359375,3852.75,4269.0,4807.7998046875,9839.080078125,14878.7998046875,69693.0,69217.0,83959.0,93512.0,90155.0,87693.0,87926.0,54403.0,73537.0,82777.0,85994.0,87143.0,87007.0,87627.0,7819.0,8700.0,12498.0,13315.0,12388.0,13172.0,12902.0,-5490.0,-5868.0,-5884.0,-6763.0,-6174.0,-5176.0,-4055.0,208000.0,223000.0,284000.0,345000.0,328000.0,430000.0,237000.0,FedEx Corp,US31428X1063,Industrials
FDXF UN Equity,Transportation,,,,,,,,,,,,,,,,,,,,,,,,,,,,,,,,,,,,,,,,,,,,,,,,,,,,,,,,,,,,,,,,,,,,,,,,8892.0,,,,,,,5022.0,,,,,,,2065.0,,,,,,,-437.0,,,,,,,,Fedex Freight Holding Co Inc,US3143521058,Industrials
FE UN Equity,Utilities,,,,,,,,,,,,,,,,,,True,True,,,,,,,,,20.5,29.78700065612793,,0.6000000238418579,44.0,10.0,90.0,False,4.0,6.018519878387451,61.099998474121094,90.0,True,3.333329916000366,25.0,1.0,9.0,75.0,14704.7001953125,15913.7998046875,16535.599609375,15207.400390625,14018.7001953125,,1099.8599853515625,1068.4300537109375,1263.27001953125,874.6500244140625,1140.8599853515625,802.885009765625,,31905.19921875,28257.69921875,30289.900390625,31830.400390625,24245.099609375,18314.30078125,,11035.0,10790.0,11132.0,12459.0,12870.0,13472.0,15090.0,42301.0,44464.0,45432.0,46108.0,48767.0,52044.0,55904.0,3763.0,3404.0,3443.0,3284.0,3612.0,3963.0,3813.0,-2665.0,-2657.0,-2445.0,-2756.0,-3356.0,-4030.0,-4705.0,12316.0,12153.0,12395.0,12335.0,12042.0,12294.0,11186.0,FirstEnergy Corp,US3379321074,Utilities
FERG UN Equity,Capital Goods,238.0709991455078,961.4390258789062,221.13099670410156,,,,,,,,,,,,,,False,True,True,False,True,,,,,1.5,,24.0,27.0,,0.5899999737739563,,11.0,81.81819915771484,False,4.0,6.26515007019043,61.181800842285156,81.81819915771484,True,6.916669845581055,7.692309856414795,1.0,4.0,75.0,162.6929931640625,165.21099853515625,172.468994140625,171.2790069580078,162.79200744628906,164.92599487304688,94.33799743652344,90.14099884033203,76.41600036621094,80.33999633789062,80.30999755859375,85.302001953125,73.1449966430664,159.7570037841797,185.79200744628906,192.49200439453125,215.031005859375,341.4079895019531,47628.80078125,52030.19921875,22010.0,19940.0,22792.0,28566.0,29734.0,29635.0,30762.0,11386.0,13456.0,13709.0,15661.0,15994.0,16572.0,17729.0,1690.0,2051.0,2248.0,3121.0,2980.0,2987.0,3463.0,-382.0,-215.0,-241.0,-290.0,-441.0,-372.0,-305.0,,,,,,,,Ferguson Enterprises Inc,US31488V1070,Industrials
FFIV UW Equity,Technology Hardware & Equipmen,10.791999816894531,31.395000457763672,11.930100440979004,,,,,,,,,,,,Targets Set,1.5,False,False,True,False,True,,,,,,,26.399999618530273,25.0,,,0.0,12.0,91.66670227050781,False,5.0,4.75,58.5,91.66670227050781,True,9.5,30.76919937133789,1.0,9.0,75.0,0.5009999871253967,1.281000018119812,1.2660000324249268,1.284999966621399,0.871999979019165,0.4309999942779541,,,,,,,10.361000061035156,,,176.94900512695312,196.1479949951172,136.4149932861328,167.3350067138672,152.29100036621094,2242.447,2350.822,2603.416,2695.845,2813.169,2816.12,3088.072,3390.275,4677.92,4997.28,5276.194,5248.333,5613.004,6319.492,586.97,538.049,557.442,566.703,632.306,806.237,897.978,-103.542,-59.94,-30.651,-33.624,-54.184,-30.412,-43.26,5325.0,6110.0,6461.0,7089.0,6459.0,6491.0,6578.0,F5 Inc,US3156161024,Information Technology
FICO UN Equity,Software & Services,,,,,,,,,,,,,,,,,False,,True,False,False,,,,,,,33.0,,,,0.0,8.0,87.5,False,3.0,11.281200408935547,62.875,87.5,True,14.75,,1.0,4.0,75.0,,,,,,,,,,,,,,,,,,,,,1160.083,1294.562,1316.536,1377.27,1513.557,1717.526,1990.869,1433.448,1606.24,1567.776,1442.034,1575.281,1717.884,1868.133,285.16,349.96000000000004,550.6320000000002,581.3050000000001,673.633,760.804,951.027,-23.981,-21.989,-7.569,-6.029,-4.237,-25.551,-8.922,4009.0,4003.0,3662.0,3404.0,3455.0,3586.0,3811.0,Fair Isaac Corp,US3032501047,Information Technology
FIS UN Equity,Financial Services,51.816001892089844,141.1490020751953,4.131669998168945,362.0,,,,,,,,,,,,,False,True,True,False,True,,,,,,9.0,38.0,,,,4.545450210571289,9.0,88.88890075683594,False,3.0,5.2870402336120605,61.66669845581055,88.88890075683594,True,3.833329916000366,28.571399688720703,1.0,10.0,89.0,15.049300193786621,10.208999633789062,12.92199993133545,9.987000465393066,8.887999534606934,10.444999694824219,97.63400268554688,73.99819946289062,60.02399826049805,58.54199981689453,50.37300109863281,43.84700012207031,41.37099838256836,556.64697265625,540.85400390625,453.2300109863281,529.010986328125,480.531005859375,449.4849853515625,380.8349914550781,10333.0,12552.0,13877.0,9720.0,9831.0,10127.0,10677.0,83806.0,83842.0,82931.0,63278.0,54973.0,33784.0,33488.0,3558.0,4476.0,5229.0,5179.0,4212.0,3519.0,3701.0,-200.0,-263.0,-320.0,-268.0,-142.0,-97.0,-154.0,,62000.0,65000.0,69000.0,60000.0,50000.0,44000.0,Fidelity National Information,US31620M1062,Financials
FISV UW Equity,Financial Services,,293.885986328125,,,,,,,,,,,,,,,,True,True,,True,,,,,,,39.0,,,,,10.0,90.0,False,3.0,3.0757598876953125,60.0,90.0,True,0.33333298563957214,22.222200393676758,1.0,15.0,75.0,21.711000442504883,22.30299949645996,17.636999130249023,21.367000579833984,23.80900001525879,,131.54400634765625,121.96800231933594,105.77300262451172,109.87000274658203,100.20700073242188,94.91400146484375,,182.6820068359375,123.49400329589844,964.1129760742188,1090.800048828125,782.14599609375,670.9290161132812,,10187.0,14852.0,16226.0,17737.0,19093.0,20456.0,21193.0,77539.0,74619.0,76249.0,83869.0,90890.0,77176.0,80133.0,3467.0,5260.0,5646.0,7095.0,8320.0,9167.0,9180.0,-721.0,-900.0,-1160.0,-1479.0,-1388.0,-1569.0,-1763.0,44000.0,44000.0,44000.0,41000.0,42000.0,38000.0,38000.0,Fiserv Inc,US3377381088,Financials
FITB UN Equity,Banks,60.308998107910156,181.73500061035156,128.13999938964844,,,,10.867199897766113,,2.6970601081848145,,,,,,,,False,True,True,False,True,,,,,22.0,16.399999618530273,57.0,28.889999389648438,,,,13.0,92.30770111083984,True,7.0,7.25,63.76919937133789,92.30770111083984,True,4.25,,1.0,12.0,75.0,12.994999885559082,12.479000091552734,11.645000457763672,9.859000205993652,9.449000358581543,11.065999984741211,79.41699981689453,72.69499969482422,64.927001953125,65.07499694824219,60.284000396728516,51.41299819946289,49.24300003051758,12.270999908447266,3.9519999027252197,406.489013671875,28817.30078125,24548.30078125,17067.900390625,14388.900390625,9790.0,8402.0,8329.0,9353.0,12641.0,13275.0,12938.0,169369.0,204680.0,211116.0,207452.0,214574.0,212927.0,214376.0,,,,,,,,-243.0,-305.0,-309.0,-348.0,-491.0,-414.0,-584.0,19869.0,19872.0,19112.0,19319.0,18724.0,18616.0,18676.0,Fifth Third Bancorp,US3167731005,Financials
FIX UN Equity,Capital Goods,97.33899688720703,381.3030090332031,,217.0,,,,,,,,,,,,,True,True,True,False,True,211.0,,,,2.0999999046325684,32.0,11.0,,0.0,,0.039000000804662704,10.0,90.0,False,5.0,12.26669979095459,64.0,90.0,True,14.83329963684082,28.571399688720703,1.0,10.0,75.0,,,71.9800033569336,76.03399658203125,74.12200164794922,80.71600341796875,,,,13.458000183105469,13.928000450134277,13.399999618530273,16.62299919128418,,,,,,,,2615.277,2856.659,3073.636,4140.364,5206.76,7027.476,9101.641,1505.012,1757.355,2209.114,2597.478,3305.579,4711.088,6441.169,240.01100000000002,279.48,291.582,381.1959999999999,586.054,1031.7540000000001,1644.048,-31.75,-24.131,-22.33,-48.359,-94.838,-111.071,-154.903,12000.0,11100.0,13200.0,14100.0,15800.0,18300.0,22700.0,Comfort Systems USA Inc,US1999081045,Industrials
FLEX UW Equity,Technology Hardware & Equipmen,,1716.2900390625,,,,,,,,,,,,,Targets Set,1.5,True,True,True,,,,,,,,,45.0,,,0.10000000149011612,,9.0,77.77780151367188,False,4.0,8.314809799194336,63.555599212646484,88.88890075683594,True,7.666669845581055,5.882349967956543,1.0,8.0,94.0,102.36399841308594,76.427001953125,81.64700317382812,86.99099731445312,83.62999725341797,78.93499755859375,822.75,724.4650268554688,639.2169799804688,658.0239868164062,660.906005859375,642.5980224609375,588.4229736328125,284.3630065917969,106851.0,102003.0,103663.0,136776.0,115278.0,147081.0,26210.511,24209.87,24124.0,26041.0,28502.0,26415.0,25813.0,13499.367,13689.617,15836.0,19325.0,21407.0,18257.0,18381.0,1130.532,1233.011,1583.0,1612.0,1667.0,1557.0,1881.0,-725.606,-461.745,-351.0,-443.0,-635.0,-530.0,-438.0,200000.0,160000.0,167201.0,172648.0,172108.0,148115.0,147979.0,Flex Ltd,SG9999000020,Information Technology
FOX UW Equity,Media & Entertainment,,221.60000610351562,,,,,,,,,,,,,,,,True,True,,True,,,,,,,40.189998626708984,31.3700008392334,,,,,85.71430206298828,,,5.952380180358887,,,,8.0,13.33329963684082,,,,16.57200050354004,13.954000473022461,16.80699920654297,14.265999794006348,14.819999694824219,13.965999603271484,,49.27299880981445,48.86800003051758,49.57099914550781,52.944000244140625,53.40299987792969,53.784000396728516,,10.614999771118164,3.869999885559082,9.03499984741211,11.876999855041504,10.581000328063965,11.57800006866455,11389.0,12303.0,12909.0,13974.0,14913.0,13980.0,16300.0,19509.0,21750.0,22926.0,22185.0,21866.0,21972.0,23195.0,2617.0,2430.0,3156.0,3065.0,3209.0,2947.0,3410.0,-235.0,-359.0,-484.0,-307.0,-357.0,-345.0,-331.0,7700.0,9000.0,9000.0,10600.0,10400.0,10200.0,10400.0,Fox Corp,US35137L2043,Communication Services
FRT UN Equity,Equity Real Estate Investment,26.273000717163086,101.52100372314453,34.5620002746582,767.1500244140625,,,54.29130172729492,,,0.0,0.0,,,,Targets Set,1.5,False,True,True,False,True,8.0,,,,,9.0,53.799400329589844,33.0,0.0,,0.0,8.0,87.5,False,4.0,11.83329963684082,62.875,87.5,True,23.75,40.476200103759766,1.0,5.0,99.0,3.3570001125335693,4.008999824523926,4.442999839782715,3.697000026702881,3.5339999198913574,3.7909998893737793,23.645999908447266,20.844999313354492,23.46299934387207,23.990999221801758,22.277999877929688,22.454999923706055,22.48200035095215,,16.447999954223633,180.31700134277344,216.58999633789062,207.3699951171875,207.67599487304688,230.31500244140625,935.788,835.494,951.224,1074.378,1132.154,1202.452,1278.975,6794.992,7607.624,7622.32,8233.991,8436.512,8524.757,9130.46,600.339,452.38,590.438,741.4720000000001,724.584,766.962,825.844,-204.516,-9.589,-366.466,-438.494,-60.628,-273.927,-735.274,308.0,307.0,310.0,314.0,297.0,304.0,314.0,Federal Realty Investment Trus,US3137451015,Real Estate
FSLR UW Equity,Semiconductors & Semiconductor,947.2260131835938,1960.989990234375,4.945000171661377,5939.0,8.587300300598145,,84.32499694824219,9.70199966430664,71.2490005493164,,,,,,Targets Set,1.5,False,True,True,True,True,71.0,,,,0.5831109881401062,,25.0,,1.0,0.23999999463558197,11.0,9.0,77.77780151367188,False,3.0,11.33329963684082,65.22219848632812,88.88890075683594,True,10.25,18.181800842285156,1.0,7.0,75.0,7.0370001792907715,8.53600025177002,7.690000057220459,11.637999534606934,16.593000411987305,22.38599967956543,550.9080200195312,463.9179992675781,562.22998046875,605.7139892578125,793.1710205078125,931.8790283203125,924.8400268554688,1677.6800537109375,1611.1800537109375,1985.47998046875,2679.639892578125,3660.14990234375,4401.7001953125,4459.509765625,3063.117,2711.332,2923.377,2619.319,3318.602,4206.289,5219.376,7515.689,7108.931,7413.746,8251.228,10365.132,12124.361,13321.31,65.523,569.153,864.332,257.122,1177.35,1832.3210000000001,2146.337,-668.717,-416.635,-540.291,-903.605,-1386.775,-1526.076,-869.875,6600.0,5100.0,4800.0,5500.0,6700.0,8100.0,7900.0,First Solar Inc,US3364331070,Information Technology
FTNT UW Equity,Software & Services,17.113000869750977,74.13279724121094,45.22100067138672,,,,0.11699999868869781,,,,,,,,Targets Set,1.5,True,True,True,False,True,,,,,,11.0,20.0,13.0,,,0.0,8.0,75.0,True,3.0,10.768500328063965,65.5,75.0,True,26.0,9.090909957885742,1.0,4.0,75.0,1.0161000490188599,1.2094000577926636,1.2056000232696533,1.3282999992370605,1.6059999465942383,1.7280000448226929,3.28439998626709,2.4110000133514404,3.2539000511169434,4.589600086212158,5.4222002029418945,9.83899974822998,15.385000228881836,,,0.0,3802.389892578125,2023.949951171875,1855.4200439453125,2518.10009765625,2163.0,2594.4,3342.2,4417.4,5304.8,5955.8,6799.6,3879.2,4044.5,5919.1,6228.0,7258.9,9763.1,10389.2,427.90000000000003,619.0999999999999,761.3,1111.0,1397.5,1970.7,2288.3999999999996,-92.2,-125.9,-295.9,-281.2,-204.1,-378.9,-364.8,7082.0,8238.0,10195.0,12595.0,13568.0,14138.0,15109.0,Fortinet Inc,US34959E1091,Information Technology
FTV UN Equity,Capital Goods,15.286999702453613,57.717498779296875,,116.0,1.7200000286102295,,8.977999687194824,0.03999999910593033,,,,,,65.0,,,True,True,True,False,True,,,,,1.4800000190734863,,39.0,39.0,,,,9.0,88.88890075683594,False,4.0,4.341670036315918,59.222198486328125,88.88890075683594,True,1.3333300352096558,8.333330154418945,1.0,5.0,75.0,14.991999626159668,10.21500015258789,10.75100040435791,7.954999923706055,8.77299976348877,5.294000148773193,15.220000267028809,12.770000457763672,12.47599983215332,9.711000442504883,10.880000114440918,8.368000030517578,9.993000030517578,,,18.347000122070312,659.3159790039062,599.9199829101562,290.3030090332031,287.3059997558594,4563.9,4634.4,5254.7,5825.7,6065.3,6231.8,4159.1,17439.0,16051.5,16465.5,15890.6,16911.8,17016.1,11737.7,865.4,983.4,1268.3,1509.0,1639.5,1801.5,1188.4,-74.5,-75.7,-50.0,-95.8,-107.8,-120.4,-105.1,25000.0,25000.0,18000.0,18000.0,18000.0,18000.0,10000.0,Fortive Corp,US34959J1088,Industrials
GD UN Equity,Capital Goods,,5994.93994140625,,,,,,,,,,,,,,,,,True,,,,,,,,,23.0,24.0,,,23.0,13.0,92.30770111083984,True,7.0,8.134610176086426,68.53849792480469,92.30770111083984,True,13.75,,1.0,8.0,99.5,345.9389953613281,461.2409973144531,489.8420104980469,458.95098876953125,523.0380249023438,,448.8659973144531,393.8970031738281,398.2560119628906,382.7569885253906,370.4809875488281,376.22601318359375,,383.802001953125,224.31300354003906,271.23699951171875,339.71099853515625,263.4670104980469,2008.8800048828125,,39350.0,37925.0,38469.0,39407.0,42272.0,47716.0,52550.0,49349.0,51308.0,50073.0,51585.0,54810.0,55880.0,57249.0,5718.0,5321.0,5358.0,5386.0,5411.0,5983.0,6594.0,-987.0,-967.0,-887.0,-1114.0,-904.0,-916.0,-1161.0,102900.0,100700.0,103100.0,106500.0,111600.0,117000.0,117000.0,General Dynamics Corp,US3695501086,Industrials
GDDY UN Equity,Software & Services,20.98699951171875,71.78700256347656,52.76900100708008,,,,,,,,,,,,,,True,True,True,False,True,,,,,3.5217700004577637,16.540000915527344,30.399999618530273,,,,0.0,9.0,88.88890075683594,False,4.0,7.046299934387207,60.555599212646484,88.88890075683594,True,7.083330154418945,25.0,1.0,5.0,75.0,1.3029999732971191,1.218999981880188,1.2419999837875366,0.8320000171661377,0.8320000171661377,1.625,54.5359992980957,49.141998291015625,48.095001220703125,38.10900115966797,27.16200065612793,20.384000778198242,19.36199951171875,131.5229949951172,120.3479995727539,152.7519989013672,142.2259979248047,127.9280014038086,99.68000030517578,105.4749984741211,2988.1,3316.7,3815.7,4091.3,4254.1,4573.2,4951.1,6301.2,6432.9,7417.1,6973.5,7564.9,8235.4,8034.9,464.9,525.1,625.6,729.6,741.3000000000001,1046.1,1260.1999999999998,-87.6,-66.5,-51.1,-59.7,-42.0,-26.6,-23.9,7024.0,6621.0,6611.0,6910.0,6159.0,5518.0,5845.0,GoDaddy Inc,US3802371076,Information Technology
GE UN Equity,Capital Goods,751.1829833984375,2564.5400390625,1168.030029296875,8350.0,,,,,,,0.0070050000213086605,,,,,,True,True,True,False,True,273.0,0.0,0.0,,22.5,,19.799999237060547,,0.0,,32.189998626708984,10.0,90.0,True,5.0,5.00832986831665,64.5999984741211,90.0,True,8.0,14.285699844360352,1.0,7.0,75.0,306.7080078125,280.0469970703125,282.45599365234375,294.5369873046875,288.6629943847656,317.50299072265625,513.0780029296875,485.7919921875,436.50299072265625,441.302001953125,441.385009765625,418.01300048828125,433.67999267578125,51350.0,32450.0,24830.0,25050.0,35843.3984375,37646.6015625,172940.0,90221.0,75833.0,74196.0,76555.0,35348.0,38702.0,45855.0,265177.0,256211.0,198874.0,187788.0,173300.0,123140.0,130169.0,7923.0,3663.0,7456.0,6018.0,5364.0,7009.0,10097.0,-2216.0,-1579.0,-1250.0,-1371.0,-862.0,-1032.0,-1273.0,,174000.0,168000.0,172000.0,125000.0,,57000.0,General Electric Co,US3696043013,Industrials
GEHC UW Equity,Health Care Equipment & Servic,286.0,981.1640014648438,284.32598876953125,1682.010009765625,,,40.965999603271484,2.7009999752044678,16.885000228881836,,,,,,,,True,True,True,False,True,,0.0,0.0,,,,33.5,38.5,0.0,0.15000000596046448,36.0,9.0,88.88890075683594,False,4.0,3.541670083999634,63.88890075683594,88.88890075683594,True,4.75,31.25,1.0,7.0,75.0,119.55000305175781,117.4749984741211,120.0,115.0,105.0,104.0,192.20700073242188,174.8520050048828,174.4510040283203,181.0,169.0,181.0,182.0,,,,6061.0,6349.0,5631.0,5514.0,16633.0,17164.0,17585.0,18341.0,19552.0,19672.0,20625.0,,24228.0,26308.0,27539.0,32454.0,33089.0,36906.0,2783.0,3485.0,3534.0,3270.0,3166.0,3339.0,3477.0,-263.0,-237.0,-242.0,-310.0,-387.0,-401.0,-482.0,,,,50000.0,51000.0,53000.0,54000.0,GE HealthCare Technologies Inc,US36266G1076,Health Care
GEN UW Equity,Software & Services,6.497000217437744,66.19300079345703,5.925829887390137,68.6449966430664,,,0.2460000067949295,,0.09700000286102295,0.0,0.0,,,,,,True,True,True,False,True,,,,,4.851039886474609,,35.0,34.0,,,2.0,9.0,77.77780151367188,True,3.0,5.370369911193848,59.66669845581055,88.88890075683594,True,6.916669845581055,50.0,1.0,9.0,75.0,6.88100004196167,1.49399995803833,1.062000036239624,0.9639999866485596,0.4230000078678131,0.414000004529953,60.0,30.990999221801758,17.055999755859375,11.52400016784668,13.680999755859375,12.074999809265137,8.430000305175781,45.0,180.10800170898438,69.27999877929688,70.73100280761719,93.14800262451172,86.7322998046875,77.02999877929688,2456.0,2490.0,2551.0,2796.0,3338.0,3800.0,3935.0,15938.0,7735.0,6361.0,6943.0,15947.0,15793.0,15495.0,773.0,750.0,1063.0,1161.0,1572.0,1595.0,2029.0,-207.0,-89.0,-6.0,-6.0,-6.0,-20.0,-15.0,11923.0,3662.0,2808.0,2688.0,3700.0,3400.0,3500.0,Gen Digital Inc,US6687711084,Information Technology
GEV UN Equity,Capital Goods,529.7869873046875,1762.0799560546875,,,,,,,,0.0,0.0,1.0,,,,,True,True,True,True,True,,2.0,4.0,,,,18.0,24.0,2.0,,11.300000190734863,9.0,88.88890075683594,False,5.0,2.5370399951934814,63.11109924316406,88.88890075683594,True,4.916669845581055,21.428600311279297,3.0,9.0,75.0,,,,246.81199645996094,226.81100463867188,215.70599365234375,,,,,376.5369873046875,360.37701416015625,314.08099365234375,,,,,1119000.0,797000.0,1235000.0,,,33006.0,29654.0,33239.0,34935.0,38068.0,,,,44471.0,46121.0,51485.0,63016.0,,,292.0,-1084.0,41.0,1643.0,2461.0,,,-577.0,-513.0,-744.0,-883.0,-1277.0,,,,,,,,GE Vernova Inc,US36828A1016,Industrials
GILD UW Equity,"Pharmaceuticals, Biotechnology",,447.29901123046875,,,,,,,,,,,,,Targets Set,1.5,True,True,True,False,True,62.0,,,,18.0,,53.0,36.0,0.0,0.10000000149011612,,9.0,88.88890075683594,True,3.0,6.944439888000488,67.33329772949219,88.88890075683594,True,7.583330154418945,58.33330154418945,1.0,5.0,75.0,48.630001068115234,55.104000091552734,55.91899871826172,56.09600067138672,53.85599899291992,,55.369998931884766,52.5260009765625,57.255001068115234,57.255001068115234,53.77799987792969,45.68000030517578,,972.5880126953125,1151.949951171875,1034.449951171875,1202.699951171875,1121.800048828125,998.0999755859375,,22449.0,24689.0,27305.0,27281.0,27116.0,28754.0,29443.0,61627.0,68407.0,67952.0,63171.0,62125.0,58995.0,59023.0,5853.0,5722.0,12124.0,9595.0,10463.0,4592.0,12782.0,-825.0,-650.0,-579.0,-728.0,-585.0,-523.0,-563.0,11800.0,13600.0,14400.0,17000.0,18000.0,17600.0,17000.0,Gilead Sciences Inc,US3755581036,Health Care
GIS UN Equity,"Food, Beverage & Tobacco",,2639.0,,,,,,,,,,,,,Targets Set,1.5,,True,True,,,,0.0,0.0,,,,,,0.0,,,12.0,91.66670227050781,True,5.0,7.673079967498779,64.08329772949219,91.66670227050781,True,9.333330154418945,38.46149826049805,1.0,6.0,75.0,332.0,364.3110046386719,318.7850036621094,335.6000061035156,308.0,340.0,591.85400390625,512.0,579.2100219726562,514.7000122070312,534.2000122070312,492.0,469.0,14606.2998046875,19092.0,19254.80078125,19234.400390625,19110.80078125,15084.400390625,14587.0,16865.2,17626.6,18127.0,18992.8,20094.2,19857.2,19486.6,30111.2,30806.7,31841.9,31090.1,31451.7,31469.9,33071.1,3136.0,3682.1000000000004,3878.8,4175.8,4108.0,4113.299999999999,3989.5,-537.6,-460.8,-530.8,-568.7,-689.5,-774.1,-625.3,40000.0,35000.0,35000.0,32500.0,34000.0,34000.0,33000.0,General Mills Inc,US3703341046,Consumer Staples
GL UN Equity,Insurance,7.090000152587891,15.390999794006348,,97.96710205078125,,,1.156999945640564,,0.9319999814033508,,,,,,,,False,True,True,False,True,,,,,8.0,,68.0,22.360000610351562,,,,12.0,83.33329772949219,True,4.0,3.863640069961548,64.33329772949219,83.33329772949219,True,3.75,,1.0,7.0,75.0,,1.1660000085830688,1.2369999885559082,1.5529999732971191,1.4589999914169312,1.7070000171661377,,,6.38100004196167,6.427000045776367,5.392000198364258,5.322000026702881,5.382999897003174,,,44.12699890136719,44.67900085449219,41.78300094604492,38.1510009765625,23.17799949645996,4527.532,4737.921,5112.869,5214.906,5447.533,5778.069,5994.318,25977.46,29046.731,29768.048,25537.159,28051.499,29076.181,30813.692,,,,,,,,-42.203,-41.756,-38.244,-27.929,-49.553,-71.045,-142.484,3196.0,3261.0,3222.0,3543.0,3636.0,3732.0,3695.0,Globe Life Inc,US37959E1029,Financials
GLW UN Equity,Technology Hardware & Equipmen,,10289.900390625,,18994.80078125,,,,,366.7099914550781,0.0,0.0,,,,Targets Set,1.5,False,True,True,False,False,191.0,,,,10.163700103759766,15.300000190734863,41.0,,0.0,0.12999999523162842,66.0,10.0,90.0,True,3.0,10.933300018310547,66.80000305175781,90.0,True,21.5,23.076900482177734,1.0,6.0,100.0,625.0189819335938,821.4769897460938,773.2529907226562,727.468017578125,669.2630004882812,741.1209716796875,1907.550048828125,1891.4599609375,2613.06005859375,3097.610107421875,3214.10009765625,2895.169921875,,6059.52001953125,4171.7900390625,6083.52001953125,5991.2001953125,4520.56005859375,4771.02978515625,,11503.0,11303.0,14082.0,14189.0,12588.0,13118.0,15629.0,28898.0,30775.0,30154.0,29499.0,28500.0,27735.0,30976.0,2919.0,2162.0,3732.0,3037.0,2430.0,2655.0,3791.0,-1978.0,-1377.0,-1637.0,-1604.0,-1390.0,-965.0,-1282.0,49500.0,50110.0,61200.0,57500.0,49800.0,56300.0,67200.0,Corning Inc,US2193501051,Information Technology
GM UN Equity,Automobiles & Components,3458.580078125,12490.7001953125,4178.14990234375,16976.30078125,,,1334.1800537109375,22.881000518798828,,,,,,,Targets Set,1.5/Well-below 2,True,True,,,True,,,,,,,25.299999237060547,35.70000076293945,,0.3499999940395355,,11.0,90.90910339355469,True,5.0,8.066670417785645,63.63639831542969,90.90910339355469,True,12.75,20.0,1.0,7.0,99.0,1214.1199951171875,1094.75,1312.31005859375,1304.5699462890625,1248.6300048828125,1258.1600341796875,4381.97021484375,3087.820068359375,2050.050048828125,2268.9599609375,2341.280029296875,2365.889892578125,2200.419921875,249384.0,254440.0,318716.0,327270.0,352622.0,364600.0,365496.0,137237.0,122485.0,127004.0,156735.0,171842.0,187442.0,185019.0,228037.0,235194.0,244718.0,264037.0,273064.0,279761.0,281284.0,19953.0,19766.0,21669.0,21921.0,21532.0,25542.0,17875.0,-7592.0,-5300.0,-7509.0,-9238.0,-10970.0,-10830.0,-9303.0,164000.0,155000.0,157000.0,167000.0,163000.0,162000.0,155000.0,General Motors Co,US37045V1008,Consumer Discretionary
GNRC UN Equity,Capital Goods,71.02300262451172,208.5970001220703,0.0,118.5,,,25.825000762939453,0.3201099932193756,20.3700008392334,,,0.0,0.0,,,,False,True,True,False,True,111.0,,,,1.3799999952316284,,27.200000762939453,,0.0,0.2800000011920929,,10.0,90.0,True,5.0,11.716699600219727,62.099998474121094,90.0,True,18.08329963684082,27.2726993560791,3.0,6.0,75.0,,0.0,35.71900177001953,34.279998779296875,30.367000579833984,41.888999938964844,,,0.0,27.413999557495117,26.534000396728516,26.707000732421875,29.134000778198242,,,,,,,,2204.336,2485.2,3737.184,4564.737,4022.667,4295.834,4209.147,2665.669,3235.423,4877.78,5169.462,5093.312,5109.331,5573.679,442.719,566.527,835.6089999999999,758.763,591.7810000000001,755.3969999999999,512.67,-60.802,-62.128,-109.992,-86.188,-129.06,-136.733,-169.85,5412.0,6452.0,8955.0,9160.0,8600.0,9239.0,9400.0,Generac Holdings Inc,US3687361044,Industrials
GOOG UW Equity,Media & Entertainment,,32727.80078125,,,,,,,,,,,,,Targets Set,1.5,,True,,,True,,,,,,,34.099998474121094,,,,,10.0,70.0,False,3.0,17.233299255371094,64.19999694824219,90.0,,6.833330154418945,50.0,1.0,8.0,75.0,55.79999923706055,64.0999984741211,91.19999694824219,79.4000015258789,73.0999984741211,,5116.89990234375,5865.10009765625,6576.2001953125,8045.39990234375,9252.900390625,11283.2001953125,,13534.0,7770.0,8633.0,9317.0,10794.0,12053.0,,161857.0,182527.0,257637.0,282836.0,307394.0,350018.0,402836.0,275909.0,319616.0,359268.0,365264.0,402392.0,450256.0,595281.0,47832.0,57188.0,93854.0,93670.0,99601.0,131005.0,153520.0,-23548.0,-22281.0,-24640.0,-31485.0,-32251.0,-52535.0,-91447.0,118899.0,135301.0,156500.0,190234.0,182502.0,183323.0,190820.0,Alphabet Inc,US02079K1079,Communication Services
GPC UN Equity,Consumer Discretionary Distrib,,,,,,,,,,,,,,,,,,,True,,,,,,,,,,,,,,12.0,75.0,False,3.0,4.613639831542969,61.33330154418945,91.66670227050781,True,0.08333329856395721,11.111100196838379,1.0,5.0,100.0,,242.81700134277344,217.83599853515625,232.71099853515625,144.24400329589844,,,,132.00799560546875,117.7969970703125,111.79199981689453,237.25599670410156,,5.657479763031006,1.469539999961853,,,,,,17522.234,16537.433,18870.51,22095.973,23090.61,23486.569,24300.141,14645.629,13440.215,14352.102,16495.379,17968.454,19282.705,20795.54,1478.202,1001.0999999999999,1790.1190000000001,2312.043,2478.3120000000004,2096.848,2030.117,-277.873,-153.502,-266.136,-339.632,-512.675,-567.339,-469.838,55000.0,50000.0,52000.0,58000.0,60000.0,63000.0,65000.0,Genuine Parts Co,US3724601055,Consumer Discretionary
GPN UN Equity,Financial Services,,143.18899536132812,,,,,,,,,,,,,,,,,,,,,,,,,,43.0,,,,,12.0,91.66670227050781,False,4.0,5.284719944000244,61.66669845581055,91.66670227050781,True,3.333329916000366,26.66670036315918,1.0,12.0,75.0,2.7209999561309814,1.3980000019073486,5.179999828338623,5.6020002365112305,7.796999931335449,,,43.111000061035156,48.207000732421875,54.8489990234375,50.709999084472656,41.691001892089844,,,,525.5339965820312,566.9539794921875,432.1730041503906,417.35198974609375,,4911.892,7423.558,8523.762,8975.515,9654.419,7735.97,7705.878,44480.162,44201.545,45279.713,44809.014,50570.186,46890.255,53338.484,1736.552,2637.493,3227.76,2419.406,3575.578,3909.1310000000003,3215.001,-307.868,-436.236,-493.216,-615.652,-658.142,-674.917,-617.769,24000.0,24000.0,25000.0,25000.0,27000.0,27000.0,26000.0,Global Payments Inc,US37940X1028,Financials
GRMN UN Equity,Consumer Durables & Apparel,,,,,,,,,4.800000190734863,,,,,,,,False,True,True,False,True,48.0,,,,,,45.0,,,,,6.0,66.66670227050781,False,3.0,13.4443998336792,67.33329772949219,66.66670227050781,False,13.75,0.0,1.0,5.0,75.0,,,,,9.864999771118164,9.859999656677246,,,,,,,,,,,,,960.2949829101562,1108.0899658203125,3757.505,4186.573,4982.795,4860.286,5228.252,6296.903,7245.519,6166.799,7031.373,7854.427,7731.17,8603.569,9630.527,10993.669,1076.999,1210.849,1408.552,1232.3770000000002,1317.0629999999999,1828.255,2128.7690000000002,-118.031,-185.401,-307.645,-244.286,-193.524,-193.571,-270.446,15000.0,16000.0,18700.0,19700.0,19900.0,21800.0,23000.0,Garmin Ltd,CH0114405324,Consumer Discretionary
GS UN Equity,Financial Services,,494.6860046386719,,,,,,,,,,,,,,,,,,,,,,,,,,42.0,,,,,,91.66670227050781,,,7.47435998916626,,,,8.0,26.829299926757812,,,,9.329999923706055,12.64799976348877,12.595000267028809,13.842000007629395,14.446999549865723,,166.24899291992188,142.99000549316406,145.01300048828125,156.46800231933594,155.10499572753906,157.03700256347656,,1404.4599609375,659.573974609375,641.1959838867188,61.516998291015625,79.91500091552734,89.68099975585938,,53922.0,53498.0,64989.0,68711.0,108418.0,126853.0,125097.0,992968.0,1163028.0,1463988.0,1441799.0,1641594.0,1675972.0,1809320.0,30201.0,23777.0,35172.0,37749.0,78243.0,94603.0,91323.0,-8443.0,-6309.0,-4667.0,-3748.0,-2316.0,-2091.0,-2064.0,38300.0,40500.0,43900.0,48500.0,45300.0,46500.0,47400.0,Goldman Sachs Group Inc/The,US38141G1040,Financials
GWW UN Equity,Capital Goods,87.0,325.0,57.0,430.0,,,40.84040069580078,0.02403629943728447,30.385499954223633,,,,,16.0,,,False,True,True,False,True,292.0,0.0,0.0,,67.0,,42.0,,0.0,0.699999988079071,,12.0,91.66670227050781,True,6.0,9.256939888000488,61.25,91.66670227050781,True,10.0,45.454498291015625,1.0,5.0,75.0,31.820999145507812,35.189998626708984,31.0,30.0,28.110000610351562,32.0,80.96199798583984,73.3949966430664,64.83899688720703,67.0,66.0,62.0,55.0,17629.599609375,21959.30078125,22149.599609375,24674.0,58878.0,41996.0,42114.0,11486.0,11797.0,13022.0,15228.0,16478.0,17168.0,17942.0,6005.0,6295.0,6592.0,7588.0,8147.0,8829.0,8962.0,1567.0,1277.0,1806.0,2525.0,2881.0,2977.0,2829.0,-221.0,-197.0,-255.0,-256.0,-445.0,-541.0,-684.0,25300.0,23100.0,24200.0,26000.0,26000.0,23500.0,25000.0,WW Grainger Inc,US3848021040,Industrials
HAL UN Equity,Energy,4390.8701171875,18954.19921875,16.479700088500977,1679.0699462890625,,,272.7869873046875,55.645999908447266,179.93099975585938,,,,0.5320000052452087,,Committed,,False,True,True,False,True,158.0,5.0,5.0,,1484.6099853515625,18.0,14.0,16.0,0.0,0.05999999865889549,22.0,12.0,83.33329772949219,True,5.0,7.694439888000488,65.75,83.33329772949219,True,9.333330154418945,8.333330154418945,1.0,7.0,90.0,2626.56005859375,3503.43994140625,3320.35009765625,3443.169921875,3022.260009765625,2649.760009765625,249.25900268554688,191.4510040283203,251.46600341796875,406.6839904785156,845.3880004882812,1345.469970703125,1741.0999755859375,136.36900329589844,125.82099914550781,158.73599243164062,177.3419952392578,203.0229949951172,212.9499969482422,199.91400146484375,22408.0,14445.0,15295.0,20297.0,23018.0,22944.0,22184.0,25377.0,20680.0,22321.0,23255.0,24683.0,25587.0,25010.0,1527.0,-1086.0,2974.0,3945.0,5416.0,5251.0,3753.0,-1530.0,-728.0,-799.0,-1011.0,-1379.0,-1442.0,-1254.0,55000.0,40000.0,40000.0,45000.0,48000.0,48000.0,,Halliburton Co,US4062161017,Energy
HAS UW Equity,Consumer Durables & Apparel,,34.07120132446289,,,,,,,,,,,,,Targets Set,1.5,,True,,,,,,,,,,48.0,,,0.07999999821186066,2.0,10.0,90.0,False,2.0,5.772729873657227,59.29999923706055,90.0,True,4.666669845581055,37.5,1.0,12.0,75.0,4.36299991607666,4.591000080108643,4.677000045776367,4.039999961853027,3.8935999870300293,,6.901000022888184,5.763000011444092,6.060999870300293,6.369999885559082,5.238999843597412,4.840000152587891,,254.50399780273438,1360.6600341796875,1461.530029296875,1154.6099853515625,937.1439819335938,698.0759887695312,,4720.2,5465.4,6420.4,5856.7,5003.3,4135.5,4701.3,8855.628,10818.4,10037.8,9295.9,6540.9,6340.3,5552.0,901.8000000000001,857.3000000000001,1131.6000000000001,734.1999999999999,-1238.6,888.4,179.39999999999998,-133.6,-125.8,-132.7,-174.2,-209.3,-197.5,-198.3,5800.0,6822.0,6640.0,6490.0,5502.0,4985.0,,Hasbro Inc,US4180561072,Consumer Discretionary
HBAN UW Equity,Banks,71.09300231933594,182.16200256347656,23.695999145507812,,,,,,,,,,,,,,False,True,True,False,True,,,,,28.200000762939453,,57.380001068115234,30.760000228881836,,,,12.0,91.66670227050781,True,3.0,7.722219944000244,64.83329772949219,91.66670227050781,True,17.75,17.6471004486084,1.0,17.0,75.0,11.96399974822998,12.32800006866455,20.417999267578125,18.37299919128418,19.134000778198242,21.64699935913086,60.72700119018555,48.23699951171875,47.8380012512207,69.01499938964844,61.31999969482422,56.53799819946289,49.44599914550781,10.859999656677246,83.0719985961914,1992.31005859375,1839.9300537109375,1773.7900390625,1889.8800048828125,2018.989990234375,5655.0,5238.0,6080.0,7950.0,10837.0,11961.0,12485.0,109002.0,123038.0,174064.0,182906.0,189368.0,204230.0,225106.0,,,,,,,,-107.0,-119.0,-247.0,-214.0,-140.0,-143.0,-267.0,15664.0,15578.0,20309.0,20007.0,19612.0,20045.0,,Huntington Bancshares Inc/OH,US4461501045,Financials
HCA UN Equity,Health Care Equipment & Servic,,,,,,,,,,,,,,,,,False,False,True,False,False,,,,,61.0,,78.0,,,,,10.0,70.0,False,5.0,10.435199737548828,64.5999984741211,90.0,True,7.75,28.571399688720703,1.0,6.0,75.0,729.0,729.0,754.6710205078125,,,,,1339.0,1222.0,1298.81005859375,,,,,,,,,,,51336.0,51533.0,58752.0,60233.0,64968.0,70603.0,75600.0,45058.0,47490.0,50742.0,52438.0,56211.0,59513.0,60720.0,10369.0,10430.0,13009.0,12506.0,13199.0,14362.0,16004.0,-4158.0,-2835.0,-3577.0,-4395.0,-4744.0,-4875.0,-4944.0,210000.0,195000.0,204000.0,207000.0,220000.0,316000.0,320000.0,HCA Healthcare Inc,US40412C1018,Health Care
HD UN Equity,Consumer Discretionary Distrib,1845.0,7296.0,972.2219848632812,,,,,,,,,,,,Targets Set,1.5,False,True,True,False,True,,,,,89.0,,35.0,27.290000915527344,,0.7699999809265137,,12.0,91.66670227050781,True,6.0,11.0,60.58330154418945,91.66670227050781,True,4.583330154418945,41.17649841308594,1.0,12.0,75.0,554.3170166015625,607.0560302734375,642.0,597.0,733.0,818.0,1649.18994140625,1393.9200439453125,1213.969970703125,1007.0,960.0,1042.0,1036.0,317875.0,204638.0,182831.0,216031.0,192948.0,199523.0,210139.0,108203.0,110225.0,132110.0,151157.0,157403.0,152669.0,159514.0,44003.0,51236.0,70581.0,71876.0,76445.0,76530.0,96119.0,17682.0,18952.0,21566.0,26986.0,28183.0,26295.0,26948.0,-2442.0,-2678.0,-2463.0,-2566.0,-3119.0,-3226.0,-3485.0,413000.0,415700.0,504800.0,490600.0,471600.0,463100.0,470100.0,Home Depot Inc/The,US4370761029,Consumer Discretionary
HIG UN Equity,Insurance,16.72800064086914,64.66200256347656,,181.1699981689453,,,0.8880000114440918,,,,,,,,,,True,True,True,False,True,,,,,,,61.099998474121094,38.0,,,,11.0,90.90910339355469,True,5.0,6.916669845581055,65.36360168457031,90.90910339355469,True,12.25,,1.0,7.0,67.0,8.60200023651123,8.401000022888184,7.26800012588501,6.767000198364258,5.980999946594238,6.176000118255615,18.964000701904297,16.58300018310547,14.26200008392334,13.04800033569336,11.329000473022461,10.883999824523926,10.552000045776367,47.301998138427734,1119.68994140625,897271.0,64847.5,793.6010131835938,937.375,,20740.0,20523.0,22390.0,22362.0,24527.0,26535.0,28368.0,70817.0,74111.0,76578.0,73008.0,76780.0,80917.0,85997.0,,,,,,,,-105.0,-114.0,-133.0,-175.0,-215.0,-145.0,-169.0,19500.0,18500.0,18100.0,18800.0,18700.0,19100.0,19200.0,Hartford Insurance Group Inc/T,US4165151048,Financials
HII UN Equity,Capital Goods,308.75299072265625,1171.0,,,,,,0.6600000262260437,,,,0.0,0.0,,,,False,True,True,False,True,1968.0,,,,6.010000228881836,,,,1.0,2.549999952316284,45.0,13.0,92.30770111083984,False,6.0,7.3257598876953125,66.69229888916016,92.30770111083984,True,4.583330154418945,16.128999710083008,1.0,5.0,75.0,,,102.00199890136719,84.37999725341797,80.947998046875,93.58000183105469,,,,246.23399353027344,229.09500122070312,210.2830047607422,215.17300415039062,,,,,,,,8899.0,9361.0,9524.0,10676.0,11454.0,11535.0,12484.0,7031.0,8157.0,10627.0,10857.0,11215.0,12141.0,12749.0,1010.0,1101.0,859.0,992.0,1195.0,933.0,1058.0,-436.0,-336.0,-311.0,-272.0,-278.0,-367.0,-402.0,42000.0,42000.0,44000.0,43000.0,44000.0,44000.0,44000.0,Huntington Ingalls Industries,US4464131063,Industrials
HLT UN Equity,Consumer Services,2561.8701171875,22092.900390625,363.5610046386719,182958.0,,,579.4609985351562,,,,,,,,Targets Set,1.5,True,True,True,False,True,,,,,18.0,,43.0,42.0,,,25.0,9.0,77.77780151367188,False,3.0,11.601900100708008,63.0,88.88890075683594,True,18.83329963684082,30.0,1.0,5.0,80.0,329.57000732421875,415.03399658203125,446.0840148925781,489.0159912109375,442.406005859375,477.8710021972656,1949.3199462890625,1419.699951171875,1778.300048828125,1922.8399658203125,2095.3701171875,2135.419921875,2084.0,5233.919921875,3684.389892578125,5065.830078125,4124.56005859375,4321.43017578125,4157.9501953125,4133.43994140625,9452.0,4307.0,5788.0,8773.0,10235.0,11174.0,12039.0,14957.0,16755.0,15441.0,15512.0,15401.0,16522.0,16774.0,2147.0,42.0,1323.0,2369.0,2490.0,2625.0,2976.0,-81.0,-46.0,-35.0,-39.0,-151.0,-96.0,-101.0,173000.0,141000.0,142000.0,159000.0,178000.0,181000.0,182000.0,Hilton Worldwide Holdings Inc,US43300A2033,Consumer Discretionary
HON UW Equity,Capital Goods,,4638.52978515625,,,,,,,,,,,,,Targets Set,Well-below 2,,True,True,,True,,,,,,,29.600000381469727,,,,,12.0,91.66670227050781,True,5.0,4.583330154418945,61.91669845581055,91.66670227050781,True,3.333329916000366,14.285699844360352,1.0,8.0,97.0,1540.47998046875,1464.010009765625,1146.260009765625,711.239013671875,750.530029296875,,951.9819946289062,860.5789794921875,693.2880249023438,697.0900268554688,662.572998046875,666.60302734375,,18087.099609375,16135.7001953125,16852.599609375,18201.30078125,12909.0,235549.0,,36709.0,32637.0,34392.0,35466.0,36662.0,38498.0,37442.0,58679.0,64586.0,64470.0,62275.0,61525.0,75196.0,73681.0,8161.0,6912.0,7651.0,7855.0,8499.0,9042.0,7196.0,-839.0,-906.0,-895.0,-766.0,-1039.0,-1164.0,-986.0,113000.0,113000.0,99000.0,97000.0,95000.0,102000.0,101000.0,Honeywell International Inc,US4385162056,Industrials
HONA UW Equity,Capital Goods,,,,,,,,,,,,,,,,,,,,,,,,,,,,,,,,,,,,,,,,,,,,,,,,,,,,,,,,,,,,,,,,,,,,,,13790.0,15445.0,17404.0,,,,,,16845.0,20811.0,,,,,3866.0,3855.0,4128.0,,,,,-387.0,-2618.0,-504.0,,,,,,,,Honeywell Aerospace Inc,US43849R1059,Industrials
HOOD UW Equity,Financial Services,2.6670000553131104,,,,,,,,,,,,,,,,,True,True,,True,,,,,,,34.20000076293945,,,,,10.0,80.0,True,3.0,5.016670227050781,54.400001525878906,90.0,True,12.91670036315918,34.61539840698242,1.0,6.0,75.0,,0.15790000557899475,0.42100000381469727,0.3930000066757202,0.23199999332427979,0.32199999690055847,,,0.9584000110626221,1.871999979019165,1.6339999437332153,1.628999948501587,2.3450000286102295,,,106.76399993896484,77.60900115966797,63.40599822998047,66.19200134277344,110.47100067138672,277.533,958.833,1815.143,1334.0,1865.0,2951.0,4473.0,3944.4,10988.474,19769.179,23337.0,17624.0,26187.0,38137.0,-101.486,35.138,-1591.7600000000002,-917.0,-444.0,1147.0,2205.0,-7.255,-24.443,-63.182,-28.0,-2.0,-13.0,-15.0,,,,2300.0,2200.0,2300.0,2900.0,Robinhood Markets Inc,US7707001027,Financials
HPE UN Equity,Technology Hardware & Equipmen,420.2330017089844,993.9240112304688,452.92498779296875,1197.97998046875,7.133590221405029,,9.038999557495117,0.04699999839067459,7.193600177764893,,,,,,Targets Set,1.5,,True,,,True,40.0,,,,13.420000076293945,,33.970001220703125,29.142900466918945,0.0,0.019999999552965164,33.0,13.0,92.30770111083984,False,4.0,6.464290142059326,68.61540222167969,92.30770111083984,True,8.666669845581055,46.15380096435547,1.0,12.0,98.0,39.79800033569336,29.017000198364258,31.908000946044922,41.49300003051758,46.150001525878906,42.16699981689453,334.3169860839844,428.625,276.13299560546875,272.2969970703125,367.24200439453125,366.96099853515625,378.0660095214844,8246.9501953125,15172.400390625,15391.7001953125,16533.0,18631.19921875,16010.900390625,14505.7001953125,29135.0,26982.0,27784.0,28496.0,29135.0,30127.0,34296.0,51803.0,54015.0,57699.0,57123.0,57153.0,71262.0,75906.0,3809.0,2471.0,3901.0,3432.0,4882.0,4987.0,2544.0,-2856.0,-2383.0,-2502.0,-3122.0,-2828.0,-2367.0,-2292.0,61600.0,60400.0,60400.0,60200.0,62000.0,61000.0,67000.0,Hewlett Packard Enterprise Co,US42824C1099,Information Technology
HPQ UN Equity,Technology Hardware & Equipmen,232.3000030517578,667.5,313.29998779296875,,,,,,,,,,,,Targets Set,1.5,True,True,True,False,True,65.0,,,,55.58000183105469,11.0,39.900001525878906,,0.0,0.03999999910593033,35.880001068115234,13.0,92.30770111083984,False,7.0,6.243060111999512,61.53850173950195,92.30770111083984,True,0.6666669845581055,,1.0,5.0,75.0,36.79600143432617,29.017000198364258,46.79999923706055,52.099998474121094,48.400001525878906,51.29999923706055,226.38999938964844,304.6940002441406,276.13299560546875,196.3000030517578,193.3000030517578,185.6999969482422,181.0,23983.599609375,15025.0,15561.7998046875,18993.0,16930.0,17201.0,16282.0,58756.0,56639.0,63487.0,62910.0,53718.0,53559.0,55295.0,33467.0,34681.0,38610.0,38494.0,37004.0,39909.0,41769.0,4621.0,4486.0,6322.0,5572.0,4540.0,4878.0,4339.0,-671.0,-580.0,-582.0,-791.0,-609.0,-592.0,-897.0,56000.0,53000.0,51000.0,58000.0,58000.0,58000.0,55000.0,HP Inc,US40434L1052,Information Technology
HRL UN Equity,"Food, Beverage & Tobacco",,3172.610107421875,,,,,,,,,,,,,Targets Set,1.5,,True,True,,True,,,,,,,38.0,,,0.4000000059604645,20.0,12.0,75.0,False,6.0,8.652779579162598,63.0,75.0,True,1.25,23.076900482177734,1.0,12.0,75.0,968.5150146484375,668.8170166015625,632.8400268554688,625.3380126953125,527.6710205078125,,277.7869873046875,500.52801513671875,517.5369873046875,444.7099914550781,437.3940124511719,395.27801513671875,,12260.5,,12492.400390625,,3851.9599609375,6119.22998046875,,9497.317,9608.462,11386.189,12458.806,12110.01,11920.797,12106.16,8109.004,9908.282,12696.329,13306.92,13448.772,13434.729,13393.119,1361.4740000000002,1325.603,1372.998,1601.061,1359.565,1367.8880000000001,1028.859,-293.838,-367.501,-232.416,-278.918,-270.211,-256.441,-310.902,18800.0,19100.0,20000.0,20000.0,20000.0,20000.0,20000.0,Hormel Foods Corp,US4404521001,Consumer Staples
HSIC UW Equity,Health Care Equipment & Servic,60.12200164794922,227.4029998779297,,136.8209991455078,,,17.7450008392334,0.1064700037240982,11.54699993133545,,,,,,Targets Set,1.5,,True,,,True,,,,,,,,,,0.8999999761581421,14.0,14.0,92.85710144042969,True,3.0,6.641670227050781,,92.85710144042969,True,0.5833330154418945,18.181800842285156,1.0,12.0,75.0,16.128000259399414,21.954999923706055,38.06700134277344,38.895999908447266,33.553001403808594,37.04800033569336,11.166000366210938,11.390999794006348,11.71500015258789,27.94099998474121,20.889999389648438,22.98699951171875,23.073999404907227,49.83300018310547,105.39800262451172,81.39700317382812,3082.6298828125,776.260009765625,1490.989990234375,3052.760009765625,9985.803,10119.0,12401.0,12647.0,12339.0,12673.0,13184.0,7151.101,7772.532,8481.0,8607.0,10573.0,10218.0,11215.0,991.449,808.0,1165.0,1109.0,984.0,1048.0,1079.0,-76.219,-49.0,-79.0,-96.0,-147.0,-148.0,-139.0,19000.0,19000.0,21600.0,22000.0,25000.0,25000.0,25000.0,Henry Schein Inc,US8064071025,Health Care
HST UW Equity,Equity Real Estate Investment,292.7449951171875,1153.47998046875,171.13499450683594,10009.400390625,,,,,,,,,,,Targets Set,1.5,False,True,True,False,False,,0.0,0.0,,,4.900000095367432,55.0,61.0,0.0,0.0,0.0,9.0,77.77780151367188,False,5.0,12.851900100708008,70.66670227050781,77.77780151367188,True,9.75,,1.0,4.0,75.0,69.68900299072266,73.02400207519531,82.74700164794922,84.82599639892578,92.60800170898438,97.65799713134766,246.0,167.83099365234375,183.88099670410156,220.70199584960938,217.8769989013672,198.8000030517578,195.08700561523438,88.54900360107422,56.38600158691406,74.76100158691406,91.20899963378906,13.394000053405762,15.364999771118164,49.21799850463867,5469.0,1620.0,2890.0,4907.0,5311.0,5684.0,6114.0,12305.0,12890.0,12352.0,12269.0,12243.0,13048.0,13049.0,1521.0,-288.0,512.0,1439.0,1524.0,1637.0,1650.0,-558.0,-499.0,-427.0,-504.0,-646.0,-548.0,-644.0,175.0,68.0,160.0,165.0,163.0,165.0,162.0,Host Hotels & Resorts Inc,US44107P1049,Real Estate
HSY UN Equity,"Food, Beverage & Tobacco",414.3789978027344,1603.0999755859375,375.7359924316406,5187.0,,,98.16999816894531,0.18000000715255737,71.74800109863281,0.0,0.0,,,,Targets Set,1.5,True,True,True,True,True,241.0,,,,44.93130111694336,27.860000610351562,46.79999923706055,37.79999923706055,0.0,0.46000000834465027,29.0,11.0,90.90910339355469,False,5.0,1.5347199440002441,57.454498291015625,90.90910339355469,True,1.1666699647903442,33.33330154418945,1.0,18.0,84.0,157.0919952392578,146.6529998779297,179.21099853515625,178.00100708007812,190.98399353027344,190.81500244140625,212.53799438476562,197.61199951171875,201.2030029296875,232.57899475097656,224.08299255371094,220.5050048828125,223.56399536132812,6288.33984375,5762.39990234375,5346.68994140625,5941.68017578125,7264.0400390625,6379.419921875,5581.22021484375,7986.252,8149.719,8971.337,10419.294,11164.992,11202.263,11692.576,8140.395,9131.845,10412.231,10948.82,11902.941,12946.861,13741.297,1930.076,2122.152,2403.168,2688.7339999999995,3029.259,3406.628,2007.262,-318.192,-441.626,-495.877,-519.481,-771.109,-605.942,-454.622,14520.0,,,,,,,Hershey Co/The,US4278661081,Consumer Staples
HUBB UN Equity,Capital Goods,128.7729949951172,463.7349853515625,1.688920021057129,499.53399658203125,,,27.196500778198242,3.3692800998687744,,0.0,0.0,0.0,0.0,67.0,,,False,True,True,False,True,151.0,,,,,24.0,33.0,,,0.3700000047683716,18.0,11.0,90.90910339355469,True,5.0,8.795450210571289,63.63639831542969,90.90910339355469,True,6.0,,1.0,8.0,100.0,38.38249969482422,34.42720031738281,49.83700180053711,51.21200180053711,47.792999267578125,43.35300064086914,94.68099975585938,87.74620056152344,91.41639709472656,94.99199676513672,94.29499816894531,93.04100036621094,85.41999816894531,,,,,,0.0,,4591.0,3682.5,4194.1,4947.9,5372.9,5628.5,5844.6,4903.0,5085.1,5281.5,5402.6,6914.0,6679.1,8228.8,786.7,674.5,715.5,893.3000000000001,1225.9,1345.6,1460.1999999999998,-93.9,-82.8,-90.2,-129.3,-165.7,-180.4,-155.1,18800.0,19100.0,18300.0,16300.0,18317.0,17700.0,18000.0,Hubbell Inc,US4435106079,Industrials
HUM UN Equity,Health Care Equipment & Servic,98.29000091552734,321.3110046386719,,,,,,,,,,,,,Targets Set,1.5,False,True,True,False,True,543.0,,,,22.8700008392334,,76.0,51.0,,,,11.0,90.90910339355469,False,4.0,6.714290142059326,63.63639831542969,90.90910339355469,True,2.25,18.181800842285156,1.0,11.0,75.0,34.95899963378906,29.481000900268555,28.851999282836914,28.166000366210938,37.47999954223633,41.91299819946289,76.44999694824219,65.56600189208984,68.18399810791016,70.40399932861328,76.28199768066406,62.891998291015625,56.37699890136719,610.1939697265625,674.3270263671875,5378.6298828125,6685.259765625,6025.43994140625,7340.52001953125,2475.110107421875,64888.0,77155.0,83064.0,92870.0,106374.0,117761.0,129664.0,29074.0,34969.0,44358.0,43055.0,47065.0,46479.0,48909.0,3876.0,5602.0,3861.0,4645.0,4930.0,3530.0,3528.0,-736.0,-964.0,-1316.0,-1120.0,-1004.0,-575.0,-546.0,46000.0,48700.0,95500.0,67100.0,67600.0,65680.0,67060.0,Humana Inc,US4448591028,Health Care
HWM UN Equity,Capital Goods,790.0,3277.780029296875,441.6669921875,4206.0,,,87.9000015258789,26.200000762939453,,,,,,,,,False,True,True,False,True,141.0,0.0,0.0,,5.233500003814697,14.399999618530273,27.0,,0.0,0.07999999821186066,41.0,9.0,88.88890075683594,True,4.0,7.583330154418945,67.44439697265625,88.88890075683594,False,7.666669845581055,23.076900482177734,1.0,6.0,75.0,377.0,370.0,380.0,390.0,390.0,400.0,555.0,427.0,390.0,420.0,420.0,390.0,390.0,1926.550048828125,1180.0,1950.0,1950.0,2230.0,1790.0,1620.0,7098.0,5259.0,4972.0,5663.0,6640.0,7430.0,8252.0,17562.0,11443.0,10219.0,10255.0,10428.0,10519.0,11179.0,1199.0,1031.0,1081.0,1245.0,1538.0,1977.0,2402.0,-641.0,-267.0,-199.0,-193.0,-219.0,-321.0,-453.0,41700.0,19700.0,19900.0,21400.0,23200.0,23930.0,25430.0,Howmet Aerospace Inc,US4432011082,Industrials
IBKR UW Equity,Financial Services,,7.464479923248291,,,,,,,,,,,,,,,,,,,,,,,,,,29.25279998779297,15.600000381469727,,,,10.0,50.0,False,3.0,12.04170036315918,63.599998474121094,60.0,True,7.0,0.0,1.0,4.0,75.0,,,0.21225999295711517,0.17044000327587128,0.12178999930620193,,,,,2.807499885559082,2.723180055618286,2.5623600482940674,,,,,,,0.14643999934196472,,2580.0,2479.0,2938.0,4085.0,7776.0,9376.0,10424.0,71676.0,95679.0,109113.0,115143.0,128251.0,150142.0,203240.0,1856.0,1585.0,2089.0,3106.0,6605.0,7987.0,9088.0,-74.0,-50.0,-77.0,-69.0,-49.0,-49.0,-67.0,1643.0,2033.0,2571.0,2820.0,2932.0,2998.0,3182.0,Interactive Brokers Group Inc,US45841N1072,Financials
IBM UN Equity,Software & Services,569.0,2058.0,1515.0,,,,21.700000762939453,0.800000011920929,,,,,,,,,False,True,True,False,True,55.0,,,,423.0,,37.20000076293945,,0.0,,,13.0,92.30770111083984,True,4.0,7.839739799499512,65.84619903564453,92.30770111083984,True,6.5,,1.0,7.0,75.0,73.0,78.0,78.0,71.0,66.0,57.0,546.0,671.0,650.0,613.0,577.0,560.0,512.0,1090.0,431.0,337.0,417.0,442.0,2737.0,9005.0,57714.0,55179.0,57351.0,60530.0,61860.0,62753.0,67535.0,152186.0,155971.0,132001.0,127243.0,135241.0,137175.0,151880.0,14193.0,11890.0,13750.0,13291.0,13870.0,14030.0,16881.0,-2286.0,-2618.0,-2062.0,-1346.0,-1245.0,-1048.0,-1091.0,350600.0,352600.0,282100.0,288300.0,282200.0,270300.0,264300.0,International Business Machine,US4592001014,Information Technology
ICE UN Equity,Financial Services,70.75599670410156,264.2550048828125,,,,,,,,,,,,,,,,,True,,,,,,,,,28.0,,,,1.0,11.0,90.90910339355469,True,4.0,8.174240112304688,64.36360168457031,90.90910339355469,True,26.41670036315918,31.818199157714844,1.0,5.0,75.0,3.117000102996826,6.818999767303467,5.571000099182129,5.820000171661377,5.211999893188477,5.696000099182129,,52.5620002746582,63.000999450683594,58.2140007019043,68.58300018310547,69.39399719238281,65.05999755859375,,19.545000076293945,216.51600646972656,222.99899291992188,246.0240020751953,222.53700256347656,211.9929962158203,5202.0,6036.0,7146.0,7292.0,7988.0,9279.0,9931.0,94493.0,126200.0,193502.0,194338.0,136084.0,139428.0,136887.0,3397.0,3852.0,4543.0,4747.0,4999.0,5935.0,6566.0,-305.0,-410.0,-452.0,-482.0,-489.0,-752.0,-791.0,,8890.0,8858.0,8911.0,13222.0,12920.0,12844.0,Intercontinental Exchange Inc,US45866F1049,Financials
IDXX UW Equity,Health Care Equipment & Servic,37.45899963378906,69.86199951171875,7.451000213623047,92.4469985961914,,,,,,,,,,,,,False,True,True,False,True,,,,,,,59.0,37.0,,,,11.0,90.90910339355469,False,6.0,6.954549789428711,65.36360168457031,90.90910339355469,True,0.41666701436042786,11.764699935913086,3.0,7.0,75.0,13.49899959564209,16.645999908447266,16.135000228881836,16.45800018310547,18.461000442504883,18.285999298095703,19.80699920654297,16.586999893188477,17.381000518798828,18.013999938964844,18.55699920654297,20.236000061035156,19.17300033569336,,,,,,,,2406.908,2706.655,3215.36,3367.324,3660.953,3897.504,4303.702,1832.475,2294.561,2437.203,2746.765,3259.925,3293.443,3350.759,664.6569999999999,815.022,1062.124,1039.365,1240.7359999999996,1292.273,1543.514,-154.969,-106.958,-119.549,-148.838,-133.631,-120.922,-124.676,9200.0,9300.0,10350.0,10780.0,11000.0,11000.0,11000.0,IDEXX Laboratories Inc,US45168D1046,Health Care
IEX UN Equity,Capital Goods,65.11199951171875,146.25,,393.4849853515625,,,,0.8730000257492065,,,,,,,,,False,True,True,False,True,,0.0,0.0,,,,29.0,31.0,0.0,0.5099999904632568,,10.0,90.0,False,4.0,6.305560111999512,58.70000076293945,90.0,True,5.833330154418945,40.0,3.0,8.0,75.0,5.05856990814209,12.206999778747559,13.178000450134277,15.151000022888184,17.27400016784668,16.472000122070312,36.915000915527344,31.821500778198242,37.72200012207031,40.34400177001953,49.00899887084961,46.63100051879883,48.63999938964844,,,,,,,,2494.573,2351.646,2764.8,3181.9,3273.9,3268.8,3457.5,3813.912,4414.398,4917.2,5511.9,5865.2,6745.3,6927.0,678.9590000000002,633.659,771.5,901.9,917.6,887.5000000000001,942.4,-50.912,-51.425,-72.7,-68.0,-89.9,-65.1,-63.6,7439.0,7075.0,7536.0,8868.0,8800.0,9000.0,8700.0,IDEX Corp,US45167R1041,Industrials
IFF UN Equity,Materials,1435.8900146484375,6550.240234375,768.2890014648438,61295.0,,,497.3999938964844,23.5,38.93000030517578,,,,,,Targets Set,1.5,True,True,True,True,True,,0.0,0.0,,,18.799999237060547,39.099998474121094,44.900001525878906,0.0,,19.209999084472656,13.0,92.30770111083984,False,6.0,1.9249999523162842,63.23080062866211,92.30770111083984,True,2.666670083999634,30.0,1.0,5.0,75.0,162.28599548339844,889.094970703125,828.177978515625,694.072021484375,740.031982421875,718.9580078125,138.71800231933594,113.8759994506836,969.7979736328125,894.1179809570312,837.1939697265625,880.4290161132812,716.927001953125,2084.52001953125,2458.6298828125,8636.9501953125,9375.580078125,6091.0,5689.43994140625,5361.52978515625,5140.0,5084.239,11656.0,12440.0,11479.0,11484.0,10890.0,13287.411,13555.671,39658.0,35407.0,30978.0,28667.0,25539.0,1040.213,953.1080000000002,1909.0,40.0,-831.0,1907.0,703.0,-236.0,-192.0,-393.0,-504.0,-503.0,-463.0,-594.0,13668.0,13700.0,24000.0,24600.0,21500.0,22400.0,21500.0,International Flavors & Fragra,US4595061015,Materials
INCY UW Equity,"Pharmaceuticals, Biotechnology",15.581000328063965,52.95140075683594,,131.0,,,0.8659999966621399,0.31700000166893005,0.20900000631809235,,,,,,,,False,True,True,False,True,14.0,,,,1.0,,51.195499420166016,43.0,0.0,0.07999999821186066,,9.0,88.88890075683594,False,3.0,9.479169845581055,65.44439697265625,88.88890075683594,False,1.3333300352096558,,1.0,6.0,88.0,3.253999948501587,6.370999813079834,8.062000274658203,9.35099983215332,9.576000213623047,8.871999740600586,7.449999809265137,4.660999774932861,5.59499979019165,6.360000133514404,6.078999996185303,6.515999794006348,6.709000110626221,7.164999961853027,0.8190000057220459,4.223999977111816,10.916999816894531,12.923999786376953,12.666999816894531,247.13400268554688,2158.759,2666.702,2986.267,3394.635,3695.649,4241.217,5141.242,3426.75,3560.918,4933.352,5840.984,6782.107,5444.322,6957.973,469.339,-199.36899999999997,657.8210000000001,658.9950000000001,712.9849999999999,158.714,1615.845,-78.064,-187.379,-181.006,-77.833,-32.486,-86.263,-58.867,1456.0,1773.0,2094.0,2324.0,2524.0,2617.0,2844.0,Incyte Corp,US45337C1027,Health Care
INTC UW Equity,Semiconductors & Semiconductor,4584.5498046875,11951.400390625,10058.2001953125,46600.0,,,225.61700439453125,85.51480102539062,197.9709930419922,,,,,,,,True,True,True,True,True,663.0,,,,109.5999984741211,,27.399999618530273,18.5,0.0,,,12.0,91.66670227050781,False,4.0,4.295450210571289,62.58330154418945,91.66670227050781,True,1.5833300352096558,29.411800384521484,1.0,17.0,75.0,1039.0,1150.0,1180.0,840.0,1100.0,1274.0400390625,2711.0,3070.0,3074.0,3303.300048828125,3130.0,3179.0,3310.5,20341.0,29866.0,33103.0,28045.0,24668.0,25059.0,25053.0,71965.0,77867.0,79024.0,63054.0,54228.0,53101.0,52853.0,136524.0,153091.0,168406.0,182103.0,191572.0,196485.0,211429.0,33046.0,36096.0,31426.0,15547.0,,-149.0,9604.0,-16213.0,-14453.0,-20329.0,-25050.0,-25750.0,-23944.0,-14646.0,110800.0,110600.0,121100.0,131900.0,124800.0,108900.0,85100.0,Intel Corp,US4581401001,Information Technology
INTU UW Equity,Software & Services,,67.9260025024414,,,,,,,,,,,,,Targets Set,1.5,,,True,,,,,,,,,42.70000076293945,37.2671012878418,,,,,84.61540222167969,,,8.897439956665039,,,,7.75,,,,,1.7699999809265137,1.3041499853134155,4.679999828338623,4.340000152587891,3.799999952316284,4.0970001220703125,5.136000156402588,12.850000381469727,9.677610397338867,15.967000007629395,15.87399959564209,18.152000427246094,16.95599937438965,30.47599983215332,19.250999450683594,6.2789998054504395,492.4289855957031,496.6180114746094,655.1480102539062,750.3889770507812,6784.0,7679.0,9633.0,12726.0,14368.0,16285.0,18831.0,6283.0,10931.0,15516.0,27734.0,27780.0,32132.0,36958.0,2079.0,2441.0,2922.0,3405.0,4059.0,4516.0,5833.0,-155.0,-137.0,-125.0,-229.0,-260.0,-250.0,-124.0,9400.0,10600.0,13500.0,17300.0,18200.0,18800.0,18200.0,Intuit Inc,US4612021034,Information Technology
INVH UN Equity,Equity Real Estate Investment,38.75899887084961,,,,,,,,,,,,,,,,,True,True,,True,,,,,,23.899999618530273,43.71009826660156,33.33330154418945,0.0,,0.0,10.0,90.0,False,5.0,5.574069976806641,61.20000076293945,90.0,True,7.75,20.0,1.0,5.0,75.0,,4.9764299392700195,5.175980091094971,5.234710216522217,12.711000442504883,15.22700023651123,,,0.7557200193405151,1.3598500490188599,0.8231599926948547,18.694000244140625,23.531999588012695,,,,,,,851.719970703125,1764.685,1822.828,1996.615,2238.121,2432.278,2618.942,2729.296,17392.91,17506.222,18537.846,18536.708,19220.967,18700.951,18680.29,954.7470000000001,1035.728,1149.081,1264.3960000000002,1368.511,1376.867,1493.629,-586.075,-621.697,-1126.826,-564.706,-969.67,-735.647,-752.893,1140.0,1149.0,1240.0,1511.0,1555.0,1750.0,1725.0,Invitation Homes Inc,US46187W1071,Real Estate
IP UN Equity,Materials,9001.490234375,78869.796875,,,,,,,,,,,,,Targets Set,Well-below 2,False,True,True,False,True,701.0,,,,16.0,,18.399999618530273,29.0,0.0,0.46000000834465027,18.36680030822754,11.0,90.90910339355469,True,6.0,6.73484992980957,62.818199157714844,90.90910339355469,True,2.416670083999634,0.0,1.0,10.0,97.0,6330.0,6540.0,6060.0,6365.64013671875,6537.169921875,5848.740234375,3030.0,2920.0,2900.0,2670.0,2654.3701171875,3314.739990234375,3152.75,23016.19921875,21293.0,21902.0,24560.0,21534.69921875,13554.2001953125,12240.7998046875,18317.0,17565.0,19363.0,21161.0,18916.0,15835.0,23634.0,33471.0,31718.0,25243.0,23940.0,23261.0,22800.0,37964.0,2883.0,2153.0,2516.0,2772.0,2276.0,2018.0,132.0,-1276.0,-751.0,-549.0,-931.0,-1141.0,-921.0,-1857.0,51000.0,49300.0,38200.0,39000.0,39000.0,37000.0,62602.0,International Paper Co,US4601461035,Materials
IQV UN Equity,"Pharmaceuticals, Biotechnology",,131.09500122070312,,,,,,,,,,,,,Targets Set,1.5,True,True,True,False,True,353.0,,,,,,62.0,,,0.20000000298023224,18.170000076293945,10.0,90.0,True,5.0,7.666669845581055,64.0999984741211,90.0,True,10.0,31.578899383544922,1.0,6.0,75.0,4.193999767303467,7.586999893188477,9.902999877929688,8.220999717712402,10.303999900817871,,44.632999420166016,35.37200164794922,28.170000076293945,35.42900085449219,30.354000091552734,28.301000595092773,,551.7999877929688,479.60101318359375,480.3680114746094,423.6730041503906,489.2619934082031,435.09698486328125,,11088.0,11359.0,13874.0,14410.0,14984.0,15405.0,16310.0,23251.0,24564.0,24689.0,25337.0,26681.0,26899.0,29944.0,2172.0,2227.0,2841.0,3100.0,3262.0,3474.0,3486.0,-582.0,-616.0,-640.0,-674.0,-649.0,-602.0,-603.0,67000.0,70000.0,79000.0,86000.0,87000.0,88000.0,93000.0,IQVIA Holdings Inc,US46266C1053,Health Care
IR UN Equity,Capital Goods,99.87999725341797,336.5450134277344,48.875999450683594,352.0,,,24.905000686645508,1.6050000190734863,20.152999877929688,,,,,,Targets Set,1.5,True,True,True,False,True,,0.0,0.0,,1.899999976158142,13.600000381469727,23.988300323486328,6.300000190734863,0.0,0.09000000357627869,40.0,10.0,90.0,True,4.0,5.00832986831665,52.20000076293945,90.0,True,10.75,14.285699844360352,1.0,4.0,75.0,43.926998138427734,43.016998291015625,39.882999420166016,40.529998779296875,38.270999908447266,38.87799835205078,59.8129997253418,76.13700103759766,83.04900360107422,76.91200256347656,67.76100158691406,66.03500366210938,61.00199890136719,,206620.0,214055.0,230559.0,218666.0,203527.0,223306.0,2451.9,3973.2,5152.4,5916.3,6876.1,7235.0,7650.9,4628.4,16058.6,15154.5,14765.9,15563.5,18009.8,18297.2,473.79999999999995,518.2,1038.4,1295.8999999999999,1677.1000000000001,1846.6,1728.9999999999998,-43.2,-42.0,-64.1,-94.6,-105.4,-149.1,-135.6,6600.0,15900.0,16000.0,17000.0,18000.0,21000.0,21000.0,Ingersoll Rand Inc,US45687V1061,Industrials
IRM UN Equity,Equity Real Estate Investment,385.9460144042969,2478.070068359375,1822.219970703125,1444.3699951171875,,,59.70899963378906,,45.895999908447266,,,,,,Targets Set,1.5,True,True,True,False,True,226.0,,,,0.5450000166893005,31.0,38.400001525878906,24.799999237060547,,0.36000001430511475,5.199999809265137,11.0,90.90910339355469,False,5.0,9.840909957885742,67.36360168457031,90.90910339355469,True,13.75,30.0,1.0,5.0,75.0,125.31800079345703,132.2989959716797,136.00599670410156,113.53199768066406,115.72799682617188,120.87300109863281,370.1669921875,208.14999389648438,213.0,209.11199951171875,210.21600341796875,234.23800659179688,265.072998046875,38.68899917602539,23.656999588012695,20.525999069213867,675.4829711914062,813.3400268554688,913.1599731445312,1020.2999877929688,4262.584,4147.27,4491.531,5103.574,5480.289,6149.909,6901.737,13816.816,14149.267,14450.031,16140.514,17473.802,18717.115,21125.019,1793.2359999999996,1974.8169999999998,1967.742,2232.397,2216.672,2429.468,2710.3669999999997,-692.983,-438.263,-611.082,-875.378,-1339.223,-1791.564,-2271.628,25000.0,24000.0,25000.0,26000.0,27000.0,28850.0,29400.0,Iron Mountain Inc,US46284V1017,Real Estate
ISRG UW Equity,Health Care Equipment & Servic,29.966899871826172,121.64600372314453,,,,,,,0.0002040819963440299,,,,,,,,,True,True,,True,,,,,9.770000457763672,9.300000190734863,38.599998474121094,25.700000762939453,,0.10999999940395355,,11.0,81.81819915771484,False,3.0,8.016670227050781,63.0,81.81819915771484,True,2.25,19.04759979248047,1.0,5.0,75.0,,0.0714000016450882,0.07739999890327454,0.04399999976158142,0.0215000007301569,0.0608999989926815,,,18.577999114990234,21.33799934387207,21.565000534057617,25.381999969482422,29.9060001373291,,,2.4156999588012695,2.7878000736236572,1.9156999588012695,2.436000108718872,3.2890000343322754,4478.5,4358.4,5710.1,6222.2,7124.1,8352.1,10064.7,9733.2,11168.9,13555.0,12974.0,15441.5,18743.2,20458.7,1596.6,1347.9,2151.6,1967.1,2213.9,2844.4,3661.6,-425.6,-341.5,-353.5,-532.4,-1064.2,-1111.2,-539.8,7326.0,8081.0,9793.0,12120.0,13676.0,15638.0,15638.0,Intuitive Surgical Inc,US46120E6023,Health Care
IT UN Equity,Software & Services,9.889100074768066,26.459699630737305,10.074700355529785,,,,,,,,,,,,Targets Set,1.5,False,True,True,False,True,,,,,,14.199999809265137,48.099998474121094,,,,,11.0,90.90910339355469,True,3.0,12.140999794006348,71.36360168457031,90.90910339355469,True,22.16670036315918,23.076900482177734,1.0,5.0,75.0,0.7179999947547913,2.353300094604492,1.2244000434875488,1.2461999654769897,0.9039999842643738,0.6978999972343445,14.642000198364258,11.3100004196167,11.461000442504883,10.76140022277832,9.992300033569336,10.234999656677246,9.191200256347656,39.377899169921875,7.767000198364258,21.276199340820312,39.64659881591797,52.071998596191406,59.89500045776367,58.427799224853516,4245.321,4099.403,4733.962,5475.846,5906.956,6267.411,6497.226,7151.294,7315.967,7416.324,7299.736,7835.919,8534.671,8085.4,687.692,811.038,1215.738,1363.1039999999998,1487.568,1411.8010000000002,1264.341,-149.016,-83.888,-59.834,-108.05,-103.124,-101.737,-115.142,16724.0,15600.0,16600.0,19500.0,20237.0,21044.0,20244.0,Gartner Inc,US3666511072,Information Technology
ITW UN Equity,Capital Goods,722.3909912109375,1724.6300048828125,,2318.5400390625,,,27.15290069580078,5.678060054779053,,,0.0017030000453814864,,,32.0,,,False,True,True,False,True,541.0,,,,20.299999237060547,,,30.0,0.0,0.6499999761581421,,12.0,83.33329772949219,False,5.0,12.346199989318848,64.83329772949219,91.66670227050781,True,2.75,25.0,1.0,5.0,100.0,108.13999938964844,417.77301025390625,138.0290069580078,349.2139892578125,286.8609924316406,285.18701171875,414.37701416015625,377.7770080566406,466.9620056152344,395.7929992675781,442.5669860839844,452.4100036621094,437.2040100097656,420.989990234375,379.8429870605469,3.884999990463257,10.5,,,,14109.0,12574.0,14455.0,15932.0,16107.0,15898.0,16044.0,15068.0,15612.0,16077.0,15422.0,15518.0,15067.0,16148.0,3897.0,3374.0,3958.0,4266.0,4507.0,4744.0,4687.0,-326.0,-236.0,-296.0,-412.0,-455.0,-437.0,-419.0,45000.0,43000.0,45000.0,46000.0,45000.0,44000.0,43000.0,Illinois Tool Works Inc,US4523081093,Industrials
IVZ UN Equity,Financial Services,,23.56279945373535,,,,,,,,,,,,,,,False,False,True,False,False,,,,,,,,,,,0.0,11.0,90.90910339355469,False,10.0,7.712120056152344,65.27269744873047,90.90910339355469,False,3.333329916000366,33.33330154418945,1.0,11.0,75.0,2.1670000553131104,0.6679999828338623,0.7129999995231628,0.8009999990463257,0.7139999866485596,,16.76799964904785,30.360000610351562,12.465999603271484,10.159000396728516,10.314000129699707,7.630000114440918,,344.7250061035156,294.572998046875,278.7980041503906,381.8739929199219,198.05599975585938,223.38699340820312,,6117.4,6145.6,6894.5,6048.9,5716.4,6067.0,6377.1,39420.3,36504.1,32685.6,29756.8,28933.8,27008.9,27094.0,1205.0,1353.3,2582.0,1618.5,-128.6,1165.1,-289.6,-124.3,-115.0,-108.8,-192.9,-164.3,-69.1,-84.3,8821.0,8512.0,8513.0,8611.0,8489.0,8508.0,7499.0,Invesco Ltd,BMG491BT1088,Financials
J UN Equity,Commercial & Professional Serv,34.48500061035156,117.91799926757812,47.013999938964844,,,,0.7409999966621399,,,,,,,75.69999694824219,Targets Set,1.5,True,True,True,False,True,47.0,0.0,0.0,,9.843740463256836,,33.599998474121094,37.0,0.0,0.029999999329447746,,10.0,90.0,False,4.0,4.629630088806152,60.599998474121094,90.0,True,3.75,25.0,1.0,5.0,99.0,17.645999908447266,16.749000549316406,14.753999710083008,13.526000022888184,15.342000007629395,14.97599983215332,40.46699905395508,52.98500061035156,44.72999954223633,34.68299865722656,20.604000091552734,19.731000900268555,19.509000778198242,241.0959930419922,194.46400451660156,136.3419952392578,111.49800109863281,97.9020004272461,131.53900146484375,119.29399871826172,12737.868,13566.975,14092.632,14922.825,10851.42,11500.941,12029.783,11462.711,12354.353,14632.609,14660.419,14617.109,11759.005,11252.535,574.12,872.854,1086.556,1354.8329999999999,1078.045,1094.261,1191.46,-135.977,-118.269,-92.814,-127.615,-137.486,-121.114,-79.232,48000.0,55000.0,55000.0,60000.0,60000.0,45000.0,43000.0,Jacobs Solutions Inc,US46982L1089,Industrials
JBHT UW Equity,Transportation,1818.489990234375,8011.669921875,993.0560302734375,,,,43.09000015258789,,20.18000030517578,,,8.0,0.0007999999797903001,,,,,True,True,,True,,0.0,,,,39.20000076293945,14.699999809265137,,,1.4600000381469727,0.0,9.0,66.66670227050781,False,3.0,13.611100196838379,60.555599212646484,77.77780151367188,True,2.25,13.33329963684082,1.0,6.0,100.0,1890.780029296875,1711.1500244140625,1942.280029296875,1739.77001953125,1821.010009765625,1790.0699462890625,30.020999908447266,16.74799919128418,20.665000915527344,25.799999237060547,23.094999313354492,19.266000747680664,28.413999557495117,1511.9100341796875,2043.43994140625,1376.02001953125,1482.8699951171875,2406.68994140625,2366.080078125,2935.110107421875,9165.258,9636.573,12168.302,14813.999,12829.665,12087.204,11999.096,5470.854,5928.348,6794.348,7786.582,8588.148,8312.27,7927.155,1276.47,1290.6940000000002,1661.223,2063.773,1837.3500000000001,1703.166,1686.5539999999999,-854.115,-738.545,-947.563,-1540.796,-1862.431,-865.373,-730.687,29056.0,30309.0,33045.0,37151.0,34718.0,33646.0,31750.0,JB Hunt Transport Services Inc,US4456581077,Industrials
JBL UN Equity,Technology Hardware & Equipmen,734.0919799804688,1629.1800537109375,645.1389770507812,5365.75,,,111.9729995727539,9.741999626159668,80.93299865722656,,,0.0,0.0,,Removed,,False,True,True,False,True,313.0,,,,,,42.0,24.0,0.0,0.10000000149011612,,10.0,80.0,False,3.0,7.6481499671936035,62.599998474121094,80.0,True,2.5,25.0,1.0,14.0,75.0,47.547000885009766,53.8650016784668,53.17399978637695,55.19200134277344,28.996000289916992,30.445999145507812,1572.6300048828125,1730.8499755859375,1992.7099609375,1735.1500244140625,1784.8199462890625,1091.6800537109375,703.64599609375,166.6739959716797,103.69400024414062,9382.4697265625,7632.7998046875,7394.18994140625,8220.3798828125,5879.60986328125,25282.32,27266.438,29285.0,33478.0,34702.0,28883.0,29802.0,12970.475,14397.416,16654.0,19717.0,19424.0,17351.0,18543.0,1473.1889999999999,1408.717,2050.0,2461.0,2608.0,2827.0,1975.0,-1005.48,-983.035,-1159.0,-1385.0,-1030.0,-784.0,-468.0,200000.0,240000.0,238000.0,250000.0,236000.0,138000.0,135000.0,Jabil Inc,US4663131039,Information Technology
JCI UN Equity,Capital Goods,467.7950134277344,1285.8699951171875,317.9209899902344,2052.0,,,30.937999725341797,2.1700000762939453,23.02899932861328,,,,,,Targets Set,1.5,True,True,True,False,True,381.0,,,,12.0,,23.0,,0.0,0.15000000596046448,21.0,12.0,91.66670227050781,False,3.0,6.354169845581055,62.33330154418945,91.66670227050781,True,1.5833300352096558,33.33330154418945,1.0,5.0,75.0,549.3579711914062,451.3110046386719,370.4200134277344,263.6400146484375,256.6210021972656,334.15899658203125,386.22100830078125,331.2359924316406,300.7250061035156,331.8389892578125,168.9709930419922,155.41200256347656,133.63600158691406,137498.0,121906.0,233032.0,230413.0,128808.0,113719.0,93735.0,23968.0,22317.0,23668.0,25299.0,22331.0,22952.0,23596.0,42287.0,40815.0,41890.0,42158.0,42242.0,42695.0,37939.0,2039.0,2184.0,3788.0,2859.0,2478.0,3096.0,3528.0,-586.0,-443.0,-552.0,-592.0,-446.0,-494.0,-434.0,104000.0,97000.0,101000.0,102000.0,100000.0,94000.0,75000.0,Johnson Controls International,IE00BY7QL619,Industrials
JKHY UW Equity,Financial Services,,83.18620300292969,,,,,,,,,,,,,Removed,,,,True,,,,,,,,,46.79999923706055,,,,0.0,,80.0,,,8.166669845581055,,,,2.25,42.85710144042969,,,,5.180200099945068,3.565929889678955,5.2318501472473145,7.715270042419434,7.793429851531982,6.8320698738098145,29.947599411010742,27.17959976196289,26.573400497436523,26.09149932861328,28.699199676513672,27.052799224853516,21.46430015563965,159.906005859375,,,,76.16439819335938,102.73200225830078,101.73600006103516,1552.691,1697.067,1758.225,1942.884,2077.702,2215.543,2375.288,2184.829,2428.474,2336.156,2455.564,2773.826,2924.481,3043.97,507.918,564.444,585.312,662.9680000000001,679.6759999999999,695.806,782.142,-53.598,-53.538,-22.988,-34.659,-39.179,-58.118,-53.358,,,,,7120.0,7170.0,7240.0,Jack Henry & Associates Inc,US4262811015,Financials
JNJ UN Equity,"Pharmaceuticals, Biotechnology",,2916.7099609375,,,,,,,,,,,,,Targets Set,1.5,,True,,,,270.0,3.0,12.0,,6539.0,9.0,50.36579895019531,42.0,9.0,,,12.0,91.66670227050781,True,4.0,6.138889789581299,64.66670227050781,91.66670227050781,True,4.75,40.0,1.0,14.0,75.0,363.875,329.7560119628906,332.6860046386719,326.135986328125,314.69000244140625,,629.6740112304688,607.760986328125,456.3529968261719,452.5669860839844,462.7690124511719,460.864013671875,,16892.19921875,16424.69921875,6306.990234375,6700.08984375,6756.16015625,6597.1298828125,,82059.0,82584.0,93775.0,79990.0,85159.0,88821.0,94193.0,157728.0,174894.0,182018.0,187378.0,167558.0,180104.0,199210.0,27389.0,27264.0,31337.0,27400.0,29382.0,28577.0,33318.0,-3498.0,-3347.0,-3652.0,-4009.0,-4543.0,-4424.0,-4832.0,132200.0,134500.0,141700.0,152700.0,134400.0,139800.0,140800.0,Johnson & Johnson,US4781601046,Health Care
JPM UN Equity,Banks,,,,,,,,,,,,,,,,,,True,,,True,,,,,,,48.0,29.0,,,,11.0,90.90910339355469,True,4.0,8.393939971923828,64.72730255126953,90.90910339355469,True,20.75,43.75,1.0,10.0,75.0,81.94400024414062,84.91100311279297,88.5530014038086,115.29399871826172,100.02400207519531,,851.6220092773438,816.0560302734375,755.5139770507812,783.6160278320312,792.47900390625,773.8519897460938,,181.00399780273438,36.16899871826172,38.33599853515625,48866.80078125,144955.0,118600.0,,142515.0,129911.0,127202.0,154792.0,239425.0,278906.0,280345.0,2687379.0,3384757.0,3743567.0,3665743.0,3875393.0,4002814.0,4424900.0,,,,,,,,0.0,0.0,0.0,0.0,0.0,0.0,0.0,256981.0,255351.0,271025.0,293723.0,309926.0,317233.0,318512.0,JPMorgan Chase & Co,US46625H1005,Financials
KDP UW Equity,"Food, Beverage & Tobacco",478.85400390625,1968.7900390625,468.0159912109375,13562.0,,,131.9499969482422,,,,,,,,Targets Set,1.5,True,True,True,False,True,346.0,,,,250000.0,34.0,19.65130043029785,35.900001525878906,0.0,0.46000000834465027,24.56999969482422,9.0,88.88890075683594,False,3.0,4.033329963684082,60.88890075683594,88.88890075683594,False,2.5,12.5,1.0,19.0,75.0,289.7550048828125,294.4549865722656,298.18798828125,286.7869873046875,295.7200012207031,305.4679870605469,162.74600219726562,165.0760040283203,167.4929962158203,168.4499969482422,174.7779998779297,180.74400329589844,173.38600158691406,8749.7197265625,8454.0,10039.2001953125,11271.2001953125,10600.2001953125,11286.599609375,11140.7001953125,11120.0,11618.0,12683.0,14057.0,14814.0,15351.0,16603.0,49518.0,49779.0,50598.0,51837.0,52130.0,53430.0,55459.0,3155.0,3244.0,3722.0,3451.0,4071.0,3493.0,4510.0,-330.0,-461.0,-423.0,-353.0,-425.0,-563.0,-486.0,25500.0,27000.0,27500.0,28000.0,28100.0,29400.0,30600.0,Keurig Dr Pepper Inc,US49271V1008,Consumer Staples
KEY UN Equity,Banks,36.25600051879883,148.86199951171875,5.408999919891357,,,,4.447000026702881,,2.6510000228881836,,,,,,,,,,,,,,,,8.699999809265137,,,57.0,32.0,,,0.0,15.0,93.33329772949219,True,4.0,9.267860412597656,65.66670227050781,93.33329772949219,True,6.416669845581055,36.36360168457031,1.0,7.0,98.0,10.805800437927246,10.739999771118164,11.423999786376953,9.803000450134277,9.236000061035156,10.319999694824219,41.83399963378906,37.17720031738281,36.402000427246094,31.083999633789062,28.025999069213867,26.266000747680664,25.93600082397461,60.07500076293945,56.86040115356445,67.35150146484375,76.00499725341797,60.678001403808594,57.652000427246094,52.11000061035156,7694.0,7337.0,7561.0,8130.0,10397.0,9236.0,11228.0,144988.0,170336.0,186346.0,189813.0,188281.0,187168.0,184381.0,,,,,,,,-85.0,-63.0,-66.0,-96.0,-142.0,-65.0,-107.0,17045.0,16826.0,16974.0,17660.0,17692.0,17406.0,17396.0,KeyCorp,US4932671088,Financials
KEYS UN Equity,Technology Hardware & Equipmen,93.6520004272461,268.1820068359375,9.64861011505127,834.3499755859375,,,2.744839906692505,0.9996200203895569,2.0667901039123535,0.0,0.0,,,,Targets Set,1.5,True,True,True,False,True,43.0,,,,,5.800000190734863,30.100000381469727,24.299999237060547,0.0,,11.5,10.0,80.0,False,4.0,7.613639831542969,73.9000015258789,90.0,False,4.416669845581055,,3.0,6.0,75.0,14.204999923706055,15.717000007629395,13.178999900817871,16.160999298095703,13.29800033569336,12.87600040435791,81.09500122070312,80.70600128173828,79.43900299072266,79.95500183105469,82.26699829101562,82.1719970703125,80.7760009765625,109.94200134277344,79.27999877929688,2716.580078125,3256.68994140625,3631.330078125,2540.75,2750.389892578125,4303.0,4221.0,4941.0,5420.0,5464.0,4979.0,5375.0,6623.0,7218.0,7781.0,8098.0,8683.0,9269.0,11301.0,1019.0,1140.0,1424.0,1608.0,1622.0,1162.0,1212.0,-120.0,-117.0,-174.0,-185.0,-196.0,-154.0,-128.0,13600.0,13900.0,14300.0,15000.0,14900.0,15500.0,16800.0,Keysight Technologies Inc,US49338L1035,Information Technology
KHC UW Equity,"Food, Beverage & Tobacco",,3669.449951171875,,,,,,,,,,,,,Targets Set,1.5,,True,,,,,,,,,,37.716400146484375,,,,,13.0,84.61540222167969,False,5.0,4.403850078582764,61.61539840698242,84.61540222167969,False,0.75,40.0,1.0,11.0,83.0,605.6060180664062,537.4600219726562,501.7860107421875,455.97198486328125,412.64599609375,,773.0659790039062,694.906982421875,699.0910034179688,558.4439697265625,548.906982421875,515.4979858398438,,24380.30078125,25026.5,27281.30078125,27426.900390625,24332.30078125,24151.69921875,,24977.0,26185.0,26042.0,26485.0,26640.0,25846.0,24942.0,101450.0,99830.0,93394.0,90513.0,90339.0,88287.0,81786.0,4241.0,3259.0,4537.0,4730.0,5675.0,2763.0,-3565.0,-768.0,-596.0,-905.0,-916.0,-1013.0,-1024.0,-801.0,37000.0,38000.0,36000.0,37000.0,37000.0,36000.0,35000.0,Kraft Heinz Co/The,US5007541064,Consumer Staples
KIM UN Equity,Equity Real Estate Investment,38.42399978637695,123.30000305175781,,7966.77001953125,,,360.4580078125,0.0,81.17500305175781,,,,,,Targets Set,Well-below 2,False,False,True,False,False,1.0,,,0.597819983959198,,8.899999618530273,65.0,36.5,0.0,0.13600000739097595,0.0,9.0,77.77780151367188,False,5.0,8.935190200805664,64.22219848632812,77.77780151367188,True,10.75,18.51849937438965,1.0,7.0,100.0,2.1429998874664307,4.427000045776367,3.88700008392334,3.2260000705718994,4.004000186920166,3.5810000896453857,47.409000396728516,44.382999420166016,46.95899963378906,41.71900177001953,38.5359992980957,37.16600036621094,34.84299850463867,62.516998291015625,62.387001037597656,64.11000061035156,115.93699645996094,149.43299865722656,793.7490234375,581.2990112304688,1158.884,1057.893,1364.585,1727.684,1783.4,2037.014,2140.116,10997.867,11614.498,18459.199,17826.122,18274.022,20309.896,19688.25,688.878,625.454,800.402,1068.2789999999998,1085.8020000000001,1246.6059999999998,1349.496,-458.435,-44.892,-796.196,-566.042,-569.811,-329.895,-359.922,502.0,484.0,606.0,639.0,660.0,717.0,710.0,Kimco Realty Corp,US49446R1095,Real Estate
KKR UN Equity,Financial Services,9.567999839782715,,,,,,,,,,,,,,,,False,False,True,False,False,,,,,,,46.0,35.0,0.0,,,15.0,73.33329772949219,False,5.0,8.794440269470215,62.400001525878906,73.33329772949219,False,5.0,10.0,1.0,,,0.5360999703407288,0.8967999815940857,0.7860000133514404,2.135999917984009,1.8600000143051147,1.5490000247955322,,2.2416999340057373,1.8777999877929688,2.315000057220459,4.807000160217285,6.419000148773193,8.019000053405762,,3.1528000831604004,4.012199878692627,11.781000137329102,26.77400016784668,30.70199966430664,31.6299991607666,9120.272,9629.698,26141.341,7273.387,21685.302,29880.438,28888.421,60899.319,79806.502,264285.44,275346.636,317294.194,360099.411,410144.072,6277.541,6771.566,14826.978000000003,687.5590000000001,9658.68,9348.547,10374.675000000001,-194.569,-142.258,-102.049,-85.056,-108.393,-141.536,-160.765,1384.0,1583.0,3238.0,4150.0,4490.0,4834.0,5043.0,KKR & Co Inc,US48251W1045,Financials
KLAC UW Equity,Semiconductors & Semiconductor,91.46399688720703,307.2569885253906,,570.7630004882812,17.607200622558594,,3.352400064468384,0.17020000517368317,2.4142000675201416,,,,,,Targets Set,1.5,False,True,True,False,True,,0.0,0.0,,4.800000190734863,,19.0,,0.0,,0.0,,90.0,,,8.274999618530273,,,,20.75,18.181800842285156,1.0,,,2.630000114440918,3.7929999828338623,4.697999954223633,7.964000225067139,7.550000190734863,6.5229997634887695,,53.44300079345703,52.24300003051758,69.05699920654297,68.25800323486328,78.99500274658203,82.3759994506836,,,4861.33984375,3302.669921875,4277.009765625,3531.320068359375,3441.7099609375,4568.904,5806.424,6918.734,9211.883,10496.056,9812.247,12156.162,9008.516,9279.96,10271.124,12597.088,14072.357,15433.566,16067.926,1622.597,1885.35,2860.715,4054.125,4451.609,3802.54,5220.715,-130.498,-152.675,-231.628,-307.32,-341.591,-277.384,-335.259,10020.0,10600.0,11300.0,14000.0,15000.0,15000.0,15000.0,KLA Corp,US4824801009,Information Technology
KMB UW Equity,Household & Personal Products,3168.0,13365.7998046875,490.0,85162.0,,,809.8599853515625,1.6369999647140503,217.81700134277344,,,,,,Targets Set,Well-below 2,True,True,True,False,True,282.0,0.0,0.0,,,17.020000457763672,33.29999923706055,,0.0,0.3400000035762787,,13.0,92.30770111083984,True,6.0,7.737180233001709,60.61539840698242,92.30770111083984,True,7.75,38.46149826049805,1.0,13.0,75.0,1800.0,1772.0,1783.0,1720.0,1686.0,1660.0,1941.0,1886.0,1732.0,1534.0,1569.0,1523.0,1508.0,13392.0,13177.0,12591.0,11172.0,10169.0,10459.0,10345.0,18450.0,19140.0,19440.0,20175.0,20431.0,16805.0,16447.0,15283.0,17523.0,17837.0,17970.0,17344.0,16546.0,17098.0,4077.0,4218.0,3499.0,3596.0,3244.0,3617.0,3297.0,-1209.0,-1217.0,-1007.0,-876.0,-766.0,-721.0,-1138.0,45000.0,45000.0,45000.0,44000.0,41000.0,38000.0,36000.0,Kimberly-Clark Corp,US4943681035,Consumer Staples
KMI UN Equity,Energy,18700.0,,,1573.0,,,,8.684000015258789,,,0.40700000524520874,30.0,0.02480199933052063,,,,False,True,True,True,True,98.0,0.0,0.0,28.0,0.8190000057220459,8.0,16.395099639892578,19.37980079650879,0.0,0.5,7.860000133514404,11.0,72.72730255126953,False,4.0,14.128800392150879,69.72730255126953,81.81819915771484,True,3.166670083999634,11.111100196838379,1.0,6.0,75.0,15300.0,15200.0,14800.0,15400.0,15400.0,15900.0,3300.0,2900.0,2800.0,3100.0,3100.0,3000.0,2800.0,,,,,,,,13209.0,11700.0,16610.0,19200.0,15334.0,15100.0,16937.0,74157.0,71973.0,70416.0,70078.0,71020.0,71407.0,72748.0,7345.0,3733.0,5064.0,6263.0,6526.0,6750.0,7189.0,-2349.0,-1707.0,-1281.0,-1621.0,-2317.0,-2629.0,-3026.0,10529.0,10524.0,10529.0,10525.0,10891.0,10933.0,11028.0,Kinder Morgan Inc,US49456B1017,Energy
KO UN Equity,"Food, Beverage & Tobacco",1195.719970703125,2981.81005859375,,,,,,,,,,,,,Targets Set,2,,,True,,,,,,,162.5,,46.20000076293945,43.5,,,,12.0,91.66670227050781,True,4.0,5.875,60.25,91.66670227050781,True,0.5833330154418945,39.39390182495117,1.0,5.0,75.0,1490.0,1610.0,519.7529907226562,503.2869873046875,474.4129943847656,401.8299865722656,3730.0,3750.0,3880.0,3910.0,844.8480224609375,873.7059936523438,793.8920288085938,54039.0,50420.19921875,57959.8984375,57877.30078125,56841.6015625,8741.8203125,8474.400390625,37266.0,33014.0,38655.0,43004.0,45754.0,47061.0,47941.0,86381.0,87296.0,94354.0,92763.0,97703.0,100549.0,104816.0,11778.0,10886.0,12102.0,12566.0,12836.0,11429.0,15217.0,-2054.0,-1177.0,-1367.0,-1484.0,-1852.0,-2064.0,-2112.0,86200.0,80300.0,79000.0,82500.0,79100.0,69700.0,65900.0,Coca-Cola Co/The,US1912161007,Consumer Staples
KR UN Equity,Consumer Staples Distribution,,11469.900390625,,,,,,,,,,,,,Removed,,,,,,,,,,183.0,,,48.62799835205078,31.56999969482422,,2.2899999618530273,,10.0,80.0,True,3.0,7.681819915771484,66.30000305175781,90.0,True,0.6666669845581055,21.428600311279297,1.0,9.0,75.0,2445.530029296875,2072.1298828125,2303.389892578125,2335.89990234375,2288.72998046875,2240.5400390625,3603.85009765625,3304.22998046875,3018.22998046875,2747.2099609375,2695.639892578125,2740.0,2709.320068359375,2299.06005859375,2177.4599609375,1503.760009765625,11811.400390625,2390.610107421875,1921.9300537109375,110250.0,121852.0,122286.0,132498.0,137888.0,148258.0,150039.0,147123.0,38118.0,45256.0,48662.0,49086.0,49623.0,50505.0,52616.0,5079.0,5784.0,6401.0,7146.0,7930.0,7112.0,7972.0,-2967.0,-3128.0,-2865.0,-2614.0,-3078.0,-3904.0,-4017.0,453000.0,435000.0,465000.0,420000.0,430000.0,414000.0,409000.0,Kroger Co/The,US5010441013,Consumer Staples
KVUE UN Equity,Household & Personal Products,208.63600158691406,735.072998046875,311.6709899902344,,,,,,,,,,,,Targets Set,1.5,,True,,,True,,,,,,,50.0,50.0,,0.15000000596046448,,12.0,91.66670227050781,False,5.0,2.916670083999634,62.41669845581055,91.66670227050781,True,1.25,25.0,1.0,20.0,75.0,73.84100341796875,73.06199645996094,71.98200225830078,62.91899871826172,56.53799819946289,63.54399871826172,,152.26100158691406,146.6929931640625,154.5540008544922,146.2449951171875,152.26100158691406,145.0919952392578,,,,3652.179931640625,3410.360107421875,2881.409912109375,2999.639892578125,14324.0,14467.0,15054.0,14950.0,15444.0,15455.0,15124.0,,29177.0,27929.0,27316.0,27851.0,25601.0,27076.0,2555.0,-233.0,3651.0,3361.0,3187.0,2511.0,3021.0,-2218.0,-229.0,-218.0,-375.0,-469.0,-440.0,-475.0,,,,,22000.0,22000.0,22000.0,Kenvue Inc,US49177J1025,Consumer Staples
L UN Equity,Insurance,,,,,,,,,,,,,,,,,False,False,True,False,False,,,,,,,46.5099983215332,32.349998474121094,,,,9.0,88.88890075683594,False,4.0,12.14169979095459,62.66669845581055,88.88890075683594,False,1.8333300352096558,10.0,1.0,8.0,75.0,,,,,,,,,,,,,,,,,,,,,14931.0,12583.0,14657.0,14044.0,15901.0,17510.0,18454.0,82243.0,80236.0,81626.0,75567.0,79197.0,81943.0,86348.0,,,,,,,,-1041.0,-710.0,-482.0,-660.0,-686.0,-632.0,-579.0,18605.0,12200.0,10340.0,12050.0,12280.0,13000.0,13100.0,Loews Corp,US5404241086,Financials
LDOS UN Equity,Commercial & Professional Serv,,486.85198974609375,,,,,,,,,,,,,,,,,True,,,,,,,,,35.0,37.36000061035156,,,,10.0,90.0,False,5.0,10.35830020904541,67.4000015258789,90.0,True,3.416670083999634,26.66670036315918,1.0,5.0,75.0,24.71299934387207,58.04899978637695,59.3129997253418,63.36899948120117,69.44349670410156,,62.275001525878906,89.28700256347656,88.3949966430664,83.23699951171875,78.61599731445312,68.76830291748047,,98.33000183105469,59.99399948120117,70.63500213623047,94.51499938964844,98.66000366210938,90.26390075683594,,11094.0,12297.0,13737.0,14396.0,15438.0,16662.0,17174.0,9367.0,12511.0,13261.0,13071.0,12695.0,13104.0,13493.0,1295.0,1438.0,1641.0,1576.0,1100.0,2260.0,2541.0,-121.0,-183.0,-104.0,-129.0,-207.0,-149.0,-125.0,34000.0,39000.0,43000.0,45000.0,47000.0,48000.0,47000.0,Leidos Holdings Inc,US5253271028,Industrials
LEN UN Equity,Consumer Durables & Apparel,,,,,,,,,,,,,,,,,False,False,True,False,False,,,,,,,,,,,0.0,10.0,80.0,True,5.0,14.398099899291992,65.19999694824219,80.0,True,3.083329916000366,33.33330154418945,1.0,6.0,75.0,,,10.515000343322754,,,,,,,34.06399917602539,,,,,,,14827.2001953125,,,,22259.561,22488.854,27130.676,33671.01,34233.366,35441.452,34186.934,29359.511,29935.177,33207.778,37984.295,39234.303,41312.781,34430.437,2565.1749999999997,3360.495,5280.333,6945.994,5609.057,5090.407,3176.1009999999997,-86.497,-72.752,-65.172,-57.214,-99.799,-171.503,-188.629,10106.0,9495.0,10753.0,12012.0,12284.0,13265.0,12532.0,Lennar Corp,US5260571048,Consumer Discretionary
LH UN Equity,Health Care Equipment & Servic,327.7349853515625,1225.699951171875,171.63499450683594,1.5470000505447388,,,19.6560001373291,2.234999895095825,6.064000129699707,,,,,,Targets Set,1.5,True,True,True,False,True,,,,,,,71.0,,,0.6000000238418579,2.5999999046325684,11.0,90.90910339355469,True,4.0,8.401519775390625,61.272701263427734,90.90910339355469,True,6.916669845581055,,1.0,6.0,99.08999633789062,173.7969970703125,167.57200622558594,179.23399353027344,182.26499938964844,187.4550018310547,185.781005859375,174.46800231933594,171.2030029296875,173.14999389648438,158.65699768066406,155.9290008544922,151.66200256347656,141.95399475097656,48.917999267578125,1038.530029296875,1195.800048828125,1009.1199951171875,1197.7900390625,1155.780029296875,879.947998046875,11554.8,13978.5,16120.9,14876.8,12161.6,13008.9,13951.7,18046.4,20071.7,20385.4,20155.1,16725.1,18379.0,18392.7,2131.4,3285.5000000000005,4225.3,2627.8,1505.5,1951.1000000000001,2306.5,-400.2,-381.7,-460.4,-481.9,-453.6,-489.9,-434.5,72400.0,72400.0,75500.0,80000.0,67000.0,70000.0,71000.0,Labcorp Holdings Inc,US5049221055,Health Care
LHX UN Equity,Capital Goods,,984.1669921875,,,,,,,,,,,,,,,,,,,,,,,,,,26.0,30.479999542236328,,0.10999999940395355,6.0,13.0,92.30770111083984,True,5.0,8.242420196533203,66.15380096435547,92.30770111083984,True,0.16666699945926666,33.33330154418945,1.0,6.0,100.0,92.98300170898438,98.51000213623047,72.10299682617188,49.78799819946289,73.96099853515625,,216.52200317382812,206.26300048828125,255.08999633789062,189.26499938964844,180.66799926757812,224.9980010986328,,140.4739990234375,100.0199966430664,97.27799987792969,120.3270034790039,130.656005859375,261.25299072265625,,12856.0,18194.0,17814.0,17062.0,19419.0,21325.0,21865.0,38336.0,36960.0,34709.0,33524.0,41687.0,42001.0,41195.0,2055.0,2383.0,3248.0,2216.0,2755.0,3371.0,3506.0,-267.0,-368.0,-342.0,-252.0,-449.0,-408.0,-424.0,50000.0,48000.0,47000.0,46000.0,50000.0,47000.0,45000.0,L3Harris Technologies Inc,US5024311095,Industrials
LII UN Equity,Capital Goods,,306.91400146484375,,,,,,,,,,,,,Targets Set,Well-below 2,,,True,,True,,,,,,,36.0,,,0.12999999523162842,26.350000381469727,9.0,88.88890075683594,False,4.0,9.34375,59.0,88.88890075683594,False,4.416669845581055,33.33330154418945,3.0,9.0,75.0,83.05899810791016,116.66799926757812,139.18499755859375,,,,64.9000015258789,56.41299819946289,51.40599822998047,53.0099983215332,,,,90228.296875,80046.203125,100268.0,98543.203125,,,,3807.2,3634.1,4194.1,4718.4,4981.9,5341.3,5195.3,2034.9,2032.5,2171.9,2567.6,2798.3,3620.0,4081.8,774.3000000000001,598.2,724.9,801.8000000000001,941.7,1210.8999999999999,1244.1,-105.6,-78.5,-106.8,-101.1,-250.2,-163.6,-118.8,11200.0,10300.0,11000.0,13200.0,12600.0,14200.0,12900.0,Lennox International Inc,US5261071071,Industrials
LIN UW Equity,Materials,36634.0,71616.0,7564.0,1123300.0,,,121.18900299072266,28.437000274658203,,,,,,49.0,Targets Set,Well-below 2,True,True,True,False,True,232.0,0.0,0.0,,21.899999618530273,,28.0,27.0,0.0,0.08540000021457672,33.33000183105469,10.0,80.0,False,4.0,7.435180187225342,66.0999984741211,90.0,True,4.583330154418945,18.181800842285156,1.0,5.0,100.0,16247.0,16321.0,16813.0,16582.0,16470.0,16434.0,20806.0,19818.0,21413.0,20903.0,20700.0,20997.0,20200.0,15412.0,14403.0,21261.0,25859.0,25394.5,24366.5,24590.400390625,28228.0,27243.0,30793.0,33364.0,32854.0,33005.0,33986.0,86612.0,88229.0,81605.0,79658.0,80811.0,80147.0,86817.0,7972.0,8289.0,9705.0,9610.0,11885.0,12476.0,12769.0,-3682.0,-3400.0,-3086.0,-3173.0,-3787.0,-4497.0,-5261.0,80820.0,74207.0,72327.0,65010.0,66323.0,65289.0,65177.0,Linde PLC,IE000S9YS762,Materials
LITE UW Equity,Technology Hardware & Equipmen,,199.9759979248047,,,,,,,,,,,,,Targets Set,1.5,False,True,True,False,True,,,,,,,45.209999084472656,,,0.05999999865889549,1.0,,88.88890075683594,,,5.824069976806641,,,,1.6666699647903442,13.33329963684082,,,,5.697999954223633,7.85699987411499,9.487000465393066,9.812999725341797,8.682999610900879,,44.231998443603516,46.65140151977539,44.047000885009766,74.38700103759766,67.52300262451172,68.21900177001953,,75.2979965209961,13.440999984741211,43.11800003051758,833.0759887695312,646.10400390625,661.4520263671875,,1565.3,1678.6,1742.8,1712.6,1767.0,1359.2,1645.0,2716.6,3292.6,3551.6,4162.2,4632.1,3931.9,4218.7,135.8999994,408.9,715.4,480.4,151.7,-128.89999999999998,89.1,-167.3,-90.0,-94.8,-91.2,-128.5,-133.0,-231.0,5161.0,5473.0,5618.0,6815.0,7500.0,7257.0,10562.0,Lumentum Holdings Inc,US55024U1097,Information Technology
LLY UN Equity,"Pharmaceuticals, Biotechnology",634.0,1956.4300537109375,619.0,286200.0,96.80000305175781,,148.0,44.0,,,,,,,,,True,True,True,False,True,,0.0,0.0,,3229.699951171875,8.699999809265137,50.0,31.0,0.0,,,12.0,91.66670227050781,True,4.0,9.722220420837402,61.5,91.66670227050781,True,9.75,,3.0,9.0,75.0,159.0,157.0,171.0,182.0,192.0,206.0,596.0,551.0,488.0,415.0,406.0,396.0,428.0,234.79600524902344,175.94700622558594,2987.31005859375,3179.0,5139.5,6173.759765625,8220.0,22319.5,24539.8,28318.4,28541.4,34124.1,45043.0,65179.0,39286.1,46633.1,48806.0,49489.8,64006.3,78715.0,112476.0,6206.9,7381.9,7904.700000000001,8649.8,7985.2,14666.0,28299.0,-1033.9,-1387.9,-1309.8,-1854.3,-3447.6,-5058.0,-7841.0,33625.0,35000.0,35000.0,39000.0,43000.0,47000.0,50000.0,Eli Lilly & Co,US5324571083,Health Care
LMT UN Equity,Capital Goods,823.8400268554688,3268.14990234375,562.1519775390625,4970.47021484375,,,23.356199264526367,2.835939884185791,12.706899642944336,,,,,,,,False,True,True,False,True,1193.0,,,,,8.199999809265137,23.5,26.100000381469727,0.0,0.11800000071525574,19.0,10.0,90.0,True,3.0,8.148150444030762,67.0,90.0,True,6.333330154418945,22.222200393676758,1.0,6.0,100.0,306.2300109863281,308.885986328125,318.16900634765625,301.0979919433594,304.7250061035156,330.8970031738281,662.6589965820312,609.0900268554688,568.4760131835938,534.4290161132812,530.1220092773438,527.4249877929688,492.9429931640625,26553.0,27946.69921875,28617.0,27814.5,23365.80078125,24976.80078125,29806.0,59812.0,65398.0,67044.0,65984.0,67571.0,71043.0,75048.0,47528.0,50710.0,50873.0,52880.0,52456.0,55617.0,59840.0,9973.0,10157.0,10762.0,10027.0,10210.0,8832.0,9676.0,-1484.0,-1766.0,-1522.0,-1670.0,-1691.0,-1685.0,-1649.0,110000.0,114000.0,114000.0,116000.0,122000.0,121000.0,123000.0,Lockheed Martin Corp,US5398301094,Industrials
LNT UW Equity,Utilities,,,,,,,,,,,,,,,,,,,,,,,,,,,,21.40999984741211,33.33000183105469,,0.5299999713897705,58.0,10.0,90.0,False,5.0,7.318180084228516,59.5,90.0,True,2.75,46.66669845581055,3.0,8.0,75.0,12624.2998046875,15682.7998046875,13212.0,13610.0,13122.0,,5.236000061035156,4.186999797821045,0.8949999809265137,0.8199999928474426,0.7590000033378601,0.9120000004768372,,7506.2900390625,6221.7099609375,5851.2998046875,,,,,3648.0,3416.0,3669.0,4205.0,4027.0,3981.0,4362.0,16701.0,17710.0,18553.0,20163.0,21237.0,22714.0,24991.0,1347.0,1355.0,1452.0,1599.0,1619.0,1658.0,1871.0,-1640.0,-1366.0,-1169.0,-1484.0,-1854.0,-2249.0,-2483.0,3597.0,3375.0,3313.0,3129.0,3281.0,2998.0,2948.0,Alliant Energy Corp,US0188021085,Utilities
LOW UN Equity,Consumer Discretionary Distrib,,4424.3701171875,,,,,,,,,,,,,Removed,,,,,,,,,,,,,37.0,29.0,,1.3700000047683716,,12.0,91.66670227050781,True,5.0,8.305560111999512,64.66670227050781,91.66670227050781,True,8.25,29.268299102783203,1.0,8.0,88.0,484.73699951171875,473.0,508.0090026855469,437.0,413.26800537109375,387.9989929199219,1932.510009765625,1623.77001953125,1385.0,1045.2900390625,1025.0,867.5750122070312,857.3809814453125,342643.0,123645.0,69990.703125,143282.0,163679.0,119998.0,113139.0,71309.0,72148.0,89597.0,96250.0,97059.0,86377.0,83674.0,34508.0,39471.0,46735.0,44640.0,43708.0,41795.0,43102.0,5625.0,8398.0,11900.0,14674.0,12874.0,14110.0,13150.0,-1174.0,-1484.0,-1791.0,-1853.0,-1829.0,-1964.0,-1927.0,190000.0,200000.0,220000.0,200000.0,182000.0,284000.0,270000.0,Lowe's Cos Inc,US5486611073,Consumer Discretionary
LRCX UW Equity,Semiconductors & Semiconductor,199.08999633789062,506.0,227.6999969482422,1627.800048828125,,,,1.9509999752044678,,3.0,,,,,Targets Set,1.5,,True,True,,True,,,,,,,21.0,19.100000381469727,,,,,90.90910339355469,,,7.229169845581055,,,True,7.833330154418945,27.2726993560791,,,,90.27100372314453,250.00799560546875,302.7200012207031,457.17401123046875,189.53700256347656,99.25900268554688,83.51249694824219,83.51300048828125,87.16999816894531,109.62699890136719,131.08399963378906,128.1009979248047,128.25900268554688,4913.56005859375,4900.0,2847.7099609375,6685.68017578125,9883.3095703125,7163.14013671875,7649.2900390625,9653.559,10044.736,14626.15,17227.039,17428.516,14905.386,18435.591,12001.333,14559.047,15892.152,17195.632,18781.643,18744.728,21345.26,2774.013,2988.4280000000003,4840.693,5784.811,5592.951999999999,4623.611999999999,6287.245,-303.491,-203.239,-349.096,-546.034,-501.568,-396.67,-759.186,10700.0,11300.0,14100.0,17700.0,17200.0,17450.0,19000.0,Lam Research Corp,US5128073062,Information Technology
LULU UW Equity,Consumer Durables & Apparel,,119.02999877929688,,,,,,,,,,,,,Targets Set,1.5,,True,True,,True,,,,,,,75.0,47.0,,,,9.0,88.88890075683594,False,3.0,5.1859002113342285,57.444400787353516,88.88890075683594,True,0.08333329856395721,60.0,3.0,10.0,75.0,3.1640000343322754,2.875,3.0920000076293945,3.9100000858306885,4.23199987411499,4.070000171661377,15.140000343322754,16.424999237060547,17.499000549316406,19.60700035095215,24.92300033569336,31.128000259399414,35.763999938964844,836.7239990234375,929.219970703125,1130.739990234375,1524.2900390625,1811.1099853515625,1723.5899658203125,2234.89990234375,3288.319,3979.296,4401.879,6256.617,8110.518,9619.278,10588.126,2084.711,3281.354,4185.215,4942.478,5607.038,7091.941,7603.292,828.32,1227.41,1198.962,1773.11,1865.966,2794.948,3288.172,-225.807,-283.048,-229.226,-394.502,-638.657,-651.865,-689.232,15700.0,19000.0,25000.0,29000.0,34000.0,38000.0,39000.0,Lululemon Athletica Inc,US5500211090,Consumer Discretionary
LUV UN Equity,Transportation,,79983.6015625,,,,,,,,,,,,,,,,True,True,,,,,,,,,43.599998474121094,,,,84.0,13.0,84.61540222167969,False,4.0,3.5320498943328857,64.30770111083984,84.61540222167969,False,4.666669845581055,40.0,1.0,7.0,75.0,12294.0,16086.400390625,18521.400390625,20670.30078125,21091.099609375,,44.78300094604492,38.33399963378906,34.97700119018555,36.48699951171875,35.821998596191406,29.461999893188477,,4195.41015625,2595.699951171875,3386.280029296875,5610.02978515625,6389.64990234375,5859.66015625,,22428.0,9048.0,15790.0,23814.0,26091.0,27483.0,28063.0,25895.0,34588.0,36320.0,35369.0,36487.0,33750.0,29061.0,4350.0,-2334.0,3237.0,2623.0,2014.0,2240.0,2350.0,-1027.0,-515.0,-505.0,-3924.0,-3520.0,-2054.0,-2673.0,60767.0,56537.0,55093.0,66656.0,74806.0,72450.0,72790.0,Southwest Airlines Co,US8447411088,Industrials
LVS UN Equity,Consumer Services,543.7100219726562,1549.3599853515625,479.9939880371094,8725.0,,,62.91999816894531,0.004999999888241291,,0.0,0.0,,,,Targets Set,1.5,False,True,True,False,True,1248.0,,,52.81489944458008,11.0,11.0,49.0,34.0,0.0,1.7999999523162842,0.0,9.0,62.5,True,3.0,10.16670036315918,71.33329772949219,77.77780151367188,True,0.5833330154418945,0.0,1.0,7.0,75.0,50.5,38.44599914550781,58.340999603271484,119.58799743652344,155.42100524902344,164.5240020751953,682.4340209960938,513.0889892578125,602.9580078125,443.0639953613281,475.1289978027344,368.3840026855469,379.1860046386719,594.0770263671875,306.66900634765625,299.06201171875,638.7990112304688,1307.3800048828125,2423.449951171875,1828.0699462890625,13739.0,2940.0,4234.0,4110.0,10372.0,11298.0,13017.0,23199.0,20807.0,20059.0,22039.0,21778.0,20666.0,21920.0,4897.0,-384.0,366.0,265.0,3535.0,3726.0,4298.0,-1216.0,-1227.0,-828.0,-651.0,-1017.0,-1567.0,-1168.0,50000.0,44500.0,44500.0,35500.0,38400.0,40300.0,41500.0,Las Vegas Sands Corp,US5178341070,Consumer Discretionary
LYB UN Equity,Materials,18900.0,93100.0,600.0,239000.0,,,1013.0,816.0,90.0,,0.4699999988079071,,,,Removed,,True,True,True,False,True,22.0,0.0,0.0,,9.723139762878418,10.0,21.0,25.0,0.0,,,12.0,91.66670227050781,False,5.0,7.993060111999512,66.83329772949219,91.66670227050781,True,4.416669845581055,36.36360168457031,1.0,7.0,94.0,15600.0,16300.0,14700.0,15400.0,15000.0,12900.0,8593.0,7100.0,7100.0,7000.0,7100.0,7200.0,6000.0,31345.19921875,98400.0,101900.0,106400.0,120736.0,118700.0,70700.0,34727.0,27753.0,46173.0,50451.0,41107.0,33394.0,30153.0,30435.0,35403.0,36742.0,36365.0,37000.0,35746.0,34003.0,5794.0,3337.0,8584.0,6904.0,5157.0,3835.0,1410.0,-2694.0,-1947.0,-1959.0,-1890.0,-1531.0,-1839.0,-1878.0,19100.0,19200.0,19100.0,19300.0,20000.0,20000.0,18970.0,LyondellBasell Industries NV,NL0009434992,Materials
LYV UN Equity,Media & Entertainment,,408.3789978027344,,,,,,,,,,,,,,,,,,,,,,,,,,,,,,0.0,12.0,91.66670227050781,False,3.0,10.340299606323242,56.16669845581055,91.66670227050781,True,21.83329963684082,27.777799606323242,1.0,5.0,75.0,,0.0,46.32400131225586,44.9379997253418,44.42100143432617,,,,0.0,62.33100128173828,62.71799850463867,62.62300109863281,,,,,,,,,11547.969,1861.178,6268.447,16681.254,22726.317,23155.625,25201.406,10975.615,10589.303,14402.318,16460.841,19029.64,19638.771,22912.533,952.944,-939.6179999999998,233.41699999999997,1424.444,1868.774,1632.766,2192.627,-323.566,-213.746,-152.734,-347.206,-438.604,-666.634,-1082.505,10500.0,8200.0,10200.0,12800.0,14700.0,16200.0,17700.0,Live Nation Entertainment Inc,US5380341090,Communication Services
MA UN Equity,Financial Services,55.737998962402344,128.593994140625,,,,,1.4169100522994995,,,,,,,,Targets Set,1.5,True,True,True,True,True,,,,,63.0,9.0,39.0,36.0,,,,12.0,91.66670227050781,False,6.0,7.486110210418701,63.75,91.66670227050781,True,5.75,41.86050033569336,1.0,6.0,75.0,3.2209999561309814,5.164000034332275,4.769000053405762,3.555999994277954,2.9619998931884766,3.444000005722046,52.14099884033203,52.53799819946289,48.9739990234375,51.233001708984375,48.49800109863281,49.04399871826172,52.29399871826172,503.0119934082031,366.14300537109375,494.5639953613281,506.58099365234375,505.4909973144531,436.2669982910156,457.0429992675781,16883.0,15301.0,18884.0,22237.0,25098.0,28167.0,32791.0,29236.0,33584.0,37669.0,38724.0,42448.0,48081.0,54157.0,10285.0,8784.0,10930.0,13151.0,14948.0,16624.0,20201.0,-422.0,-339.0,-407.0,-442.0,-371.0,-474.0,-489.0,18600.0,21000.0,24000.0,29900.0,33400.0,35300.0,39800.0,Mastercard Inc,US57636Q1040,Financials
MAA UN Equity,Equity Real Estate Investment,,874.0419921875,,,,,,,,,,,,,,,,,True,,,,,,,,,45.0,,,,,11.0,81.81819915771484,True,4.0,9.314809799194336,66.72730255126953,81.81819915771484,False,1.5,22.222200393676758,1.0,5.0,75.0,7.011000156402588,6.934500217437744,6.011929988861084,6.473810195922852,6.2415900230407715,,97.10199737548828,113.15299987792969,186.36000061035156,58.88589859008789,46.36280059814453,45.80229949951172,,31.088600158691406,115.90299987792969,0.0,163.7689971923828,215.83999633789062,238.4709930419922,,1641.017,1677.984,1778.082,2019.866,2148.468,2191.015,2209.126,11230.45,11194.791,11285.182,11241.165,11484.503,11812.369,11975.383,930.263,939.191,999.2829999999999,1172.882,1254.759,1243.153,1242.4070000000002,-105.106,-56.965,-46.028,-271.428,-223.453,-301.071,-133.447,2476.0,2530.0,2429.0,2387.0,2427.0,2532.0,2507.0,Mid-America Apartment Communit,US59522J1034,Real Estate
MAR UW Equity,Consumer Services,6623.31005859375,38000.0,,146000.0,,,,,,,,,,,Targets Set,1.5,False,True,True,False,True,,,,,50.0,,44.0,48.0,,,,13.0,76.92310333251953,False,5.0,7.090280055999756,64.38459777832031,92.30770111083984,True,5.666669845581055,35.714298248291016,1.0,5.0,75.0,972.7249755859375,1104.22998046875,1150.3199462890625,1226.1600341796875,1273.6300048828125,1265.0899658203125,5299.47998046875,4152.759765625,4708.7099609375,4806.9501953125,5161.68994140625,5370.2900390625,5358.22998046875,13334.2001953125,7152.080078125,8367.1201171875,11981.099609375,12198.7998046875,12097.7001953125,12451.0,20972.0,10571.0,13857.0,20773.0,23713.0,25100.0,26186.0,25051.0,24701.0,25553.0,24815.0,25674.0,26182.0,27540.0,2388.0,719.0,2194.0,3909.0,4296.0,4402.0,4879.0,-653.0,-135.0,-183.0,-332.0,-452.0,-750.0,-604.0,,121000.0,120000.0,140000.0,148000.0,155000.0,148000.0,Marriott International Inc/MD,US5719032022,Consumer Discretionary
MAS UN Equity,Capital Goods,134.0,487.0,,940.0,,,34.900001525878906,2.443000078201294,,,,,,,,,False,True,True,False,True,234.0,,,,0.5600000023841858,,,31.0,0.0,0.11999999731779099,22.0,9.0,88.88890075683594,False,4.0,8.949999809265137,60.555599212646484,88.88890075683594,True,1.25,15.384599685668945,3.0,6.0,75.0,41.0,39.0,48.0,40.0,41.0,50.0,174.0,113.0,96.0,85.0,87.0,84.0,84.0,,,,,,,,6707.0,7188.0,8375.0,8680.0,7967.0,7828.0,7562.0,5027.0,5777.0,5575.0,5187.0,5363.0,5016.0,5201.0,1296.0,1475.0,1604.0,1498.0,1558.0,1577.0,1459.0,-162.0,-114.0,-128.0,-224.0,-243.0,-168.0,-156.0,18000.0,18000.0,20000.0,19000.0,18000.0,18000.0,18000.0,Masco Corp,US5745991068,Industrials
MCD UN Equity,Consumer Services,,,,,,,,,,,,,,,Targets Set,1.5,,True,True,,,,,,,,,54.0,59.0,,,,11.0,90.90910339355469,True,5.0,6.75,62.63639831542969,90.90910339355469,True,6.916669845581055,50.0,1.0,6.0,75.0,97.3489990234375,102.177001953125,100.00900268554688,100.26399993896484,94.23300170898438,,511.4440002441406,474.1700134277344,365.5050048828125,338.26800537109375,224.96400451660156,,,56294.1015625,53704.8984375,56804.0,62617.8984375,59929.30078125,60245.1015625,,21364.4,19207.8,23222.9,23182.6,25493.7,25920.0,26885.0,47510.8,52626.8,53854.3,50435.6,56146.8,55182.0,59515.0,12294.499999999998,10554.699999999999,13784.4,12717.7,15167.2,15391.0,16223.0,-2393.7,-1640.8,-2040.0,-1899.2,-2357.4,-2775.0,-3365.0,,,,150000.0,,150000.0,,McDonald's Corp,US5801351017,Consumer Discretionary
MCHP UW Equity,Semiconductors & Semiconductor,,987.31201171875,,,,,,,,,,,,,,,,,,,,,,,,,,38.0,,,,,6.0,83.33329772949219,True,3.0,11.059499740600586,67.66670227050781,83.33329772949219,True,1.9166699647903442,0.0,1.0,11.0,100.0,425.9729919433594,348.4070129394531,407.7239990234375,424.3699951171875,439.6830139160156,288.1929931640625,328.9150085449219,311.489990234375,305.34100341796875,305.1619873046875,294.1000061035156,304.13800048828125,314.625,0.3949100077152252,,22.231000900268555,22.231000900268555,29.4950008392334,1082.800048828125,702.9530029296875,5349.5,5274.2,5438.4,6820.9,8438.7,7634.4,4401.6,18350.0,17426.1,16478.8,16199.5,16370.3,15873.2,15374.6,1590.6999999999998,1933.1,2214.5,3051.5,4171.0,3510.9,1108.2,-228.9,-67.6,-92.6,-370.1,-486.2,-285.1,-126.0,18286.0,18000.0,19500.0,21000.0,22600.0,22300.0,19400.0,Microchip Technology Inc,US5950171042,Information Technology
MCK UN Equity,Health Care Equipment & Servic,200.48199462890625,729.8560180664062,,583.4970092773438,,,7.498010158538818,0.04040589928627014,,,,,,,Targets Set,1.5,True,True,True,True,True,688.0,,,,1.4485000371932983,,62.0,43.0,,0.5,,12.0,91.66670227050781,False,4.0,4.840909957885742,66.58329772949219,91.66670227050781,True,7.5,,1.0,6.0,75.0,88.21900177001953,102.98799896240234,74.0250015258789,79.29299926757812,79.8479995727539,72.2229995727539,173.38999938964844,190.28900146484375,180.2519989013672,169.47799682617188,140.58200073242188,153.7830047607422,130.3699951171875,67.11399841308594,25426.19921875,25781.5,26875.900390625,28980.80078125,32569.19921875,36077.1015625,214319.0,231051.0,238228.0,263966.0,276711.0,308951.0,359051.0,59672.0,61247.0,65015.0,63298.0,62320.0,67443.0,75140.0,1835.0,3837.0,-3724.0,3188.0,5340.0,4927.0,5440.0,-426.0,-362.0,-451.0,-388.0,-390.0,-431.0,-537.0,60000.0,60000.0,59000.0,58000.0,45000.0,45000.0,45000.0,McKesson Corp,US58155Q1031,Health Care
MCO UN Equity,Financial Services,6.941999912261963,22.566999435424805,,,,,,,,,,,,,Targets Set,1.5,,,True,,,,,,,,,41.0,32.0,,,,9.0,88.88890075683594,False,3.0,7.208330154418945,61.555599212646484,88.88890075683594,True,5.75,50.0,1.0,6.0,75.0,0.9190000295639038,0.8510000109672546,0.8100000023841858,0.6100000143051147,0.640999972820282,0.6169999837875366,14.03499984741211,8.767000198364258,6.877999782562256,7.696000099182129,6.926000118255615,6.658999919891357,6.324999809265137,187.25999450683594,112.15799713134766,121.29000091552734,137.9810028076172,139.5800018310547,123.88999938964844,123.6050033569336,4829.0,5371.0,6218.0,5468.0,5916.0,7088.0,7718.0,10265.0,12409.0,14680.0,14349.0,14622.0,15505.0,15830.0,2293.0,2699.0,3193.0,2309.0,2596.0,3387.0,3912.0,-69.0,-103.0,-139.0,-283.0,-271.0,-317.0,-326.0,11081.0,11487.0,13460.0,14426.0,15151.0,16000.0,16076.0,Moody's Corp,US6153691059,Financials
MDLZ UW Equity,"Food, Beverage & Tobacco",,5078.89013671875,3555.219970703125,10243.0,,,510.3030090332031,,,,,,,,Targets Set,1.5,False,True,True,True,True,308.0,,,,52.0,,44.0,42.0,,0.15399999916553497,51.5099983215332,10.0,90.0,True,4.0,6.36667013168335,65.30000305175781,90.0,True,8.916669845581055,18.75,1.0,7.0,96.0,852.5479736328125,894.6920166015625,861.5640258789062,826.0689697265625,875.0,892.0,938.6010131835938,760.947021484375,641.4149780273438,763.5230102539062,815.6430053710938,793.47998046875,,22657.80078125,23084.099609375,27888.80078125,33600.1015625,35067.3984375,29223.0,26303.0,25868.0,26581.0,28720.0,31496.0,36016.0,36441.0,38537.0,64515.0,67810.0,67092.0,71161.0,71391.0,68497.0,71487.0,5106.0,5198.0,5988.0,4850.0,6936.0,7878.0,5149.0,-925.0,-863.0,-965.0,-906.0,-1112.0,-1387.0,-1279.0,80000.0,79000.0,79000.0,91000.0,91000.0,90000.0,91000.0,Mondelez International Inc,US6092071058,Consumer Staples
MDT UN Equity,Health Care Equipment & Servic,,890.718994140625,,,,,,,,,,,,,Targets Set,1.5,,,True,,,,,,,,,51.0,44.0,,0.10000000149011612,,12.0,91.66670227050781,True,4.0,7.708330154418945,65.0,91.66670227050781,True,6.5,15.384599685668945,1.0,7.0,75.0,156.32200622558594,146.69000244140625,155.51499938964844,157.22000122070312,150.30299377441406,174.30299377441406,225.84100341796875,224.29100036621094,213.25900268554688,212.56399536132812,216.74899291992188,208.73599243164062,188.83900451660156,238.79200744628906,278.48199462890625,238.68600463867188,353.635986328125,3594.070068359375,5557.18017578125,5265.3701171875,30557.0,28913.0,30117.0,31686.0,31227.0,32364.0,33537.0,89694.0,90689.0,93083.0,90981.0,90948.0,89981.0,91680.0,8927.0,7677.0,7402.0,8654.0,8393.0,8023.0,9048.0,-1134.0,-1213.0,-1355.0,-1368.0,-1459.0,-1587.0,-1859.0,90000.0,90000.0,90000.0,95000.0,95000.0,95000.0,95000.0,Medtronic PLC,IE00BTN1Y115,Health Care
MET UN Equity,Insurance,48.24100112915039,143.39100646972656,100.43699645996094,,,,1.5640599727630615,,,,,,,,Committed,,True,True,True,,True,,,,,35.70000076293945,,52.27349853515625,,,,,11.0,90.90910339355469,False,4.0,6.257579803466797,65.18180084228516,90.90910339355469,True,7.416669845581055,30.76919937133789,1.0,5.0,75.0,14.515000343322754,12.052000045776367,12.46399974822998,11.852999687194824,10.611000061035156,9.901000022888184,68.12200164794922,66.33200073242188,51.893001556396484,47.108001708984375,40.65700149536133,38.38600158691406,38.34000015258789,44.2760009765625,331.72601318359375,436.8429870605469,391.1820068359375,339.3489990234375,24.253000259399414,14.800000190734863,69620.0,67842.0,71080.0,68770.0,66905.0,70986.0,77084.0,740463.0,795146.0,759708.0,663072.0,687584.0,677457.0,745166.0,,,,,,,,0.0,,,0.0,0.0,0.0,0.0,49000.0,46500.0,43000.0,45000.0,45000.0,45000.0,46000.0,MetLife Inc,US59156R1086,Financials
META UW Equity,Media & Entertainment,,18643.30078125,,,,,,,,,,,,,Targets Set,1.5,,True,True,,True,,,,,,,35.79999923706055,36.31999969482422,,,,14.0,92.85710144042969,True,3.0,6.888889789581299,54.4286003112793,92.85710144042969,True,22.66670036315918,33.33330154418945,1.0,8.0,,29.0,55.17300033569336,66.93399810791016,48.95199966430664,47.46799850463867,,1885.0,2718.0,3080.18994140625,3921.610107421875,5141.35009765625,5967.35009765625,,4173.5,5191.5,5772.580078125,8466.259765625,7445.6201171875,8151.77001953125,,70697.0,85965.0,117929.0,116609.0,134902.0,164501.0,200966.0,133376.0,159316.0,165987.0,185727.0,229623.0,276054.0,366021.0,30866.0,40924.0,56260.0,39487.0,60020.0,87237.0,104690.0,-15102.0,-15163.0,-18690.0,-31431.0,-27266.0,-37256.0,-69691.0,44942.0,58604.0,71970.0,86482.0,67317.0,74067.0,78865.0,Meta Platforms Inc,US30303M1027,Communication Services
MGM UN Equity,Consumer Services,,2304.68994140625,,,,,,,,,,,,,Targets Set,1.5,,True,True,,,,,,,,,49.20000076293945,21.5,,,,11.0,90.90910339355469,False,4.0,7.553030014038086,60.818199157714844,90.90910339355469,True,6.583330154418945,14.285699844360352,1.0,8.0,75.0,199.68600463867188,249.38699340820312,242.8769989013672,232.70700073242188,224.4250030517578,,726.8720092773438,538.5570068359375,569.2080078125,531.176025390625,521.1840209960938,482.60400390625,,2005.72998046875,2631.860107421875,3579.56005859375,2038.3900146484375,2002.8499755859375,1663.1500244140625,,12899.672,5162.082,9680.14,13127.485,16164.249,17240.545,17537.683,33876.356,36494.934,40899.116,45692.206,42368.548,42231.627,41373.786,5388.817999999999,1319.124,4300.088,6908.275000000001,5012.264999999999,4621.9259999999995,4309.951,-739.006,-270.579,-490.697,-765.067,-931.813,-1150.589,-1068.927,52000.0,35000.0,42000.0,46000.0,63000.0,44000.0,44000.0,MGM Resorts International,US5529531015,Consumer Discretionary
MKC UN Equity,"Food, Beverage & Tobacco",,419.6940002441406,,,,,,,,,,,,,Targets Set,1.5,,,,,,,,,,,,38.0,,,0.2199999988079071,20.209999084472656,11.0,90.90910339355469,True,4.0,7.909719944000244,65.09089660644531,90.90910339355469,True,3.083329916000366,38.46149826049805,1.0,7.0,75.0,37.62699890136719,37.888999938964844,36.926998138427734,34.43199920654297,38.85499954223633,,84.09400177001953,88.31300354003906,50.858001708984375,40.48699951171875,41.196998596191406,94.18499755859375,,2587.75,4136.4501953125,3110.639892578125,2805.360107421875,3054.739990234375,4053.909912109375,,5347.4,5601.3,6317.9,6350.5,6662.2,6723.7,6840.3,10362.1,12089.7,12905.8,13124.9,12862.3,13070.3,13200.4,1116.5,1205.7,1246.4,1111.2,1236.8999999999999,1344.8,1379.1,-173.7,-225.3,-278.0,-262.0,-263.9,-274.9,-221.8,12400.0,13000.0,14000.0,14200.0,13800.0,14100.0,14100.0,McCormick & Co Inc/MD,US5797802064,Consumer Staples
MLM UN Equity,Materials,3258.320068359375,1570.0,,,,,1.0,,0.4699999988079071,8.0,0.0015999999595806003,,,,Targets Set,1.5,False,True,True,False,False,23.0,0.0,3.0,,0.019999999552965164,,11.0,,3.0,0.17000000178813934,13.0,10.0,90.0,True,4.0,7.280300140380859,66.5999984741211,90.0,True,16.75,0.0,1.0,6.0,100.0,4505.0,4547.0,4608.97021484375,4295.47998046875,2955.5400390625,2800.0,,671.0,0.0,626.0,0.0,500.0,458.3190002441406,,,,,,,1915.31005859375,4739.1,4729.9,5414.0,6160.7,6777.2,5662.0,6150.0,10131.6,10580.8,14393.0,14993.6,15124.9,18170.0,18711.0,1337.3000000000002,1477.9,1498.4,1785.8,2185.7,3126.0,2153.0,-393.5,-359.7,-423.1,-481.8,-650.3,-855.0,-807.0,8846.0,8700.0,10000.0,9400.0,9400.0,9400.0,9600.0,Martin Marietta Materials Inc,US5732841060,Materials
MMM UN Equity,Capital Goods,2420.0,6800.0,1580.0,29700.0,,,385.0,57.70000076293945,147.60000610351562,,,,,,Targets Set,1.5,True,True,True,False,True,532.0,0.0,0.0,,43.20000076293945,11.300000190734863,37.400001525878906,,0.0,0.3499999940395355,25.0,10.0,90.0,True,4.0,3.8181800842285156,63.099998474121094,90.0,True,2.416670083999634,25.0,1.0,5.0,95.0,3600.0,2980.0,2380.0,2340.0,1420.0,1360.0,1780.0,1680.0,1590.0,1290.0,1170.0,1120.0,1060.0,8925.7998046875,9628.400390625,11610.5,37661.8984375,29818.19921875,28933.19921875,21397.5,32136.0,32184.0,35355.0,34229.0,24610.0,24575.0,24948.0,44659.0,47344.0,47072.0,46455.0,50580.0,39868.0,37733.0,8075.0,9420.0,9603.0,8665.0,-8443.0,6395.0,6140.0,-1699.0,-1501.0,-1603.0,-1749.0,-1615.0,-1181.0,-910.0,96163.0,95000.0,95000.0,92000.0,85000.0,61500.0,60500.0,3M Co,US88579Y1010,Industrials
MNST UW Equity,"Food, Beverage & Tobacco",,114.83499908447266,,,,,,,,,,,,,Removed,,,True,,,True,,,,,,,,,,,,10.0,70.0,True,3.0,14.490699768066406,67.5,80.0,False,5.75,14.285699844360352,1.0,4.0,75.0,5.280399799346924,4.67110013961792,10.647000312805176,15.52299976348877,17.402000427246094,,,4.912789821624756,4.676949977874756,8.024999618530273,9.664999961853027,10.442999839782715,,,,4234.14990234375,1829.7099609375,2376.81005859375,2382.64990234375,,4200.819,4598.638,5541.352,6311.05,7140.027,7492.709,8294.343,5150.352,6202.716,7804.784,8293.105,9686.522,7719.089,9988.945,1468.565,1694.82,1852.236,1654.603,2034.3129999999999,2026.524,2533.7949999999996,-101.661,-48.722,-43.868,-188.726,-221.428,-264.074,-132.275,2655.0,3013.0,3458.0,4607.0,5254.0,5527.0,6891.0,Monster Beverage Corp,US61174X1090,Consumer Staples
MO UN Equity,"Food, Beverage & Tobacco",,902.7069702148438,,,,,,,,,,,,,Targets Set,1.5,False,True,True,False,True,100.0,,,,59.0,,41.0,39.0,,,26.0,11.0,90.90910339355469,False,6.0,5.916669845581055,65.27269744873047,90.90910339355469,True,0.41666701436042786,44.444400787353516,1.0,7.0,75.0,139.8679962158203,129.08700561523438,123.89199829101562,118.64600372314453,111.38200378417969,,151.25900268554688,144.13999938964844,124.01000213623047,114.625,103.78800201416016,98.68699645996094,,5568.02001953125,5532.009765625,5420.77978515625,1864.219970703125,1785.800048828125,1732.6300048828125,,19796.0,20841.0,21111.0,20688.0,20502.0,20444.0,20139.0,49271.0,47414.0,39523.0,36954.0,38570.0,35177.0,35017.0,10552.0,11130.0,11804.0,12145.0,11819.0,11527.0,10165.0,-246.0,-231.0,-169.0,-205.0,-196.0,-142.0,-216.0,7300.0,8294.0,6000.0,6300.0,6400.0,6200.0,5900.0,Altria Group Inc,US02209S1033,Consumer Staples
MOS UN Equity,Materials,,32166.69921875,,,,1.1080000400543213,216694.0,9.4399995803833,43.01900100708008,,,2.0,7.570819889224367e-06,,,,True,True,True,False,True,59.0,0.0,1.0,,17.600000381469727,12.039999961853027,17.600000381469727,31.0,1.0,0.07999999821186066,70.0,12.0,91.66670227050781,False,5.0,8.152779579162598,62.83330154418945,91.66670227050781,True,2.75,28.571399688720703,1.0,6.0,75.0,3400.0,3200.0,3200.0,3500.0,3300.0,,1452.43994140625,1500.0,1300.0,1200.0,1200.0,1200.0,,5411.490234375,8954.150390625,10081.900390625,11968.2001953125,12769.0,,,8906.3,8681.7,12357.4,19125.2,13696.1,11122.8,12052.4,19298.5,19789.8,22036.4,23386.0,23032.8,22924.0,24480.1,-113.80000000000004,1342.2,3360.2000000000003,5805.8,2385.6,1734.2,1973.3000000000002,-1272.2,-1170.6,-1288.6,-1247.3,-1402.4,-1251.8,-1359.4,12600.0,12617.0,12525.0,13570.0,14049.0,13765.0,13249.0,Mosaic Co/The,US61945C1036,Materials
MPC UN Equity,Energy,,166667.0,,177589.0,,,250.0,25.0,110.0,,,92.0,1.4767800569534302,,,,False,True,True,False,True,94.0,0.0,0.0,118.80000305175781,26.399999618530273,6.699999809265137,18.0,26.0,0.0,0.17000000178813934,19.75,12.0,83.33329772949219,False,6.0,6.974999904632568,64.83329772949219,83.33329772949219,True,2.166670083999634,30.76919937133789,3.0,7.0,100.0,32170.0,33000.0,33700.0,33000.0,34600.0,27600.0,8200.0,8010.0,6900.0,6700.0,6800.0,6300.0,,426000.0,414530.0,438000.0,466000.0,461000.0,405000.0,,111148.0,69779.0,119983.0,177453.0,148379.0,138864.0,132699.0,98556.0,85158.0,85373.0,89904.0,85987.0,78858.0,83955.0,8347.0,-8214.0,8229.0,24519.0,17568.0,9619.0,12083.0,-4810.0,-2787.0,-1464.0,-2420.0,-1890.0,-2533.0,-2765.0,57900.0,57900.0,17700.0,17800.0,18200.0,18300.0,18500.0,Marathon Petroleum Corp,US56585A1025,Energy
MPWR UW Equity,Semiconductors & Semiconductor,45.29100036621094,85.49700164794922,,120.0,,,0.9610000252723694,0.014600000344216824,0.6662999987602234,,,,,,,,False,True,True,False,True,4.0,,,,9.300000190734863,,40.76150131225586,,0.0,,,7.0,85.71430206298828,True,4.0,16.58329963684082,64.57140350341797,85.71430206298828,True,29.16670036315918,20.0,3.0,4.0,75.0,0.04489000141620636,1.6039999723434448,3.8350000381469727,2.7880001068115234,2.197000026702881,2.555999994277954,5.880000114440918,13.51200008392334,16.92799949645996,25.697999954223633,30.44300079345703,35.249000549316406,42.73500061035156,,,,,,,,627.921,844.452,1207.798,1794.148,1821.072,2207.1,2790.459,956.375,1208.491,1585.825,2058.885,2434.353,3515.822,4194.199,119.667,182.535,298.244,570.978,525.017,579.6909999999999,786.362,-95.806,-55.639,-94.445,-58.843,-57.578,-146.118,-172.013,2000.0,2200.0,2700.0,3200.0,3500.0,4017.0,4501.0,Monolithic Power Systems Inc,US6098391054,Information Technology
MRK UN Equity,"Pharmaceuticals, Biotechnology",,4712.14013671875,,,,,,,,,,,,,Targets Set,1.5,,True,True,,,,,,,,,52.0,39.0,,0.10999999940395355,21.0,13.0,92.30770111083984,True,6.0,9.615389823913574,65.46150207519531,92.30770111083984,True,5.25,30.76919937133789,1.0,8.0,75.0,737.4000244140625,704.7999877929688,739.5,731.5999755859375,721.2000122070312,,375.3999938964844,357.1000061035156,375.6000061035156,350.5,340.3999938964844,323.79998779296875,,6442.5,6170.2998046875,6255.39990234375,5999.60009765625,5863.5,6057.89990234375,,39121.0,41518.0,48704.0,59283.0,60115.0,64168.0,65011.0,84397.0,91588.0,105694.0,109160.0,106675.0,117106.0,136866.0,10949.0,8805.0,16095.0,22188.0,6566.0,24759.0,27479.0,-3369.0,-4429.0,-4448.0,-4388.0,-3863.0,-3372.0,-4112.0,71000.0,73000.0,67000.0,67000.0,70000.0,75000.0,73000.0,Merck & Co Inc,US58933Y1055,Health Care
MRNA UW Equity,"Pharmaceuticals, Biotechnology",,139.7310028076172,,202.34300231933594,,,2.1089999675750732,0.49399998784065247,0.5249999761581421,,,,,,Targets Set,1.5,False,True,True,False,True,11.0,0.0,0.0,,4.300000190734863,29.0,49.0,39.0,0.0,0.15000000596046448,0.0,9.0,88.88890075683594,False,4.0,6.6481499671936035,68.44439697265625,88.88890075683594,True,15.0,50.0,3.0,5.0,75.0,,9.142000198364258,11.562999725341797,11.239999771118164,13.180000305175781,,,,8.119000434875488,10.729999542236328,11.505999565124512,17.702999114990234,,,,490.3169860839844,1254.0999755859375,1341.8199462890625,714.3820190429688,,60.209,803.395,18471.0,19263.0,6848.0,3236.0,1944.0,1589.422,7336.75,24669.0,25858.0,18426.0,14142.0,12338.0,-497.6840000000001,-714.9540000000001,13552.0,9816.0,-3530.0,-3653.0,-2770.0,-31.554,-67.448,-284.0,-400.0,-707.0,-1051.0,-192.0,,1300.0,2700.0,3900.0,5600.0,5800.0,4700.0,Moderna Inc,US60770K1079,Health Care
MRSH UN Equity,Insurance,76.96600341796875,239.4949951171875,137.42999267578125,,,,,,,,,,,,Targets Set,1.5,False,True,True,True,True,,,,,,,54.0,35.0,,,,12.0,91.66670227050781,False,5.0,9.038459777832031,66.83329772949219,91.66670227050781,True,3.75,25.0,1.0,7.0,75.0,19.260000228881836,24.1299991607666,27.035999298095703,23.636999130249023,19.81999969482422,21.107999801635742,84.89099884033203,81.8124008178711,78.93499755859375,71.6510009765625,68.80899810791016,61.374000549316406,55.858001708984375,537.6710205078125,43.418701171875,7.3979997634887695,456.1780090332031,498.0740051269531,677.7880249023438,630.4749755859375,16652.0,17224.0,19820.0,20720.0,22736.0,24458.0,26981.0,31357.0,33049.0,34388.0,44114.0,48030.0,56481.0,58710.0,3677.0,4184.0,5413.0,5325.0,6308.0,6879.0,7462.0,-421.0,-348.0,-406.0,-470.0,-416.0,-316.0,-291.0,76000.0,76000.0,83000.0,85000.0,85000.0,90000.0,95000.0,Marsh & McLennan Cos Inc,US5717481023,Financials
MRVL UW Equity,Semiconductors & Semiconductor,,91.87100219726562,,,,,,,,,,,,,Targets Set,1.5,,True,,,True,,,,,,,21.299999237060547,,,,,9.0,88.88890075683594,True,3.0,5.3095197677612305,59.444400787353516,88.88890075683594,True,10.25,2.857140064239502,1.0,7.0,75.0,0.6179800033569336,3.677999973297119,4.320000171661377,4.644999980926514,4.160999774932861,2.88100004196167,25.08370018005371,22.416200637817383,22.070999145507812,26.187999725341797,29.04599952697754,28.0939998626709,27.207000732421875,7305.75,23859.0,385.9079895019531,23842.099609375,22062.5,19638.80078125,19948.900390625,2865.791,2699.161,2968.9,4462.383,5919.6,5507.7,5767.3,10016.752,11133.235,10764.924,22108.597,22522.1,21228.5,20204.5,350.5709999999999,331.06100000000004,430.958,959.343,1679.8999999999999,892.0,694.8000000000002,-75.921,-81.921,-106.798,-169.324,-206.2,-336.3,-284.6,5275.0,5633.0,5287.0,6695.0,7418.0,6577.0,7042.0,Marvell Technology Inc,US5738741041,Information Technology
MS UN Equity,Financial Services,,,,,,,,,,,,,,,,,,True,True,,True,,,,,,,40.0,,,,,16.0,75.0,True,5.0,7.127779960632324,62.125,87.5,True,2.75,23.076900482177734,1.0,15.0,75.0,23.469999313354492,25.570999145507812,27.26799964904785,24.201000213623047,0.36899998784065247,,215.91099548339844,191.77200317382812,186.2550048828125,196.55299377441406,229.95399475097656,10.630000114440918,,204.9290008544922,42.26300048828125,1200.3699951171875,4616.27978515625,4721.18017578125,105.49700164794922,,53942.0,52606.0,61121.0,65936.0,96194.0,107285.0,119662.0,895429.0,1115862.0,1188140.0,1180231.0,1193693.0,1215071.0,1420270.0,27012.0,22793.0,26096.0,31189.0,59048.0,69192.0,76458.0,-1826.0,-1444.0,-2308.0,-3078.0,-3412.0,-3462.0,-2898.0,60431.0,68097.0,74814.0,82427.0,80006.0,80000.0,82992.0,Morgan Stanley,US6174464486,Financials
MSCI UN Equity,Financial Services,,20.595300674438477,,,,,,,,,,,,,Targets Set,1.5,,,,,,,,,,,12.0,37.20000076293945,24.0,,,,12.0,83.33329772949219,True,4.0,9.893939971923828,61.91669845581055,83.33329772949219,True,28.83329963684082,21.428600311279297,1.0,8.0,75.0,0.23000000417232513,0.1599999964237213,0.15399999916553497,0.13600000739097595,0.543179988861084,,7.7210001945495605,7.585999965667725,6.706999778747559,7.051000118255615,7.047999858856201,7.14001989364624,,58.20800018310547,43.33760070800781,40.72090148925781,47.65869903564453,58.62099838256836,50.83300018310547,,1557.796,1695.39,2043.544,2248.598,2528.92,2856.128,3134.459,4204.439,4198.647,5506.703,4997.535,5518.219,5445.439,5702.459,870.71,1004.31,1212.8179999999998,1355.3120000000001,1544.16,1737.5459999999998,1935.667,-29.116,-21.826,-13.509,-13.617,-22.757,-33.762,-129.861,3396.0,3633.0,4303.0,4759.0,5794.0,6132.0,6268.0,MSCI Inc,US55354G1004,Financials
MSFT UW Equity,Software & Services,,37461.5,,,,,,,,,,,,,Targets Set,1.5,,True,True,,,,,,,,,32.79999923706055,24.600000381469727,,,,,91.66670227050781,,,7.77564001083374,,,,12.66670036315918,42.85710144042969,,,,118.0999984741211,123.7040023803711,139.41299438476562,144.9600067138672,143.50999450683594,170.88699340820312,3557.52001953125,4328.919921875,5010.669921875,6381.25,8077.39990234375,9955.3701171875,12030.599609375,11843.7998046875,12486.7001953125,14358.2001953125,16743.0,17123.0,16290.0,18243.0,125843.0,143015.0,168088.0,198270.0,211915.0,245122.0,281724.0,286556.0,301311.0,333779.0,364840.0,411976.0,512163.0,619003.0,56348.0,67798.0,83729.0,100304.0,105259.0,135275.0,168205.0,-13925.0,-15441.0,-20622.0,-23886.0,-28107.0,-44477.0,-64551.0,144000.0,163000.0,181000.0,221000.0,221000.0,228000.0,228000.0,Microsoft Corp,US5949181045,Information Technology
MSI UN Equity,Technology Hardware & Equipmen,82.17500305175781,175.0,1.75,116.0,,,1.565000057220459,0.031300000846385956,0.89205002784729,0.0,0.0,,,,,,False,True,True,False,True,34.0,,,10.199999809265137,14.75,,28.0,23.0,0.0,0.09000000357627869,,8.0,87.5,True,3.0,6.229169845581055,60.125,87.5,True,18.75,33.33330154418945,1.0,7.0,,14.380999565124512,7.0279998779296875,11.362000465393066,15.015000343322754,,23.864999771118164,63.630001068115234,60.012001037597656,59.882999420166016,60.25699996948242,62.32400131225586,60.45500183105469,58.310001373291016,1817.969970703125,1898.9200439453125,1394.47998046875,1040.6300048828125,1004.0399780273438,1332.739990234375,1752.9599609375,7887.0,7414.0,8171.0,9112.0,9978.0,10817.0,11682.0,10642.0,10876.0,12189.0,12814.0,13336.0,14595.0,19389.0,2104.0,1917.0,2231.0,2226.0,2785.0,3159.0,3553.0,-248.0,-217.0,-243.0,-256.0,-253.0,-257.0,-265.0,,18000.0,18700.0,20000.0,21000.0,21000.0,,Motorola Solutions Inc,US6200763075,Information Technology
MTB UN Equity,Banks,49.54899978637695,234.49200439453125,,189.6739959716797,,,4.614999771118164,,1.190000057220459,,,,,,,,,True,True,,,,,,,54.599998474121094,,58.0,20.0,,,,14.0,92.85710144042969,True,4.0,9.55128002166748,68.28569793701172,92.85710144042969,False,8.833330154418945,33.33330154418945,1.0,10.0,75.0,18.121000289916992,16.37299919128418,18.923999786376953,18.76099967956543,17.888999938964844,18.915000915527344,26.042999267578125,22.610000610351562,21.676000595092773,40.42599868774414,41.900001525878906,33.72800064086914,30.634000778198242,7.103000164031982,1.8819999694824219,2.609999895095825,4.699999809265137,7.519000053405762,6.814000129699707,7.5279998779296875,6941.272,6281.156,6105.778,8603.723,12752.0,13453.0,13228.0,119872.757,142601.105,155107.16,200729.841,208264.0,208105.0,213510.0,,,,,,,,-178.049,-172.289,-149.213,-214.388,-256.0,-216.0,-143.0,17503.0,17076.0,17421.0,22509.0,21736.0,21873.0,22080.0,M&T Bank Corp,US55261F1049,Financials
MTD UN Equity,"Pharmaceuticals, Biotechnology",59.0880012512207,181.77999877929688,81.8010025024414,215.78799438476562,,,5.715000152587891,0.28600001335144043,3.428999900817871,,,,,,Targets Set,1.5,False,True,True,False,True,194.0,,,,,11.859999656677246,36.0,,0.0,0.5099999904632568,52.48619842529297,9.0,100.0,False,4.0,6.033329963684082,57.777801513671875,100.0,True,5.5,23.076900482177734,1.0,4.0,100.0,26.018999099731445,25.736000061035156,27.722000122070312,27.71500015258789,27.797000885009766,26.297000885009766,34.7130012512207,35.40599822998047,32.88100051879883,33.400001525878906,31.923999786376953,32.33000183105469,32.79100036621094,851.989013671875,798.4619750976562,1002.0700073242188,1097.5400390625,975.1799926757812,935.6610107421875,912.1539916992188,3008.652,3085.177,3717.93,3919.709,3788.309,3872.361,4026.399,2789.321,2814.549,3326.798,3492.395,3355.555,3239.999,3712.646,834.9750000000001,906.7950000000001,1133.6909999999998,1266.8319999999997,1205.961,1269.928,1266.52,-97.341,-92.494,-107.58,-121.241,-105.323,-103.898,-107.124,14850.0,14900.0,15600.0,16400.0,17300.0,16000.0,16600.0,Mettler-Toledo International I,US5926881054,Health Care
MU UW Equity,Semiconductors & Semiconductor,6718.93994140625,12428.5,1261.4100341796875,145648.0,57.40800094604492,,287.4729919433594,171.34800720214844,189.5050048828125,,,,,,,,False,True,True,False,True,44.0,0.0,0.0,16.801000595092773,7.179999828338623,,30.0,13.0,0.0,,6.5,10.0,90.0,True,5.0,4.740739822387695,68.30000305175781,90.0,True,9.416669845581055,12.5,1.0,7.0,75.0,3047.919921875,3340.0,3478.449951171875,2698.570068359375,2574.449951171875,2280.9599609375,2855.52001953125,2985.2099609375,3448.510009765625,3864.510009765625,3936.760009765625,4118.72998046875,4437.97998046875,3799.679931640625,4058.60009765625,3977.6201171875,4518.91015625,3716.18994140625,4619.81982421875,,23406.0,21435.0,27705.0,30758.0,15540.0,25111.0,37378.0,48887.0,53678.0,58849.0,66283.0,64254.0,69416.0,82798.0,12800.0,8755.0,12605.0,16943.0,2148.0,9224.0,18275.0,-9780.0,-8223.0,-10030.0,-12067.0,-7676.0,-8386.0,-15857.0,37000.0,40000.0,43000.0,48000.0,43000.0,48000.0,53000.0,Micron Technology Inc,US5951121038,Information Technology
NCLH UN Equity,Consumer Services,3179.1201171875,12122.0,,8500.0,,,78.04779815673828,,19.732200622558594,,,,,,,,False,True,True,False,True,,,,,2.0,,26.0,,,,,9.0,88.88890075683594,False,4.0,1.435189962387085,60.777801513671875,88.88890075683594,True,0.6666669845581055,16.66670036315918,3.0,4.0,75.0,1441.5799560546875,1431.9000244140625,2804.3701171875,3162.840087890625,3242.719970703125,3172.090087890625,6.192999839782715,4.361000061035156,4.039999961853027,4.611999988555908,4.861000061035156,5.578999996185303,7.038000106811523,1876.8900146484375,945.6859741210938,849.8930053710938,2260.8701171875,2655.889892578125,1897.6600341796875,2656.010009765625,6462.376,1279.908,647.986,4843.76,8549.924,9479.651,9827.592,16684.599,18399.317,18729.837,18557.694,19492.99,19969.811,22541.401,1855.16,-2726.726,-1776.2099999999998,-694.1460000000001,1868.437,2509.2539999999995,2781.5199999999995,-1637.17,-946.545,-752.843,-1783.857,-2750.362,-1210.952,-3259.606,36000.0,34300.0,34700.0,38900.0,35900.0,36500.0,44500.0,Norwegian Cruise Line Holdings,BMG667211046,Consumer Discretionary
NDAQ UW Equity,Financial Services,19.35300064086914,81.1050033569336,77.71099853515625,55.59299850463867,,0.008999999612569809,0.5640000104904175,0.0,,,,,,,Targets Set,1.5,True,True,True,,,,0.0,0.0,,,,36.0,30.799999237060547,0.0,,,12.0,91.66670227050781,True,4.0,8.840279579162598,60.25,91.66670227050781,True,9.75,31.034500122070312,1.0,9.0,85.0,0.0027000000700354576,0.0005000000237487257,0.016499999910593033,0.07509999722242355,0.07900000363588333,0.014000000432133675,20.889999389648438,21.665000915527344,18.812999725341797,17.951000213623047,19.676000595092773,19.239999771118164,19.339000701904297,28.475000381469727,55.599998474121094,78.8759994506836,96.46499633789062,106.80699920654297,86.77999877929688,71.90299987792969,2535.0,2903.0,3420.0,3582.0,3895.0,4649.0,5249.0,13924.0,17979.0,20115.0,20868.0,32294.0,30395.0,31053.0,1281.0,1517.0,1800.0,1894.0,1986.0,2486.0,3043.0,-127.0,-188.0,-163.0,-152.0,-158.0,-207.0,-243.0,4361.0,4830.0,6590.0,6377.0,8525.0,9120.0,5925.0,Nasdaq Inc,US6311031081,Financials
NDSN UW Equity,Capital Goods,,115.125,,,,,,,,,,,,,,,,,,,,,,,,,,33.0,31.0,,,,10.0,90.0,False,5.0,9.138890266418457,63.29999923706055,90.0,True,7.166669845581055,22.222200393676758,3.0,7.0,75.0,4.138999938964844,6.256999969482422,,5.986000061035156,5.668000221252441,,,27.420000076293945,30.729000091552734,,29.121000289916992,34.20000076293945,,,,,,,,,2194.226,2121.1,2362.209,2590.278,2628.632,2689.921,2791.687,3516.447,3674.656,3790.961,3820.375,5251.77,6000.966,5917.681,593.357,484.336,739.186,822.637,804.321,830.309,881.106,-64.244,-50.535,-38.303,-51.428,-34.583,-64.41,-58.06,7579.0,7555.0,6813.0,7331.0,7900.0,8000.0,8000.0,Nordson Corp,US6556631025,Industrials
NEE UN Equity,Utilities,,156095.0,,,,,,,,,,,,,,,,True,,,True,,,,,,,25.0,14.539999961853027,,,,12.0,91.66670227050781,True,5.0,8.111109733581543,64.0,91.66670227050781,True,4.583330154418945,9.090909957885742,1.0,8.0,98.0,43311.6015625,43046.69921875,41986.0,42287.80078125,43409.8984375,,,14.538999557495117,17.201000213623047,14.409000396728516,15.879199981689453,24.559900283813477,,,2766.010009765625,2392.320068359375,3106.39990234375,2671.31005859375,65.22250366210938,,19204.0,17997.0,17069.0,20956.0,28114.0,24753.0,27412.0,117691.0,127684.0,140912.0,158935.0,177489.0,190144.0,212721.0,9922.0,9526.0,7219.0,8941.0,16463.0,13240.0,15221.0,-17614.0,-14794.0,-16392.0,-20012.0,-26164.0,-24907.0,-19205.0,13900.0,13900.0,,15300.0,,16800.0,17400.0,NextEra Energy Inc,US65339F1012,Utilities
NEM UN Equity,Materials,4266.0,13408.2998046875,1116.6700439453125,696498.0,67.0,,604116.0,26.0,39.97100067138672,20.0,0.18733899295330048,464.0,,,Targets Set,Well-below 2,True,True,True,True,True,81.0,0.0,0.0,17.42289924621582,97.0,16.0,18.0,31.0,0.0,0.08799999952316284,27.0,12.0,91.66670227050781,False,4.0,6.532050132751465,63.91669845581055,91.66670227050781,True,0.75,22.222200393676758,1.0,10.0,98.0,1612.449951171875,2407.0,2389.0,2259.0,2424.0,2259.0,1505.8199462890625,1626.6500244140625,2367.0,2141.0,1852.0,1980.0,2007.0,5878.52978515625,5731.740234375,6324.0,5829.0,5395.0,5954.0,5677.0,9740.0,11497.0,12222.0,11915.0,11812.0,18682.0,22669.0,39974.0,41369.0,40564.0,38482.0,55506.0,56349.0,57121.0,5649.0,5127.0,3601.0,2416.0,431.0,7130.0,13508.0,-1463.0,-1302.0,-1653.0,-2131.0,-2666.0,-3402.0,-3035.0,16600.0,14300.0,14400.0,14600.0,21700.0,22200.0,17500.0,Newmont Corp,US6516391066,Materials
NFLX UW Equity,Media & Entertainment,79.66300201416016,168.4250030517578,168.4250030517578,,,,,,,,,,,,Targets Set,1.5,False,True,True,False,True,,,,,,,50.70000076293945,31.600000381469727,,,,13.0,76.92310333251953,False,3.0,11.15149974822998,61.923099517822266,84.61540222167969,True,6.25,46.4286003112793,1.0,6.0,75.0,30.882999420166016,62.814998626708984,59.38800048828125,25.790000915527344,50.487998962402344,38.37900161743164,26.5939998626709,28.584999084472656,42.29100036621094,41.4109992980957,30.30299949645996,40.683998107910156,41.284000396728516,1192.6600341796875,1020.5399780273438,1466.5,1086.8299560546875,817.3170166015625,986.7379760742188,1053.699951171875,20156.447,24996.056,29697.844,31615.55,33723.297,39000.966,45183.036,33975.712,39280.359,44584.663,48594.768,48731.992,53630.374,55596.993,2925.975,5024.904,6792.726000000001,6383.177,7741.806,11214.81,14163.628999999999,-253.035,-497.923,-524.585,-407.729,-348.552,-439.538,-688.22,8600.0,9400.0,11300.0,12800.0,13000.0,14000.0,16000.0,Netflix Inc,US64110L1061,Communication Services
NI UN Equity,Utilities,6016.0498046875,18194.30078125,,34080.0,,,53.70800018310547,0.04600000008940697,7.478000164031982,,,,,,,,,True,True,,,,0.0,0.0,5.166930198669434,6.900000095367432,,28.703699111938477,32.83000183105469,0.0,,32.0,12.0,91.66670227050781,False,4.0,8.215279579162598,64.75,91.66670227050781,True,4.666669845581055,46.15380096435547,1.0,14.0,75.0,7272.080078125,8270.919921875,6442.39990234375,5492.27978515625,5446.18994140625,5978.759765625,40.41899871826172,83.81099700927734,72.12300109863281,76.5780029296875,59.779998779296875,47.141998291015625,37.29499816894531,53819.80078125,11466.7001953125,14725.2998046875,15760.0,13422.2998046875,12603.599609375,13467.099609375,5208.9,4681.7,4899.6,5850.6,5505.4,5455.1,6642.2,22659.8,22040.5,24156.9,26736.6,31077.2,31788.1,35858.7,1626.0,1296.9999999999998,1770.8999999999999,2097.0,2215.0,2513.3999999999996,3017.2,-1802.4,-1843.4,-2078.4,-2527.0,-3407.2,-2614.0,-2782.3,8363.0,7301.0,7272.0,7117.0,7364.0,7687.0,7668.0,NiSource Inc,US65473P1057,Utilities
NKE UN Equity,Consumer Durables & Apparel,,762.093994140625,,,,,,,,,,,,,Targets Set,1.5,True,True,True,False,True,,,,,,,,,,,,12.0,75.0,False,3.0,8.696969985961914,59.58330154418945,83.33329772949219,True,2.0,47.61899948120117,1.0,4.0,75.0,64.80400085449219,59.529998779296875,64.63600158691406,59.672000885009766,57.38999938964844,,258.1709899902344,271.1759948730469,251.5780029296875,224.03500366210938,222.64700317382812,211.32200622558594,,10737.0,11604.099609375,10827.2001953125,9953.490234375,9466.51953125,8196.9599609375,,39117.0,37403.0,44538.0,46710.0,51217.0,51362.0,46309.0,23717.0,31342.0,37740.0,40321.0,37531.0,38110.0,36579.0,5477.0,4405.0,8270.0,7985.0,7203.0,7725.0,5140.0,-1119.0,-1086.0,-695.0,-758.0,-969.0,-812.0,-430.0,76700.0,75400.0,73300.0,79100.0,83700.0,79400.0,77800.0,NIKE Inc,US6541061031,Consumer Discretionary
NOC UN Equity,Capital Goods,751.947998046875,3076.68994140625,216.53900146484375,5973.66015625,,,40.5,3.3499999046325684,18.959999084472656,,,,,,,,False,True,True,False,True,838.0,,,47.0,16.100000381469727,,24.8700008392334,34.0,1.0,0.3059999942779541,5.0,12.0,91.66670227050781,True,6.0,8.113639831542969,67.91670227050781,91.66670227050781,True,7.75,47.36840057373047,1.0,10.0,75.0,268.70001220703125,266.8699951171875,281.3399963378906,310.3500061035156,286.4800109863281,294.57000732421875,534.6400146484375,503.4100036621094,486.07000732421875,,498.8699951171875,477.94000244140625,457.37799072265625,479.8399963378906,1161.43994140625,428.5899963378906,708.0499877929688,770.4000244140625,762.5399780273438,122.48300170898438,33841.0,36799.0,35667.0,36602.0,39290.0,41033.0,41954.0,41089.0,44469.0,42579.0,43755.0,46544.0,49359.0,51377.0,5552.0,5652.0,7205.0,5275.0,4233.0,6110.0,6346.0,-1264.0,-1420.0,-1415.0,-1435.0,-1775.0,-1767.0,-1450.0,90000.0,97000.0,88000.0,95000.0,101000.0,97000.0,95000.0,Northrop Grumman Corp,US6668071029,Industrials
NOW UN Equity,Software & Services,,230.31300354003906,,,,,,,,,,,,,Targets Set,1.5,,True,True,,True,,,,,,,34.599998474121094,35.099998474121094,,,,9.0,66.66670227050781,True,4.0,10.32289981842041,60.444400787353516,77.77780151367188,True,6.916669845581055,31.428600311279297,1.0,7.0,,1.9149999618530273,1.4010000228881836,2.2699999809265137,2.430000066757202,2.8842999935150146,,19.18199920654297,22.81100082397461,33.880001068115234,41.979000091552734,54.979000091552734,72.79100036621094,,212.07699584960938,201.19700622558594,178.41600036621094,217.08399963378906,284.8280029296875,285.7900085449219,,3460.437,4519.484,5896.0,7245.0,8971.0,10984.0,13278.0,6022.43,8715.057,10798.0,13299.0,17387.0,20383.0,26038.0,358.437,618.2439999999999,829.0,900.0,1453.0,2058.0,2709.0,-264.892,-419.327,-392.0,-550.0,-694.0,-852.0,-868.0,10371.0,13096.0,16881.0,20433.0,22668.0,26293.0,29187.0,ServiceNow Inc,US81762P1021,Information Technology
NRG UN Equity,Utilities,30327.5,120280.0,,1086000.0,,,,,,,,,,,Targets Set,1.5,,,,,,40.0,0.0,0.0,,,,31.0,33.0,0.0,,4.0,11.0,90.90910339355469,True,4.0,4.699999809265137,63.36360168457031,90.90910339355469,True,0.5,28.571399688720703,1.0,5.0,75.0,29767.5,36557.3984375,37417.6015625,26835.900390625,27457.80078125,30244.30078125,187.0,241.4600067138672,176.85899353027344,141.83099365234375,145.61399841308594,105.32099914550781,83.18499755859375,10.800000190734863,3.2869999408721924,1.1480000019073486,2.431999921798706,4.681000232696533,10.602999687194824,11.871999740600586,9821.0,9093.0,26989.0,31543.0,28823.0,28130.0,30713.0,12531.0,14902.0,23182.0,29146.0,26038.0,24022.0,29140.0,1879.0,1747.0,4372.0,2947.0,1786.0,3689.0,2901.0,-228.0,-230.0,-269.0,-367.0,-598.0,-472.0,-1147.0,,4104.0,6635.0,6603.0,12944.0,,8773.0,NRG Energy Inc,US6293775085,Utilities
NSC UN Equity,Transportation,4167.18994140625,16135.2998046875,207.14100646972656,2024.530029296875,,,478.8169860839844,2.9537899494171143,271.64300537109375,,,35.0,,,Targets Set,Well-below 2,False,True,True,False,False,193.0,,,,18.200000762939453,7.53000020980835,7.309999942779541,20.700000762939453,0.0,,80.0,12.0,91.66670227050781,False,6.0,3.8055601119995117,65.33329772949219,91.66670227050781,True,2.083329916000366,20.689699172973633,1.0,12.0,75.0,3786.840087890625,4165.81005859375,4127.66015625,4098.3798828125,4054.1298828125,4023.610107421875,201.4739990234375,193.0989990234375,147.906005859375,150.4929962158203,145.3070068359375,136.35800170898438,143.5850067138672,6557.3701171875,2217.919921875,2260.18994140625,2793.530029296875,1999.1099853515625,1773.3699951171875,1626.06005859375,11296.0,9789.0,11142.0,12745.0,12156.0,12123.0,12180.0,37923.0,37962.0,38493.0,38885.0,41652.0,43682.0,45236.0,5242.0,4265.0,5734.0,6131.0,4264.0,5526.0,5841.0,-2019.0,-1494.0,-1470.0,-1948.0,-2349.0,-2381.0,-2204.0,24587.0,20156.0,18370.0,18900.0,20300.0,19600.0,19300.0,Norfolk Southern Corp,US6558441084,Industrials
NTAP UW Equity,Technology Hardware & Equipmen,,180.59800720214844,,,,,,,,,,,,,Targets Set,1.5,,,,,,,,,,,,26.0,,,,0.0,10.0,90.0,False,5.0,7.358329772949219,61.0,90.0,True,11.33329963684082,10.0,1.0,5.0,75.0,3.3420000076293945,2.181999921798706,3.1640000343322754,2.321000099182129,2.750999927520752,2.309999942779541,96.53199768066406,96.69200134277344,44.983001708984375,44.84700012207031,62.400001525878906,62.13600158691406,63.029998779296875,65.61399841308594,61.722999572753906,1019.27001953125,1260.6800537109375,1062.9200439453125,781.8920288085938,849.7139892578125,6146.0,5412.0,5744.0,6318.0,6362.0,6268.0,6572.0,8741.0,7522.0,9360.0,10026.0,9818.0,9887.0,10823.0,1418.0,1193.0,1293.0,1412.0,1327.0,1522.0,1631.0,-173.0,-124.0,-162.0,-226.0,-239.0,-155.0,-168.0,10500.0,10800.0,11000.0,12000.0,12000.0,11800.0,11700.0,NetApp Inc,US64110D1046,Information Technology
NTRS UW Equity,Financial Services,0.6729999780654907,3.438999891281128,0.7459999918937683,,,,2.784670114517212,,0.38986000418663025,,,,,,Committed,,True,True,True,False,True,,,,,6300.0,,44.0,36.0,,,0.800000011920929,13.0,92.30770111083984,True,5.0,11.35260009765625,64.69229888916016,92.30770111083984,True,8.75,,1.0,13.0,75.0,7.422999858856201,7.271999835968018,7.349999904632568,4.390999794006348,4.718999862670898,0.5950000286102295,37.380001068115234,26.374000549316406,20.30299949645996,26.656999588012695,27.82200050354004,25.586000442504883,0.07800000160932541,36.49599838256836,32.05699920654297,34.27799987792969,43.185001373291016,38.94200134277344,41.09199905395508,7.748000144958496,6895.1,6301.1,6488.3,7751.7,12116.5,15875.6,14300.0,136828.4,170003.9,183889.8,155036.7,150783.1,155508.4,177132.7,,,,,,,,-599.8,-560.4,-515.1,-723.5,-675.8,-745.5,-774.2,19800.0,20900.0,21100.0,23600.0,23100.0,23300.0,23800.0,Northern Trust Corp,US6658591044,Financials
NUE UN Equity,Materials,10732.599609375,45907.19921875,,,,,,,,,,,,,,,,,,,,234.0,,,,,,13.539999961853027,7.079999923706055,,0.25999999046325684,0.0,8.0,87.5,True,7.0,8.125,64.5,87.5,True,6.75,8.333330154418945,1.0,6.0,75.0,4700.0,7100.0,6500.0,6800.0,6900.0,4641.93017578125,,5400.0,5700.0,5000.0,5700.0,5800.0,6090.68017578125,,7400.0,7300.0,8800.0,8300.0,5300.0,7583.58984375,22588.858,20139.658,36483.939,41512.467,34713.501,30734.0,32494.0,18344.666,20125.394,25823.072,32479.21,35340.499,33940.0,35104.0,2659.045,1808.7540000000001,10145.699,11492.885,7428.605999999999,4227.0,4105.0,-1477.293,-1543.219,-1621.989,-1947.897,-2214.157,-3173.0,-3422.0,26800.0,26400.0,28800.0,31000.0,32000.0,32700.0,33000.0,Nucor Corp,US6703461052,Materials
NVDA UW Equity,Semiconductors & Semiconductor,318.7130126953125,1053.47998046875,1053.47998046875,451.2969970703125,,,5.256999969482422,0.0,,,,,,,Targets Set,1.5,True,True,True,False,True,,,,,34.0,3.700000047683716,21.600000381469727,14.800000190734863,0.0,,,10.0,90.0,False,5.0,16.651500701904297,66.30000305175781,90.0,True,33.5,40.0,1.0,5.0,75.0,2.818000078201294,2.691999912261963,4.611999988555908,9.67199993133545,8.88700008392334,9.04699993133545,65.10700225830078,100.91600036621094,105.62100219726562,133.56900024414062,142.90899658203125,178.08700561523438,228.3780059814453,1861.3699951171875,1296.1500244140625,2073.8701171875,2701.47998046875,3514.760009765625,3638.429931640625,6912.580078125,11716.0,10918.0,16675.0,26914.0,26974.0,60922.0,130497.0,13292.0,17315.0,28791.0,44187.0,41182.0,65728.0,111601.0,4066.0,3341.0,5775.0,11383.0,5961.0,34749.0,83673.0,-600.0,-489.0,-1128.0,-976.0,-1833.0,-1069.0,-3236.0,13277.0,13775.0,18975.0,22473.0,26196.0,29600.0,36000.0,NVIDIA Corp,US67066G1040,Information Technology
NVR UN Equity,Consumer Durables & Apparel,,,,,,,,,,,,,,,,,False,False,True,False,False,,,,,,,33.33000183105469,28.06999969482422,,,0.0,11.0,90.90910339355469,False,4.0,12.0378999710083,67.72730255126953,90.90910339355469,True,4.416669845581055,0.0,1.0,5.0,100.0,,,,,,,,,,,,,,,,,,,,,7388.664,7536.923,8951.025,10526.434,9518.202,10524.479,10323.959,3809.815,5777.141,5834.475,5660.973,6601.757,6380.988,5856.93,1090.8419999999999,1163.6709999999998,1686.181,2332.728,1993.6039999999998,2181.817,1840.49,-22.699,-16.119,-17.875,-18.428,-24.877,-29.212,-24.508,5700.0,6100.0,6600.0,6550.0,6300.0,7000.0,6300.0,NVR Inc,US62944T1051,Consumer Discretionary
NWS UW Equity,Media & Entertainment,,186.88299560546875,,,,,,,,,,,,,Targets Set,1.5,,,,,,,,,,,,49.0,40.0,,,15.20740032196045,,66.66670227050781,,,13.33329963684082,,,,13.75,29.411800384521484,,,,18.485000610351562,16.416000366210938,15.440999984741211,12.70199966430664,14.85830020904541,14.552000045776367,133.56500244140625,124.7020034790039,110.60900115966797,96.6510009765625,80.07099914550781,59.9025993347168,52.194000244140625,15.520999908447266,2505.219970703125,969.5139770507812,1072.06005859375,866.9600219726562,921.551025390625,861.6900024414062,10074.0,9008.0,9358.0,10385.0,9879.0,10085.0,8452.0,15711.0,14261.0,16771.0,17221.0,16921.0,16684.0,15504.0,1056.0,-614.0,1277.0,1721.0,1423.0,1545.0,1399.0,-572.0,-438.0,-390.0,-499.0,-499.0,-496.0,-407.0,28000.0,23500.0,24000.0,25500.0,25000.0,23900.0,22300.0,News Corp,US65249B2088,Communication Services
NXPI UW Equity,Semiconductors & Semiconductor,915.5809936523438,1834.31005859375,755.6019897460938,24421.900390625,61.0,,20.728599548339844,7.320620059967041,14.876999855041504,0.0,0.0,0.0,0.0,,Targets Set,1.5,True,True,True,True,True,35.0,0.0,0.0,,,11.800000190734863,36.0,18.0,0.0,,29.0,10.0,90.0,False,4.0,7.157410144805908,63.599998474121094,90.0,True,1.0,6.25,1.0,6.0,75.0,356.0,515.0,539.0,371.0,255.0,207.0,796.7639770507812,604.0130004882812,642.6400146484375,613.6199951171875,506.2279968261719,753.9609985351562,708.5809936523438,36.689998626708984,25.834999084472656,21.44099998474121,18505.0,11717.0,9518.0,8446.0,8877.0,8612.0,11063.0,13205.0,13276.0,12614.0,12269.0,20016.0,19847.0,20864.0,23236.0,24353.0,24385.0,26560.0,2747.0,2471.0,3911.0,5113.0,4835.0,4408.0,3945.0,-526.0,-392.0,-800.0,-1068.0,-827.0,-727.0,-397.0,30000.0,29000.0,31000.0,34500.0,34200.0,33100.0,32169.0,NXP Semiconductors NV,NL0009538784,Information Technology
O UN Equity,Equity Real Estate Investment,2.115000009536743,10549.099609375,,15335.900390625,,,10.52299976348877,,8.781999588012695,,,,,,,,False,True,True,False,True,0.0,,,,,10.5,56.0,29.0,0.0,0.0,0.0,11.0,90.90910339355469,False,4.0,11.18179988861084,63.818199157714844,90.90910339355469,True,8.0,14.285699844360352,1.0,9.0,75.0,0.013000000268220901,0.014000000432133675,0.04800000041723251,0.054999999701976776,0.054999999701976776,0.06599999964237213,0.32499998807907104,0.2709999978542328,0.25699999928474426,0.3089999854564667,0.3179999887943268,0.781000018119812,2.0490000247955322,1123.280029296875,1170.8299560546875,2052.949951171875,2356.139892578125,2656.969970703125,5271.1201171875,,1491.591,1647.087,2080.463,3343.681,4078.993,5271.142,5749.377,18554.796,20740.285,43137.502,49673.092,57779.357,68835.039,72795.612,1296.337,1322.037,1643.498,2939.135,3515.947,4194.447,4622.474,-3572.581,-2283.13,-6313.076,-8886.436,-8053.595,-3262.437,-4647.873,194.0,208.0,367.0,391.0,418.0,468.0,544.0,Realty Income Corp,US7561091049,Real Estate
ODFL UW Equity,Transportation,1089.72998046875,,221.03500366210938,,,,,,,,,,,,,,,,True,,,,,,,,13.180000305175781,10.0,,,,0.0,12.0,66.66670227050781,False,4.0,10.45829963684082,64.25,66.66670227050781,True,3.25,0.0,1.0,5.0,75.0,1114.050048828125,1268.25,1318.7900390625,1197.530029296875,1157.989990234375,1064.9200439453125,27.68000030517578,26.594999313354492,27.96500015258789,28.948999404907227,26.690000534057617,25.23200035095215,24.809999465942383,514.0869750976562,445.156005859375,334.5849914550781,332.239013671875,602.4229736328125,545.6810302734375,437.2669982910156,4109.111,4015.129,5256.328,6260.077,5866.152,5814.81,5496.389,3995.568,4369.41,4821.544,4838.61,5512.393,5491.395,5470.16,1072.387,1168.149,1651.5010000000002,2116.698,1965.122,1888.576,1725.736,-479.325,-225.081,-550.077,-775.148,-757.309,-771.318,-415.034,20105.0,19779.0,23633.0,23471.0,22902.0,21895.0,20591.0,Old Dominion Freight Line Inc,US6795801009,Industrials
OKE UN Equity,Energy,13200.0,,3300.0,9887.9501953125,0.6891270279884338,,121.89600372314453,1.2309999465942383,4.428999900817871,29.0,0.2989000082015991,79.0,0.2031860053539276,,,,False,True,True,False,True,35.0,1.0,1.0,,9.5,7.599999904632568,18.600000381469727,20.0,0.0,0.23999999463558197,3.299999952316284,10.0,90.0,False,4.0,,68.5999984741211,90.0,False,,,1.0,22.0,95.0,3800.0,3800.0,3700.0,3700.0,3900.0,8800.0,3000.0,2500.0,2700.0,2900.0,3100.0,3600.0,4400.0,57800.0,60400.0,66700.0,64300.0,67100.0,74500.0,104000.0,10164.367,8542.242,16540.309,22386.892,17677.0,21698.0,33629.0,21812.121,23078.754,23621.613,24379.094,44266.0,64069.0,66641.0,2397.691,1957.181,3235.707,3433.551,4841.0,6123.0,7255.0,-3848.349,-2195.381,-696.854,-1202.057,-1595.0,-2021.0,-3152.0,2882.0,2886.0,2847.0,2966.0,4775.0,5177.0,6326.0,ONEOK Inc,US30609A1097,
OMC UN Equity,Media & Entertainment,,245.5780029296875,,,,,,,,,,,,,Targets Set,1.5,,True,True,,True,,,,,,,,,,,0.0,14.0,85.71430206298828,True,5.0,11.559499740600586,67.78569793701172,85.71430206298828,False,29.75,35.0,1.0,10.0,75.0,20.584999084472656,14.628000259399414,32.915000915527344,39.02799987792969,32.733001708984375,,50.784000396728516,38.867000579833984,32.428001403808594,38.28200149536133,34.29199981689453,35.512001037597656,,473.5539855957031,288.2669982910156,299.78900146484375,314.98699951171875,323.51300048828125,336.1080017089844,,14953.7,13171.1,14289.4,14289.1,14692.2,15689.1,17271.9,26783.4,27647.2,28421.8,27002.5,28044.6,29620.7,54415.3,2666.5,2124.1,2685.8,2542.7000000000003,2528.2999999999997,2724.9999999999995,954.6999999999999,-102.2,-75.4,-665.8,-78.2,-78.4,-140.6,-149.8,70640.0,64100.0,71700.0,74200.0,75900.0,74900.0,120000.0,Omnicom Group Inc,US6819191064,Communication Services
ON UW Equity,Semiconductors & Semiconductor,1221.0999755859375,2067.4599609375,0.0,22721.0,48.29999923706055,,25.67099952697754,8.901000022888184,15.253000259399414,1.0,0.002400000113993883,,,78.0,Targets Set,1.5,True,True,True,False,True,40.0,0.0,0.0,,2.700000047683716,8.0,44.0,15.0,0.0,0.07800000160932541,19.0,8.0,87.5,False,4.0,7.0595197677612305,61.75,87.5,True,5.833330154418945,15.384599685668945,1.0,7.0,75.0,2173.449951171875,2485.8701171875,1014.7999877929688,828.5999755859375,776.5,546.5999755859375,,,,713.5,714.0,705.2000122070312,674.5,12.637999534606934,1.565000057220459,0.6169999837875366,2090.330078125,1569.43994140625,746.5999755859375,736.5999755859375,5517.9,5255.0,6739.8,8326.2,8253.0,7082.3,5995.4,8425.5,8668.0,9626.0,11978.5,13215.2,14089.8,12524.1,1060.8,1012.0,1924.0,2959.6000000000004,3196.2,2465.2999999999997,848.0,-534.6,-381.4,-492.0,-1036.0,-1575.6,-694.0,-341.2,34800.0,31000.0,30000.0,32050.0,30000.0,26400.0,22600.0,ON Semiconductor Corp,US6821891057,Information Technology
ORCL UN Equity,Software & Services,,5155.3798828125,,,,,,,,,,,,,,,False,True,True,False,True,,,,,,,33.970001220703125,,,,,,76.92310333251953,,,14.66670036315918,,,,1.0833300352096558,26.923099517822266,,,,16.520000457763672,10.300000190734863,9.48900032043457,10.237000465393066,29.93000030517578,27.531999588012695,489.9169921875,560.6829833984375,602.3289794921875,647.8259887695312,785.1370239257812,1234.8699951171875,1600.3699951171875,1766.050048828125,1543.5400390625,1577.1800537109375,580.3900146484375,842.0479736328125,2687.389892578125,8526.169921875,39506.0,39068.0,40479.0,42440.0,49954.0,52961.0,57399.0,108709.0,115438.0,131107.0,109297.0,134384.0,140976.0,168361.0,16454.0,17447.0,18770.0,14802.0,20063.0,22683.0,25568.0,-1660.0,-1564.0,-2135.0,-4511.0,-8695.0,-6866.0,-21215.0,136000.0,135000.0,132000.0,143000.0,164000.0,159000.0,162000.0,Oracle Corp,US68389X1054,Information Technology
ORLY UW Equity,Consumer Discretionary Distrib,,1822.18994140625,,,,,,,,,,,,,,,,,True,,,,,,,,,20.7992000579834,11.600000381469727,,,0.49000000953674316,9.0,66.66670227050781,False,4.0,14.148099899291992,65.11109924316406,77.77780151367188,True,2.666670083999634,10.0,1.0,4.0,100.0,,281.13800048828125,299.9679870605469,305.7590026855469,296.90301513671875,,,,221.6750030517578,221.43600463867188,207.45599365234375,196.49200439453125,,,,2711.659912109375,2844.239990234375,2827.77001953125,2980.719970703125,,10149.985,11604.493,13327.563,14409.86,15812.25,16708.479,17781.992,10717.16,11596.642,11718.707,12627.979,13872.995,14893.741,16538.253,2507.969,3065.3369999999995,3592.11,3674.928,3989.1690000000003,4133.704,4424.998,-628.057,-465.579,-442.853,-563.342,-1006.264,-1023.387,-1168.815,77857.0,77857.0,83636.0,87745.0,90302.0,93176.0,92923.0,O'Reilly Automotive Inc,US67103H1077,Consumer Discretionary
OTIS UN Equity,Capital Goods,,606.2239990234375,,,,,,,,,,,,,Targets Set,1.5,,,,,,,,,,,,12.0,,,,,10.0,90.0,True,4.0,5.550000190734863,66.5,90.0,True,6.5,,1.0,5.0,99.0,132.14100646972656,132.94000244140625,128.41200256347656,121.93599700927734,117.22000122070312,,,71.61000061035156,39.784000396728516,36.2140007019043,34.8650016784668,33.553001403808594,,,,17212.0,15202.400390625,15487.2001953125,13666.900390625,,13118.0,12756.0,14298.0,13685.0,14209.0,14261.0,14431.0,9687.0,10710.0,12279.0,9819.0,10117.0,11316.0,10653.0,2185.0,2016.0,2458.0,2369.0,2532.0,2355.0,2514.0,-145.0,-183.0,-156.0,-115.0,-138.0,-126.0,-152.0,,69000.0,70000.0,69000.0,71000.0,72000.0,72000.0,Otis Worldwide Corp,US68902V1070,Industrials
OXY UN Equity,Energy,15890.0,96534.703125,,,,,,,,,,,,,,,,True,,,,,,,,,4.099999904632568,23.0,19.0,,,4.0,10.0,90.0,False,5.0,8.75,71.69999694824219,90.0,True,0.33333298563957214,20.0,1.0,8.0,100.0,19015.099609375,18495.099609375,17601.30078125,17366.400390625,17896.099609375,12970.0,5905.27001953125,4807.7001953125,4844.81005859375,4903.259765625,4547.2900390625,4695.93017578125,2920.0,518000.0,226000.0,212000.0,217000.0,234000.0,277000.0,276000.0,20911.0,17809.0,25956.0,36634.0,28257.0,22019.0,21593.0,107190.0,80064.0,75036.0,72609.0,74008.0,85445.0,84186.0,7103.0,-5690.0,13307.0,20946.0,13964.0,11652.0,11931.0,-6367.0,-2535.0,-2870.0,-4497.0,-6270.0,-6263.0,-6427.0,14400.0,11800.0,11678.0,11973.0,12570.0,13323.0,10412.0,Occidental Petroleum Corp,US6745991058,Energy
PANW UW Equity,Software & Services,3.2869999408721924,63.01969909667969,,100.0,,,,0.0006339999963529408,,,,,,,Targets Set,1.5,False,True,True,False,True,4.0,,,,2.9428799152374268,14.5,26.0,,0.0,,,11.0,81.81819915771484,True,5.0,7.560609817504883,58.545501708984375,81.81819915771484,True,8.333330154418945,31.25,3.0,9.0,,0.6179999709129333,0.8740000128746033,0.7630000114440918,1.590999960899353,1.7660000324249268,3.0789999961853027,13.130999565124512,5.072999954223633,8.564000129699707,11.072999954223633,15.76099967956543,16.469999313354492,0.20800000429153442,8.707119941711426,986.4550170898438,606.0050048828125,1325.050048828125,891.6859741210938,866.4390258789062,966.4660034179688,2899.6,3408.4,4256.1,5501.5,6892.7,8027.5,9221.5,6592.2,9065.4,10241.6,12253.6,14501.1,19990.9,23576.2,99.70000000000002,107.5,15.599999999999959,93.80000000000001,669.5,1042.8,1674.4,-131.2,-214.4,-116.0,-192.8,-146.3,-156.8,-246.2,7014.0,8014.0,10473.0,12561.0,13948.0,15289.0,16068.0,Palo Alto Networks Inc,US6974351057,Information Technology
PAYX UW Equity,Commercial & Professional Serv,,40.92850112915039,,,,,,,,,,,,,,,,True,,,True,,0.0,0.0,,,,58.0,,0.0,,0.0,11.0,72.72730255126953,False,5.0,10.88640022277832,66.36360168457031,90.90910339355469,True,4.0,0.0,1.0,4.0,75.0,3.128880023956299,2.792840003967285,2.750540018081665,2.2898499965667725,2.171750068664551,2.3531899452209473,4.871300220489502,4.626430034637451,4.304110050201416,3.821269989013672,3.7466299533843994,4.5277299880981445,4.431250095367432,119.177001953125,103.56700134277344,52.17839813232422,48.259300231933594,46.65060043334961,22.632600784301758,25.02910041809082,3772.5,4040.5,4056.8,4611.7,5007.1,5278.3,5571.7,8676.0,8550.7,9227.2,9635.2,10546.4,10383.1,16564.1,1595.7,1674.0,1658.1,2059.0,2230.5,2379.2999999999997,2444.8999999999996,-123.8,-127.0,-114.6,-132.6,-143.0,-161.4,-191.8,15600.0,15800.0,15000.0,16000.0,16600.0,16500.0,19000.0,Paychex Inc,US7043261079,Industrials
PCAR UW Equity,Capital Goods,,927.4600219726562,,,,,,,,,,,,,Targets Set,Well-below 2,False,True,True,False,True,,,,,10.0,,,,,,,12.0,75.0,False,4.0,10.057700157165527,64.41670227050781,83.33329772949219,True,7.25,,1.0,4.0,75.0,113.44599914550781,,,,105.87899780273438,,165.28900146484375,143.08999633789062,,,,121.2969970703125,,82918.5,58317.19921875,99312.0,114542.0,122676.0,112236.0,,25599.7,18728.5,23522.3,28819.7,35127.4,33663.8,28444.8,28361.1,28260.0,29509.4,33275.5,40823.4,43418.9,44336.2,3314.0,1834.1,2594.5,4026.2999999999997,6378.9,5314.199999999999,3383.8999999999996,-1970.8,-1638.4,-1632.8,-1390.5,-1262.5,-1745.6,-1386.6,27000.0,26000.0,28500.0,31100.0,32400.0,30100.0,25900.0,PACCAR Inc,US6937181088,Industrials
PCG UN Equity,Utilities,,86.39099884033203,,3140980.0,,,,,,,,,,,Removed,,,,True,True,,4.0,,,,,3.799999952316284,27.0,42.0,1.0,0.3499999940395355,60.34000015258789,15.0,86.66670227050781,False,6.0,5.005559921264648,63.06669998168945,86.66670227050781,True,5.75,53.33330154418945,1.0,7.0,99.0,3899.489990234375,4458.77978515625,3290.0,3730.0,3410.0,3064.7900390625,10.0,1237.8800048828125,833.6489868164062,80.0,290.0,240.0,,42355.30078125,42953.6015625,44852.5,38754.0,39352.0,73017.3984375,,17129.0,18469.0,20642.0,21680.0,24428.0,24419.0,24935.0,85196.0,97856.0,103327.0,118644.0,125698.0,133660.0,141611.0,-6520.0,3943.0,5853.0,6193.0,6678.0,8764.0,9498.0,-6389.0,-7762.0,-7713.0,-9476.0,-9731.0,-10391.0,-11828.0,23012.0,24008.0,26011.0,26010.0,28010.0,28410.0,29010.0,PG&E Corp,US69331C1080,Utilities
PEG UN Equity,Utilities,,87.43299865722656,,,,,,,,,,,,,Committed,,,True,True,,,,,,,,,19.0,19.0,,0.30000001192092896,59.0,11.0,90.90910339355469,True,5.0,5.992420196533203,65.27269744873047,90.90910339355469,True,4.083330154418945,50.0,1.0,6.0,75.0,9624.5498046875,10142.400390625,1930.1199951171875,593.9879760742188,581.5560302734375,,865.7410278320312,752.2449951171875,874.947021484375,881.8590087890625,711.2349853515625,719.3090209960938,,12235.7998046875,12235.7998046875,37602.30078125,26012.30078125,32360.30078125,21202.099609375,,10076.0,9603.0,9722.0,9800.0,11237.0,10290.0,12168.0,47730.0,50050.0,48999.0,48718.0,50741.0,54640.0,57576.0,3421.0,3793.0,597.0,2720.0,5062.0,3782.0,4502.0,-3166.0,-2923.0,-2719.0,-2888.0,-3325.0,-3380.0,-3272.0,8001.0,7801.0,7865.0,7641.0,7641.0,7641.0,7475.0,Public Service Enterprise Grou,US7445731067,Utilities
PEP UW Equity,"Food, Beverage & Tobacco",,21300.5,,72000.0,,,,,,,,,,,Targets Set,1.5,,True,True,,True,,,,,,,26.919099807739258,46.64080047607422,,,,14.0,92.85710144042969,True,5.0,10.429499626159668,64.28569793701172,92.85710144042969,True,8.0,35.0,1.0,9.0,75.0,3552.7099609375,3596.7099609375,3500.0,3400.0,3300.0,,1556.52001953125,1719.6099853515625,1811.1099853515625,700.0,300.0,200.0,,50465.1015625,1930.8900146484375,58408.8984375,57176.80078125,39000.0,38000.0,,67161.0,70372.0,79474.0,86392.0,91471.0,91854.0,93925.0,78547.0,92918.0,92377.0,92187.0,100495.0,99467.0,107399.0,13197.0,13167.0,14435.0,14860.0,15600.0,16835.0,15829.0,-4232.0,-4240.0,-4625.0,-5207.0,-5518.0,-5318.0,-4415.0,267000.0,291000.0,309000.0,315000.0,318000.0,319000.0,306000.0,PepsiCo Inc,US7134481081,Consumer Staples
PFE UN Equity,"Pharmaceuticals, Biotechnology",750.0,4437.5400390625,,26650.0,,,110.69999694824219,77.80000305175781,23.799999237060547,,,,,,Targets Set,1.5,True,True,True,False,True,,,,,,15.100000381469727,52.0,,0.0,0.15000000596046448,,13.0,92.30770111083984,True,6.0,8.958330154418945,64.61540222167969,92.30770111083984,True,7.75,41.66669845581055,1.0,7.0,75.0,649.3569946289062,659.2260131835938,644.5650024414062,,,,,494.6400146484375,491.17401123046875,498.8219909667969,,,,3116.989990234375,3768.06005859375,4443.08984375,492.0,443.0,342.0,285.0,40905.0,41651.0,81288.0,100330.0,59554.0,63627.0,62579.0,167594.0,154229.0,181476.0,197205.0,226501.0,213396.0,208160.0,20948.0,13329.0,25131.0,40690.0,8409.0,20084.0,21307.0,-2046.0,-2226.0,-2711.0,-3236.0,-3907.0,-2909.0,-2629.0,88000.0,78500.0,79000.0,,88000.0,81000.0,75000.0,Pfizer Inc,US7170811035,Health Care
PFG UW Equity,Insurance,20.655899047851562,58.94580078125,22.45829963684082,,,,0.41350001096725464,0.08780000358819962,0.25189998745918274,,,,,,Removed,,True,True,True,True,True,,,,,21.200000762939453,16.100000381469727,52.31999969482422,40.0,,,,12.0,91.66670227050781,True,5.0,8.6875,64.33329772949219,91.66670227050781,True,1.75,33.33330154418945,3.0,9.0,75.0,4.5229997634887695,4.10260009765625,5.076000213623047,6.138299942016602,5.026299953460693,6.289700031280518,39.90510177612305,28.68899917602539,27.857999801635742,28.21190071105957,21.28499984741211,16.611499786376953,14.36620044708252,456.8869934082031,13.45930004119873,436.5929870605469,496.0979919433594,148.14599609375,123.85199737548828,591.1840209960938,16222.1,14741.7,14262.7,17536.1,13665.8,16127.7,15625.5,276087.8,296627.7,304657.2,292239.6,305046.7,313663.6,341376.5,,,,,,,,-132.4,-108.8,-129.9,-116.3,-102.0,-68.8,-98.0,17601.0,17400.0,18600.0,19300.0,19800.0,19700.0,19700.0,Principal Financial Group Inc,US74251V1026,Financials
PG UN Equity,Household & Personal Products,,16456.900390625,,,,,,,,,,,,,Targets Set,1.5,False,True,True,False,True,,,,,,,42.0,,,,,14.0,85.71430206298828,False,5.0,4.6859002113342285,61.4286003112793,85.71430206298828,True,0.75,33.33330154418945,1.0,7.0,75.0,2217.5,2241.5400390625,2157.0,2121.0,1988.0,1966.0,2544.080078125,2566.669921875,2436.080078125,2324.449951171875,2274.580078125,2228.43994140625,2107.0,233524.0,194139.0,195794.0,190840.0,172597.0,168128.0,1696.449951171875,67684.0,70950.0,76118.0,80187.0,82006.0,84039.0,84284.0,115095.0,120700.0,119307.0,117208.0,120829.0,122370.0,125231.0,8311.0,18990.0,20966.0,20840.0,21077.0,21693.0,23574.0,-3347.0,-3073.0,-2787.0,-3156.0,-3062.0,-3322.0,-3773.0,,,101000.0,106000.0,107000.0,,109000.0,Procter & Gamble Co/The,US7427181091,Consumer Staples
PGR UN Equity,Insurance,,228.87399291992188,,,,,,,,,,,,,,,,,True,,,,,,,,6.800000190734863,61.5010986328125,36.30569839477539,,,,11.0,90.90910339355469,False,4.0,13.696999549865723,66.63639831542969,90.90910339355469,True,10.25,,1.0,6.0,75.0,,26.992000579833984,31.895999908447266,31.66200065612793,32.28099822998047,,,,54.327999114990234,50.542999267578125,42.8489990234375,35.986000061035156,,,,,,,25.76300048828125,,38997.7,42638.1,47676.5,49586.4,62082.3,75343.0,87637.0,54910.5,64098.3,71132.3,75465.0,88690.8,105745.0,123039.0,,,,,,,,-363.5,-223.5,-243.5,-292.0,-252.0,-285.0,-348.0,41571.0,43326.0,49000.0,55100.0,61400.0,66300.0,70000.0,Progressive Corp/The,US7433151039,Financials
PH UN Equity,Capital Goods,,1921.780029296875,,,,,,,,,,,,,Targets Set,1.5,,True,True,,,,,,,,,30.0,,,0.10000000149011612,,,90.0,,,8.458330154418945,,,True,3.75,10.526300430297852,,,,138.32000732421875,136.02999877929688,137.09300231933594,145.94400024414062,128.86199951171875,,603.5009765625,491.1759948730469,453.03900146484375,,485.31500244140625,444.5740051269531,,4120.1201171875,4075.219970703125,4358.330078125,4916.47998046875,3435.050048828125,3740.830078125,,14320.324,13695.52,14347.64,15861.608,19065.194,19929.606,19850.0,17576.69,19887.753,20341.2,25943.943,29964.472,29297.842,29494.0,2509.0899999999997,2334.4739999999997,3003.2719999999995,3425.028,3953.739,4807.306,5304.0,-195.089,-232.591,-209.957,-230.044,-380.747,-400.112,-435.0,55610.0,50520.0,54640.0,55090.0,62730.0,61120.0,57950.0,Parker-Hannifin Corp,US7010941042,Industrials
PHM UN Equity,Consumer Durables & Apparel,108.54000091552734,361.70098876953125,,,,,,,,,0.008076000027358532,,,,,,False,True,True,False,True,67.0,0.0,0.0,,,,44.28219985961914,19.62619972229004,0.0,,0.0,11.0,90.90910339355469,False,5.0,9.454549789428711,59.454498291015625,90.90910339355469,True,10.08329963684082,,1.0,6.0,90.0,2.2079999446868896,30.746000289916992,30.770000457763672,28.708999633789062,32.858001708984375,34.35499954223633,,99.74199676513672,69.78199768066406,80.34200286865234,68.36399841308594,140.70799255371094,74.18499755859375,,7422.6201171875,9121.0703125,6448.39013671875,5780.509765625,5460.6298828125,4763.8798828125,10212.957,11036.082,13926.882,16002.979,16061.578,17946.95,17311.953,10715.597,12205.498,13352.631,14796.515,16087.05,17363.763,18048.423,1427.1509999999998,1834.4009999999998,2665.077,3547.894,3514.967,4018.2909999999997,3139.083,-58.119,-58.354,-72.781,-112.661,-92.201,-118.545,-122.716,5245.0,5249.0,6182.0,6524.0,6382.0,6793.0,6506.0,PulteGroup Inc,US7458671010,Consumer Discretionary
PKG UN Equity,Materials,3050.0,32250.0,20111.099609375,268400.0,,,883.5,,569.2999877929688,,,,,,,,False,True,True,True,True,,0.0,0.0,0.354328989982605,1.8420000076293945,20.690000534057617,16.0,15.10789966583252,0.0,0.8399999737739563,41.0,10.0,80.0,True,4.0,15.0556001663208,68.9000015258789,90.0,True,16.25,16.66670036315918,1.0,6.0,100.0,1770.0,1950.0,1810.0,1720.0,2000.0,1950.0,1200.0,1100.0,1060.0,1070.0,1160.0,1090.0,1100.0,2465.0,2303.0,2480.0,2430.0,2290.0,2570.0,3580.0,6964.3,6658.2,7730.3,8478.0,7802.4,8383.3,8989.3,7235.8,7433.2,7836.8,8003.8,8681.1,8833.2,10725.5,1511.4,1208.2,1735.9,1958.9,1680.5,1719.3000000000002,1863.8,-399.5,-421.2,-605.1,-824.2,-469.7,-669.7,-828.9,15500.0,15200.0,15200.0,15100.0,14900.0,15400.0,16800.0,Packaging Corp of America,US6951561090,Materials
PLD UN Equity,Equity Real Estate Investment,7.646999835968018,20.093599319458008,,18180.400390625,,,22.06399917602539,,,,,,,,Targets Set,1.5,False,True,True,False,True,,,,4.8614702224731445,5.539999961853027,11.0,50.0,20.0,0.0,0.10999999940395355,0.0,12.0,83.33329772949219,True,4.0,9.368060111999512,64.08329772949219,83.33329772949219,True,0.75,36.36360168457031,1.0,4.0,75.0,6.4070000648498535,5.242000102996826,4.044000148773193,5.72599983215332,5.138999938964844,5.992000102996826,4.714000225067139,4.672999858856201,4.818999767303467,1.7489999532699585,1.875,1.8680000305175781,1.6549999713897705,5011.93017578125,4737.85009765625,4171.6298828125,3837.14990234375,3550.22998046875,3220.800048828125,3496.93994140625,3330.621,4438.735,4759.44,5973.692,8023.469,8201.61,8790.127,40031.85,56065.005,58486.22,87897.448,93020.84,95328.909,98724.256,2131.8269999999998,2963.776,3195.351,4093.179,5569.374,5678.5599999999995,6040.33,-1795.137,-1920.218,-2639.872,-3118.379,-3399.114,-3206.231,-2781.26,1712.0,1945.0,2053.0,2466.0,2574.0,2703.0,2802.0,Prologis Inc,US74340W1036,Real Estate
PLTR UW Equity,Software & Services,,,,,,,,,,,,,,,Removed,,False,True,True,False,False,,,,,,,,,,,0.0,7.0,57.14289855957031,False,3.0,13.142900466918945,47.285701751708984,71.42859649658203,False,21.75,0.0,3.0,5.0,75.0,0.02800000086426735,0.026000000536441803,0.026000000536441803,0.02199999988079071,0.02199999988079071,,,1.4759999513626099,1.6970000267028809,2.0220000743865967,3.0399999618530273,1.9359999895095825,,,8.725000381469727,10.038000106811523,20.92300033569336,19.816999435424805,21.16200065612793,,742.555,1092.673,1541.889,1905.871,2225.012,2865.507,4475.446,1594.025,2690.504,3247.45,3461.239,4522.425,6340.884,8900.392,-564.189,-1126.001,-364.776,-96.207,196.387,382.44,1481.3580000000002,-13.096,-12.236,-12.627,-40.027,-15.114,-12.634,-33.882,,,2920.0,3838.0,3735.0,3936.0,4429.0,Palantir Technologies Inc,US69608A1088,Information Technology
PM UN Equity,"Food, Beverage & Tobacco",322.44500732421875,2385.679931640625,997.9019775390625,123657.0,,,130.77000427246094,3.0250000953674316,111.6780014038086,0.0,0.0,,,,Targets Set,1.5,False,True,True,True,True,,0.0,0.0,62.31660079956055,23.0,9.600000381469727,44.900001525878906,34.400001525878906,0.0,0.04670000076293945,56.0,11.0,81.81819915771484,False,6.0,8.858329772949219,64.81819915771484,90.90910339355469,True,5.416669845581055,16.66670036315918,1.0,6.0,93.0,331.9360046386719,319.37200927734375,310.02801513671875,310.4570007324219,291.8080139160156,286.4490051269531,182.28199768066406,405.29998779296875,385.281005859375,384.0329895019531,50.00600051879883,62.48500061035156,35.99599838256836,5109.0,4124.2001953125,4025.14990234375,4507.10009765625,4638.0,4665.0,4437.0,29805.0,28694.0,31405.0,31762.0,35174.0,37878.0,40648.0,42875.0,44815.0,41290.0,61681.0,65304.0,61784.0,69185.0,11737.0,12886.0,14232.0,13683.0,13900.0,15472.0,17201.0,-852.0,-602.0,-748.0,-1077.0,-1321.0,-1444.0,-1569.0,73500.0,71000.0,69600.0,79800.0,82700.0,83100.0,84900.0,Philip Morris International In,US7181721090,Consumer Staples
PNC UN Equity,Banks,146.0399932861328,434.197998046875,329.3699951171875,1128.3299560546875,,,,,,,,,,,,,False,True,True,False,True,,,,,140.6999969482422,,58.380001068115234,27.780000686645508,,,0.0,13.0,92.30770111083984,True,6.0,8.275639533996582,64.84619903564453,92.30770111083984,True,13.5,44.444400787353516,1.0,12.0,75.0,23.767000198364258,27.798999786376953,32.099998474121094,29.437999725341797,28.26799964904785,30.38800048828125,181.9320068359375,146.8070068359375,133.718994140625,170.66099548339844,146.6739959716797,126.31099700927734,115.6520004272461,138.3300018310547,16.466999053955078,4.9029998779296875,60.922000885009766,58.72800064086914,79.08599853515625,75.85900115966797,20636.0,18262.0,19698.0,23542.0,31882.0,34440.0,33996.0,410295.0,466679.0,557191.0,557263.0,561580.0,560038.0,573572.0,,,,,,,,0.0,0.0,0.0,0.0,0.0,0.0,0.0,50017.0,49549.0,59426.0,61545.0,56411.0,53686.0,55333.0,PNC Financial Services Group I,US6934751057,Financials
PNR UN Equity,Capital Goods,79.581298828125,266609.0,63226.5,509.5,,,31.93600082397461,1.0269999504089355,18.87299919128418,,,,,,,,False,True,True,False,True,95.0,0.0,0.0,,2.299999952316284,,31.0,31.0,0.0,0.5099999904632568,30.0,10.0,90.0,False,5.0,8.67593002319336,63.70000076293945,90.0,True,8.416669845581055,28.571399688720703,1.0,6.0,100.0,49.718101501464844,50.12519836425781,50.33340072631836,49.73080062866211,27.57159996032715,25.189699172973633,70.49009704589844,65.97209930419922,72.26499938964844,66.69819641113281,57.00559997558594,55.720699310302734,54.3916015625,2.5065999031066895,2.3749001026153564,2.1282999515533447,1.3277000188827515,1.4103000164031982,38346.3984375,36744.0,2957.2,3017.8,3764.8,4121.8,4104.5,4082.8,4176.0,4139.5,4197.2,4753.6,6447.5,6563.3,6446.5,6868.8,544.0,568.0,750.6,747.8,902.8,967.8,1028.4,-58.5,-62.2,-60.2,-85.2,-76.0,-74.4,-68.8,9500.0,9500.0,11250.0,11250.0,10500.0,9750.0,9000.0,Pentair PLC,IE00BLS09M33,Industrials
PNW UN Equity,Utilities,,38833.0,,,,,,,,,,,,,,,,True,True,,True,,,,,,,26.0,,,0.20999999344348907,,11.0,90.90910339355469,True,6.0,4.666669845581055,63.818199157714844,90.90910339355469,True,1.5,,1.0,7.0,95.0,11257.099609375,11329.5,12665.099609375,10628.400390625,10975.400390625,,13.880000114440918,116.93900299072266,131.91700744628906,123.12100219726562,164.17100524902344,176.77099609375,,10734.900390625,1996.6800537109375,2981.080078125,2848.080078125,2535.739990234375,1.6863399744033813,,3471.209,3586.982,3803.835,4324.385,4695.991,5124.915,5339.939,18479.247,20020.421,22003.222,22723.405,24661.153,26102.76,30031.599,1396.328,1561.7810000000002,1648.711,1671.7869999999998,1824.666,2135.68,2351.99,-1194.594,-1329.674,-1477.989,-1711.84,-1848.493,-2272.627,-2628.409,6200.0,6000.0,5872.0,5861.0,6133.0,6403.0,6610.0,Pinnacle West Capital Corp,US7234841010,Utilities
PODD UW Equity,Health Care Equipment & Servic,12.383999824523926,38.45600128173828,4.125999927520752,,,,2.2769999504089355,,,,,,,,,,False,True,True,False,True,,0.0,0.0,,,,46.0,,0.0,,,9.0,88.88890075683594,False,3.0,4.620369911193848,58.777801513671875,88.88890075683594,True,1.5,47.058799743652344,3.0,6.0,75.0,1.7089999914169312,1.4170000553131104,1.4550000429153442,1.315999984741211,1.3830000162124634,1.746999979019165,,2.2730000019073486,2.9030001163482666,3.555999994277954,3.5739998817443848,11.057000160217285,10.63700008392334,,,,,,,,738.2,904.4,1098.8,1305.3,1697.1,2071.6,2708.1,1142.9,1872.9,2048.8,2251.1,2588.2,3087.7,3190.4,82.2,112.30000000000001,189.4,109.60000000000001,301.6,397.0,574.8000000000001,-170.9,-166.5,-111.9,-122.9,-75.6,-124.9,-191.6,1350.0,1900.0,2300.0,2600.0,3000.0,3900.0,5400.0,Insulet Corp,US45784P1012,Health Care
PPG UN Equity,Materials,690.0,2358.330078125,266.6669921875,7450.0,,,166.35000610351562,99.66999816894531,80.88999938964844,,,,,,Targets Set,1.5,False,True,True,False,True,365.0,0.0,0.0,,18.100000381469727,16.399999618530273,28.411500930786133,,0.0,,,11.0,90.90910339355469,True,5.0,5.631939888000488,61.818199157714844,90.90910339355469,True,3.75,35.714298248291016,1.0,7.0,75.0,270.0,280.0,270.0,270.0,260.0,260.0,520.0,430.0,420.0,420.0,440.0,440.0,430.0,18760.0,17300.0,18560.0,17950.0,17950.0,17680.0,18360.0,15146.0,13834.0,16802.0,15614.0,16242.0,15845.0,15875.0,17708.0,19556.0,21351.0,20744.0,21647.0,19433.0,22098.0,2669.0,2504.0,2523.0,2319.0,2894.0,2938.0,2867.0,-413.0,-304.0,-371.0,-486.0,-516.0,-721.0,-778.0,47600.0,46900.0,49300.0,52000.0,53000.0,46000.0,43500.0,PPG Industries Inc,US6935061076,Materials
PPL UN Equity,Utilities,31985.19921875,1484.02001953125,14.076000213623047,,,,62.85020065307617,0.09119000285863876,0.01955999992787838,,,,,,,,False,True,True,False,True,91.0,3.0,4.0,1.2000000476837158,15.100000381469727,10.699999809265137,26.0,32.06999969482422,1.0,0.6000000238418579,36.0,10.0,90.0,False,4.0,9.975000381469727,66.80000305175781,90.0,True,6.333330154418945,27.777799606323242,1.0,6.0,100.0,25061.099609375,26437.0,27101.099609375,25294.5,26518.0,29992.5,48.560001373291016,42.00600051879883,32.19900131225586,26.020000457763672,21.257999420166016,,4942.14990234375,7165.14990234375,6687.759765625,6345.72021484375,11159.599609375,12424.0,8224.5400390625,9397.91015625,7769.0,5474.0,5783.0,7902.0,8312.0,8462.0,9042.0,45680.0,48116.0,33223.0,37837.0,39236.0,41069.0,45244.0,4153.0,2694.0,2569.0,2627.0,2991.0,3097.0,3545.0,-3083.0,-2270.0,-1973.0,-2155.0,-2390.0,-2805.0,-4030.0,12280.0,12318.0,5607.0,6527.0,6629.0,6653.0,6546.0,PPL Corp,US69351T1060,Utilities
PRU UN Equity,Insurance,,123.80500030517578,,,,,,,,,,,,,,,,,True,,,,,,,,,46.099998474121094,,,,,11.0,81.81819915771484,False,4.0,8.704549789428711,64.90910339355469,81.81819915771484,True,1.5833300352096558,,1.0,9.0,99.0,10.170000076293945,11.069999694824219,13.347000122070312,12.776000022888184,13.609000205993652,,46.95600128173828,38.409000396728516,33.012001037597656,29.729000091552734,26.236000061035156,19.999000549316406,,328.91900634765625,294.0320129394531,373.34698486328125,353.87701416015625,410.1000061035156,255.54100036621094,,64807.0,57033.0,70934.0,56881.0,53979.0,70405.0,60774.0,896552.0,940722.0,937582.0,689029.0,721212.0,735587.0,773740.0,,,,,,,,0.0,0.0,0.0,0.0,0.0,0.0,0.0,51511.0,41671.0,40916.0,39854.0,40658.0,38196.0,36824.0,Prudential Financial Inc,US7443201022,Financials
PSA UN Equity,Equity Real Estate Investment,140.61700439453125,495.03399658203125,143.697998046875,2968.6201171875,,,31.2450008392334,0.0,,,,,,,,,False,True,True,False,True,203.0,,,,,,61.0,,0.0,1.1699999570846558,0.0,13.0,84.61540222167969,False,6.0,9.291669845581055,63.15380096435547,92.30770111083984,True,0.5,25.0,1.0,5.0,75.0,12.359999656677246,12.799699783325195,22.985000610351562,19.16699981689453,32.39899826049805,33.722999572753906,,86.90519714355469,73.45179748535156,116.2770004272461,112.09500122070312,107.40899658203125,106.89399719238281,,,,,13.625,290.1099853515625,,2855.108,2915.068,3415.824,4182.163,4517.69,4695.616,4824.113,11365.444,11816.546,17380.908,17552.307,19809.216,19754.934,20208.604,1979.81,1964.4070000000002,2393.972,3014.514,3262.661,3315.4320000000007,3387.906,-722.44,-981.679,-5329.087,-1071.455,-837.621,-594.327,-1256.322,5900.0,5400.0,5800.0,5900.0,6200.0,5900.0,5770.0,Public Storage,US74460D1090,Real Estate
PSKY UW Equity,Media & Entertainment,,501.3940124511719,,,,,,,,,,,,,,,False,False,True,False,False,,,,,,,51.16889953613281,48.947601318359375,,,,,85.71430206298828,,,1.475000023841858,,,,1.1666699647903442,,,,,,173.281005859375,181.21800231933594,45.96900177001953,,,,,122.14399719238281,173.11700439453125,115.08699798583984,,,,,1739.5899658203125,2361.7900390625,1996.5899658203125,,,,,28586.0,30154.0,29652.0,29213.0,28891.0,,,58620.0,58393.0,53543.0,46172.0,43342.0,,,7041.0,3108.0,292.0,-4583.0,2018.0,,,-354.0,-358.0,-328.0,-263.0,-296.0,,,22965.0,24500.0,21900.0,18600.0,17600.0,Paramount Skydance Corp,US69932A2042,Communication Services
PSX UN Equity,Energy,37100.0,149352.0,,144777.0,5.21999979019165,,240.0,40.0,159.0,,,116.0,0.7528049945831299,,,,False,True,True,False,True,15.0,0.0,0.0,,,,18.0,24.6914005279541,0.0,0.05000000074505806,29.0,14.0,92.85710144042969,True,7.0,3.4523799419403076,67.35710144042969,92.85710144042969,True,4.25,25.0,3.0,10.0,75.0,25500.0,30300.0,24800.0,31600.0,32200.0,31900.0,0.0,4600.0,,,,,5200.0,382000.0,313000.0,350000.0,354000.0,357000.0,367000.0,369000.0,107293.0,64129.0,111476.0,169990.0,147399.0,143153.0,132376.0,58720.0,54721.0,55594.0,76442.0,75501.0,72582.0,73680.0,4370.0,-3744.0,1015.0,14284.0,10726.0,4636.0,9516.0,-3873.0,-2920.0,-1860.0,-2194.0,-2418.0,-1859.0,-2233.0,14000.0,14000.0,14000.0,13000.0,14000.0,13200.0,12600.0,Phillips 66,US7185461040,Energy
PTC UW Equity,Software & Services,,16.719999313354492,,,,,,,,0.0,0.0,,,,Targets Set,1.5,False,True,True,False,True,,,,,0.6200000047683716,,30.399999618530273,,,,,9.0,88.88890075683594,False,4.0,5.072919845581055,59.777801513671875,88.88890075683594,True,2.666670083999634,33.33330154418945,1.0,9.0,,,,1.5852999687194824,1.6250499486923218,0.9625179767608643,,11.2701997756958,,,8.109000205993652,7.193999767303467,5.171000003814697,,8.072629928588867,,,38.60770034790039,41.87300109863281,37.5806999206543,,1255.631,1458.415,1807.159,1933.347,2097.053,2298.472,2739.226,2664.588,3382.738,4507.56,4687.268,6288.842,6383.542,6617.172,140.866,326.1,498.84399999999994,564.802,590.887,728.033,1116.8429999999998,-64.411,-20.196,-24.713,-19.496,-23.814,-14.378,-11.008,6055.0,6243.0,6709.0,6503.0,7231.0,7501.0,,PTC Inc,US69370C1009,Information Technology
PWR UN Equity,Capital Goods,,3310.830078125,,,,,,,,,,,,,,,,True,,,,,,,,,,11.0,,,0.20000000298023224,36.0,10.0,90.0,False,3.0,8.691670417785645,61.70000076293945,90.0,True,10.58329963684082,18.75,1.0,7.0,75.0,572.9810180664062,651.010986328125,834.0700073242188,899.823974609375,874.8369750976562,,2.9509999752044678,3.007999897003174,3.4690001010894775,6.335999965667725,8.097999572753906,12.864999771118164,,71.05699920654297,54.534000396728516,68.98999786376953,74.74400329589844,321.8819885253906,356.2560119628906,,12112.153,11202.672,12980.213,17073.903,20882.206,23672.795,28479.697,8331.682,8398.272,12855.189,13464.337,16237.225,18683.894,24926.901,956.839,1030.003,1189.0839999999998,1464.212,1793.3,2197.669,2651.4530000000004,-261.762,-260.052,-385.852,-427.63,-434.803,-604.078,-712.524,40300.0,35800.0,43700.0,47300.0,52500.0,58400.0,69500.0,Quanta Services Inc,US74762E1029,Industrials
PYPL UW Equity,Financial Services,77.5,231.5,,120.76000213623047,,,,,,,,,,,Targets Set,1.5,True,True,True,False,True,,,,,24.0,,41.70000076293945,35.599998474121094,,,,12.0,91.66670227050781,False,6.0,6.651519775390625,62.08330154418945,91.66670227050781,True,0.5833330154418945,46.15380096435547,1.0,6.0,75.0,3.002619981765747,2.5999999046325684,3.9000000953674316,3.5,2.0999999046325684,2.0999999046325684,98.92140197753906,108.5999984741211,99.0,101.4000015258789,86.80000305175781,79.0,75.4000015258789,59.542999267578125,13.519000053405762,473.5010070800781,507.0,503.1000061035156,467.20001220703125,567.4000244140625,17772.0,21454.0,25371.0,27518.0,29771.0,31797.0,33172.0,51333.0,70379.0,75803.0,78624.0,82166.0,81611.0,80173.0,3761.0,4638.0,5689.0,5317.0,6247.0,6512.0,7182.0,-704.0,-866.0,-908.0,-706.0,-623.0,-683.0,-852.0,23200.0,26500.0,30900.0,29900.0,27200.0,24400.0,23800.0,PayPal Holdings Inc,US70450Y1038,Financials
Q UN Equity,Semiconductors & Semiconductor,,,,,,,,,,,,,,,,,,,,,,,,,,,,,,,,,,,,,,,,,,,,,,,,,,,,,,,,,,,,,,,,,,,,,,,4335.0,4754.0,,,,,,12273.0,14070.0,,,,,,1270.0,1392.0,,,,,,-200.0,-285.0,,,,,,,,Qnity Electronics Inc,US74743L1008,Information Technology
QCOM UW Equity,Semiconductors & Semiconductor,355.98199462890625,973.0859985351562,,3422.739990234375,69.0,,6.9670000076293945,1.0269999504089355,3.312000036239624,,,,,,Targets Set,1.5,True,True,True,False,True,58.0,,,6.403900146484375,36.0077018737793,7.5,22.899999618530273,11.300000190734863,0.0,0.029999999329447746,,13.0,92.30770111083984,False,4.0,6.848480224609375,,92.30770111083984,True,5.75,22.222200393676758,1.0,6.0,75.0,112.47899627685547,106.65899658203125,104.8499984741211,80.58899688720703,84.46499633789062,44.87099838256836,,203.0469970703125,264.52099609375,286.35699462890625,318.9939880371094,300.4079895019531,311.1109924316406,111.25199890136719,2752.260009765625,3745.909912109375,6394.10009765625,5067.14013671875,3931.219970703125,4308.31982421875,24273.0,23531.0,33566.0,44200.0,35820.0,38962.0,44284.0,32957.0,35594.0,41240.0,49014.0,51040.0,55154.0,50143.0,9068.0,7829.0,11574.0,17829.0,9801.0,11961.0,14141.0,-887.0,-1407.0,-1888.0,-2262.0,-1450.0,-1041.0,-1192.0,37000.0,41000.0,45000.0,51000.0,50000.0,49000.0,52000.0,QUALCOMM Inc,US7475251036,Information Technology
RCL UN Equity,Consumer Services,,7816.7001953125,,,,,,,,,,,,,,,,True,True,True,True,,,,,11.600000381469727,,25.282400131225586,,,0.4519999921321869,87.0,13.0,92.30770111083984,True,4.0,13.442299842834473,67.30770111083984,92.30770111083984,True,4.75,18.181800842285156,1.0,5.0,75.0,2493.580078125,2579.27001953125,4979.83984375,5375.31982421875,5696.85009765625,,14.489999771118164,8.5649995803833,10.767000198364258,10.100000381469727,10.166000366210938,10.939000129699707,,4152.7001953125,,,,5993.9599609375,7335.56005859375,,10950.661,2208.805,1532.133,8840.0,13900.0,16484.0,17935.0,30320.284,32465.187,32258.355,33776.361,35131.0,37070.0,41619.0,3451.574,-3231.028,-2517.308,808.6890000000001,4559.0,5947.0,6874.0,-3024.663,-1965.131,-2229.704,-2710.063,-3897.0,-3268.0,-5229.0,8200.0,6900.0,7600.0,8100.0,9600.0,10850.0,11400.0,Royal Caribbean Cruises Ltd,LR0008862868,Consumer Discretionary
RDDT UN Equity,Media & Entertainment,,,,,,,,,,,,,,,,,False,False,False,False,False,,,,,,,,,,,,8.0,87.5,False,3.0,6.645830154418945,55.25,87.5,False,11.25,40.0,1.0,4.0,75.0,,,,,,,,,,,,,,,,,,,,,,,484.916,666.701,804.029,1300.205,2202.506,,,,1599.711,1596.467,2336.595,3239.173,,,-124.39999999999999,-153.085,-113.397,-537.694,465.688,,,-2.299,-6.233,-9.724,-6.248,-6.706,,,,,,2233.0,2555.0,Reddit Inc,US75734B1008,Communication Services
REG UW Equity,Equity Real Estate Investment,21.797000885009766,72.44300079345703,8.279999732971191,1527.219970703125,,,144.7969970703125,,35.93899917602539,,,,,,Targets Set,Well-below 2,False,True,True,False,True,1.0,,,,2.19635009765625,11.0,59.0,23.0,0.0,0.0,0.0,12.0,83.33329772949219,False,6.0,8.28030014038086,63.91669845581055,83.33329772949219,True,6.75,,1.0,6.0,75.0,0.0,0.0,0.0,3.2230000495910645,3.178999900817871,3.3540000915527344,29.150999069213867,0.0,0.0,0.0,24.84000015258789,22.27199935913086,18.44300079345703,312.6910095214844,492.1579895019531,370.87701416015625,292.97198486328125,331.9490051269531,293.85400390625,292.62799072265625,1133.138,1016.175,1166.161,1224.022,1322.466,1453.904,1553.524,11132.253,10936.904,10792.563,10860.22,12426.913,12391.961,13001.283,762.406,501.377,773.681,809.931,839.262,927.629,1007.505,-422.581,-197.571,-569.682,-365.057,-232.855,-343.368,-435.112,450.0,450.0,432.0,445.0,497.0,500.0,507.0,Regency Centers Corp,US7588491032,Real Estate
REGN UW Equity,"Pharmaceuticals, Biotechnology",150.10000610351562,727.625,130.1199951171875,1660.0,,,8.6899995803833,1.309999942779541,1.8497999906539917,,,,,,,,False,True,True,False,True,63.0,,,,2803.0,7.400000095367432,50.0,36.0,0.0,0.2199999988079071,,13.0,84.61540222167969,True,4.0,19.48080062866211,71.92310333251953,84.61540222167969,True,38.75,,3.0,15.0,94.8718032836914,58.20000076293945,64.80000305175781,65.80000305175781,69.5999984741211,80.30000305175781,89.98999786376953,36.5,33.20000076293945,38.099998474121094,46.400001525878906,53.099998474121094,57.0,60.099998474121094,559.8499755859375,768.698974609375,821.760986328125,689.2420043945312,872.8759765625,1344.800048828125,1103.3499755859375,6557.6,8497.1,16071.7,12172.9,13117.2,14202.0,14342.9,14805.2,17163.3,25434.8,29214.5,33080.2,37759.4,40558.7,2420.1000000000004,3812.5,9233.0,5080.299999999999,4468.1,4510.099999999999,4157.400000000001,-429.6,-614.6,-551.9,-820.4,-773.5,-772.4,-901.7,8100.0,9123.0,10368.0,11851.0,13450.0,15106.0,15410.0,Regeneron Pharmaceuticals Inc,US75886F1075,Health Care
RF UN Equity,Banks,,156.11300659179688,,,,,,,,0.0,0.0,,,,,,,True,True,,True,,,,,,,61.0,31.25,,,,14.0,92.85710144042969,True,5.0,7.903850078582764,65.21430206298828,92.85710144042969,True,8.25,27.2726993560791,1.0,9.0,75.0,4.27400016784668,4.800000190734863,5.341000080108643,6.0269999504089355,6.197999954223633,,92.32099914550781,75.60600280761719,60.516998291015625,58.04999923706055,59.55500030517578,50.691001892089844,,8.447999954223633,2.440000057220459,2.4519999027252197,11.925000190734863,32.089599609375,23.520999908447266,,6696.0,6655.0,6585.0,8207.0,9153.0,9373.0,9608.0,126240.0,147389.0,162938.0,155220.0,152194.0,157302.0,158814.0,,,,,,,,-178.0,-134.0,-91.0,-90.0,-186.0,-174.0,-155.0,19564.0,19406.0,19626.0,20073.0,20101.0,20000.0,19969.0,Regions Financial Corp,US7591EP1005,Financials
RJF UN Equity,Financial Services,,116.55699920654297,,,,,,,,,,,,,,,False,True,True,False,True,,,,,,,44.0,12.239999771118164,,,,13.0,84.61540222167969,False,6.0,7.6875,63.923099517822266,84.61540222167969,True,1.6666699647903442,,1.0,4.0,100.0,1.1495000123977661,0.9674100279808044,0.3924899995326996,0.5698999762535095,,,,28.92930030822754,38.88819885253906,39.344398498535156,38.54330062866211,,,,,,,,,,8023.0,8168.0,9910.0,11308.0,12992.0,14923.0,15912.0,38830.0,47482.0,61891.0,80951.0,78360.0,82992.0,88230.0,1770.0,1447.0,2185.0,2590.0,3951.0,5066.0,4904.0,-138.0,-124.0,-74.0,-91.0,-173.0,-205.0,-188.0,14200.0,14800.0,15000.0,17000.0,18000.0,19000.0,19500.0,Raymond James Financial Inc,US7547301090,Financials
RL UN Equity,Consumer Durables & Apparel,,237.0,,,,,,,,,,,,,Targets Set,1.5,,True,,,,,,,,,,65.0,,,,,12.0,75.0,False,4.0,10.548600196838379,64.58329772949219,75.0,True,9.25,50.0,1.0,6.0,75.0,16.24799919128418,14.680999755859375,11.581999778747559,12.206000328063965,14.678999900817871,13.526000022888184,,84.2239990234375,77.85399627685547,68.05400085449219,60.80799865722656,58.60100173950195,61.60599899291992,,1538.0799560546875,1144.030029296875,1192.25,1242.56005859375,1205.6300048828125,1218.0,6313.0,6159.8,4400.8,6218.5,6443.6,6631.4,7079.0,5942.8,7279.9,7887.5,7724.7,6789.5,6602.6,7047.3,843.0999999999999,905.6,525.7,1321.6,1210.8000000000002,1273.8999999999999,1436.8,-197.7,-270.3,-107.8,-166.9,-217.5,-164.8,-216.2,11300.0,13700.0,12100.0,13500.0,14900.0,14800.0,15000.0,Ralph Lauren Corp,US7512121010,Consumer Discretionary
RMD UN Equity,Health Care Equipment & Servic,,68.79640197753906,,,,,,,,,,,,,Removed,,,,,,,,,,,,13.0,53.630001068115234,35.0,,0.3199999928474426,,,81.81819915771484,True,,11.18179988861084,,,True,13.58329963684082,23.076900482177734,1.0,4.0,,,2.4179999828338623,3.87962007522583,4.884610176086426,4.227519989013672,3.9570000171661377,,,22.246000289916992,21.36910057067871,23.93549919128418,24.41659927368164,23.572999954223633,,,1684.9300537109375,2029.1600341796875,2783.2099609375,1584.9000244140625,,2606.572,2957.013,3196.825,3578.127,4222.993,4685.297,5146.327,4107.682,4587.376,4728.125,5095.853,6751.708,6872.394,8174.391,730.058,991.009,1095.936,1195.195,1330.627,1537.5629999999999,1922.836,-68.71,-95.33,-102.712,-134.835,-119.672,-99.46,-89.865,7240.0,7770.0,7970.0,8160.0,10140.0,9980.0,10600.0,ResMed Inc,US7611521078,Health Care
ROK UN Equity,Capital Goods,90.50800323486328,279.37298583984375,,,,,13.975000381469727,0.5590000152587891,12.71720027923584,,,0.0,0.0,,Targets Set,1.5,True,True,True,False,True,,,,,8.399999618530273,,33.0,,0.0,,,11.0,90.90910339355469,True,5.0,7.462120056152344,62.818199157714844,90.90910339355469,True,10.25,28.571399688720703,3.0,6.0,,20.538999557495117,18.64900016784668,26.280000686645508,24.44300079345703,23.222999572753906,23.226999282836914,95.67980194091797,87.56099700927734,91.0510025024414,83.21800231933594,85.52200317382812,67.7249984741211,67.28099822998047,,,,15331.0,19354.0,12267.599609375,,6694.8,6329.8,6997.4,7760.4,9058.0,8264.0,8342.0,6113.0,7264.7,10701.6,10758.7,11304.0,11232.0,11219.0,1513.8,1392.7,1517.3,1677.8,2043.9,1619.0,1863.0,-132.8,-113.9,-120.3,-141.1,-160.5,-225.0,-186.0,23000.0,23500.0,24500.0,26000.0,29000.0,27000.0,26000.0,Rockwell Automation Inc,US7739031091,Industrials
ROL UN Equity,Commercial & Professional Serv,,,,,,,,,,,,,,,,,,True,,,,,,,,,,,,,,2.0,12.0,66.66670227050781,False,4.0,5.423610210418701,66.25,66.66670227050781,True,3.75,20.0,1.0,4.0,,,,,,,,,,,,,,,,,,,,,,2015.477,2161.22,2424.3,2695.823,3073.278,3388.708,3761.05,1744.376,1845.9,2021.54,2122.028,2595.46,2819.695,3140.523,425.033,534.672,627.4090000000001,682.478,793.6049999999999,903.864,1010.736,-27.146,-23.229,-27.194,-30.628,-32.465,-27.572,-28.086,,,,,19031.0,20265.0,21946.0,Rollins Inc,US7757111049,Industrials
ROP UW Equity,Software & Services,,80.66290283203125,,,,,,,,,,,,,Removed,,,,,,,,,,,,,,,,,,9.0,88.88890075683594,False,4.0,10.342599868774414,66.55560302734375,88.88890075683594,True,8.083330154418945,10.0,1.0,8.0,75.0,,7.0024800300598145,4.810470104217529,7.312079906463623,3.7446401119232178,,,,24.759700775146484,21.993099212646484,24.38920021057129,22.80590057373047,,,,,,310.33599853515625,315.6809997558594,,4727.7,4854.2,4833.8,5371.8,6177.8,7039.2,7902.5,18108.9,24024.8,23713.9,26980.8,28167.5,31334.7,34577.0,1803.0,1844.4,1908.0,2223.2999999999997,2551.0,2863.5,3193.7000000000003,-53.2,-46.0,-58.2,-70.3,-108.0,-111.0,-104.7,16460.0,18400.0,19300.0,15800.0,16800.0,18200.0,19400.0,Roper Technologies Inc,US7766961061,Information Technology
ROST UW Equity,Consumer Discretionary Distrib,,892.9710083007812,,,,,,,,,,,,,,,,,True,,,,,,,,,79.0,46.9026985168457,,,0.0,11.0,72.72730255126953,False,3.0,12.388899803161621,65.45449829101562,72.72730255126953,True,1.6666699647903442,25.0,1.0,5.0,75.0,20.81599998474121,20.81599998474121,24.826000213623047,29.832000732421875,28.694000244140625,37.7859992980957,242.51100158691406,205.8979949951172,205.8979949951172,229.9770050048828,245.53599548339844,238.26400756835938,230.71800231933594,59.6619987487793,57.53200149536133,57.53200149536133,98.41300201416016,100.60399627685547,102.60600280761719,608.5969848632812,14983.541,16039.073,12531.565,18916.244,18695.829,20376.941,21129.219,6073.691,9348.367,12717.867,13640.256,13416.463,14300.109,14905.332,2940.871,3136.6189999999997,1223.2939999999999,3380.719,3106.326,3487.3630000000003,3833.2079999999996,-413.898,-555.483,-405.433,-557.84,-654.07,-762.812,-720.104,88100.0,92500.0,93700.0,100000.0,101000.0,108000.0,107000.0,Ross Stores Inc,US7782961038,Consumer Discretionary
RSG UN Equity,Commercial & Professional Serv,,8394.1396484375,,,,,,,,,,,,,Targets Set,Well-below 2,,,True,,True,,,,,,,19.806900024414062,20.588199615478516,,,22.0,12.0,91.66670227050781,False,5.0,7.653850078582764,59.41669845581055,91.66670227050781,True,5.333330154418945,54.545501708984375,1.0,5.0,75.0,16005.400390625,15499.2001953125,15462.0,14622.5,13608.5,,206.1219940185547,208.19500732421875,197.11300659179688,182.7760009765625,186.58200073242188,180.66000366210938,,1974.75,1868.52001953125,1923.9000244140625,1951.3900146484375,2010.68994140625,2012.3399658203125,,10299.4,10153.6,11295.0,13511.3,14964.5,16032.0,16591.0,22683.8,23434.0,24955.0,29052.9,31410.1,32402.0,34366.0,2951.2000000000003,2911.8999999999996,3388.9999999999995,3888.3999999999996,4439.7,5030.0,5292.0,-1207.1,-1194.6,-1316.3,-1454.0,-1631.1,-1855.0,-1887.0,36000.0,35000.0,35000.0,40000.0,41000.0,42000.0,42000.0,Republic Services Inc,US7607591002,Industrials
RTX UN Equity,Capital Goods,1453.06005859375,5175.43017578125,465.78900146484375,5949.56982421875,,,124.65899658203125,23.70599937438965,64.82270050048828,,0.5275999903678894,,,,,,False,True,True,False,True,549.0,,,,42.599998474121094,,25.299999237060547,33.0,1.0,,17.770000457763672,11.0,90.90910339355469,True,4.0,6.74167013168335,66.45449829101562,90.90910339355469,True,2.416670083999634,20.0,1.0,6.0,99.0,536.5650024414062,510.3999938964844,506.70001220703125,532.4019775390625,542.22900390625,523.9849853515625,1163.43994140625,1002.0399780273438,941.7000122070312,936.0999755859375,939.4409790039062,977.7520141601562,929.0709838867188,11061.2001953125,15678.2001953125,24629.5,22051.69921875,28252.099609375,27147.69921875,27313.099609375,45349.0,56587.0,64388.0,67074.0,68920.0,80738.0,88603.0,139615.0,162153.0,161404.0,158864.0,161869.0,162861.0,171079.0,7622.0,2267.0,9515.0,10087.0,8235.0,11324.0,14173.0,-1868.0,-1795.0,-2134.0,-2288.0,-2415.0,-2625.0,-2627.0,243200.0,181000.0,174000.0,182000.0,185000.0,186000.0,180000.0,RTX Corp,US75513E1010,Industrials
RVTY UN Equity,"Pharmaceuticals, Biotechnology",27.680999755859375,93.7947006225586,30.820499420166016,,,,2.493000030517578,0.6069999933242798,0.8299999833106995,,,,,,Removed,,False,True,True,False,True,38.0,0.0,0.0,,,,47.0,39.0,0.0,0.28999999165534973,,10.0,90.0,False,5.0,9.300000190734863,63.5,90.0,True,6.833330154418945,30.0,1.0,8.0,75.0,9.218999862670898,7.558000087738037,3.440999984741211,3.421999931335449,4.269000053405762,4.2820000648498535,25.566999435424805,27.74799919128418,31.677000045776367,30.260000228881836,28.22800064086914,23.69700050354004,23.398000717163086,7.795000076293945,1.569000005722046,,,,,103.4540023803711,2883.673,3782.745,3827.808,3311.822,2750.571,2755.026,2856.051,6538.564,7960.315,15000.554,14129.855,13564.665,12392.478,12168.411,637.2030000000001,1282.065,1609.4160000000002,1209.688,780.069,815.5469999999999,809.8369999999999,-76.331,-77.506,-86.02,-85.632,-81.368,-86.648,-73.522,13000.0,14000.0,16700.0,16700.0,16700.0,11000.0,11000.0,Revvity Inc,US7140461093,Health Care
SBAC UW Equity,Equity Real Estate Investment,31.899999618530273,92.0,22.299999237060547,61.20000076293945,,,0.6370000243186951,,0.08399999886751175,,,,,,Targets Set,1.5,False,True,True,False,True,14.0,,1.0,2.299999952316284,,17.600000381469727,40.79999923706055,22.200000762939453,0.0,0.10000000149011612,16.0,10.0,80.0,False,5.0,14.691699981689453,64.0999984741211,80.0,True,2.75,14.285699844360352,3.0,6.0,75.0,6.199999809265137,6.599999904632568,11.100000381469727,10.300000190734863,10.399999618530273,9.300000190734863,13.800000190734863,19.5,18.600000381469727,21.100000381469727,19.399999618530273,21.899999618530273,22.600000381469727,12.899999618530273,82.0,62.20000076293945,167.0,207.89999389648438,214.0,216.5,2014.645,2083.138,2308.834,2633.454,2711.584,2679.634,2815.139,9759.941,9158.018,9801.699,10585.041,10178.441,11417.336,11575.012,1547.247,1616.283,1743.346,1908.887,1930.1369999999997,1983.723,1928.343,-154.236,-128.566,-133.694,-214.443,-236.698,-228.149,-224.819,1475.0,1483.0,1596.0,1834.0,1787.0,1720.0,1844.0,SBA Communications Corp,US78410G1040,Real Estate
SBUX UW Equity,Consumer Services,1242.2900390625,2799.510009765625,,53180.0,,,,,,,,,,,Targets Set,1.5,True,True,True,False,True,,,,,1.899999976158142,,,,,,,11.0,90.90910339355469,True,5.0,3.939389944076538,56.181800842285156,90.90910339355469,True,2.083329916000366,46.15380096435547,1.0,5.0,75.0,309.57000732421875,350.42401123046875,404.14801025390625,398.82501220703125,388.385009765625,382.4469909667969,819.9199829101562,794.385986328125,778.0020141601562,789.4249877929688,835.4769897460938,779.9080200195312,859.8419799804688,11939.900390625,12287.7001953125,13281.2998046875,13985.7001953125,12458.2998046875,12447.599609375,12939.900390625,26508.6,23518.0,29060.6,32250.3,35975.6,36176.2,37184.4,19219.6,29374.5,31392.6,27978.4,29445.5,31339.3,32019.7,5527.2,4638.5,7975.400000000001,7702.000000000001,8922.1,8724.7,6805.1,-1806.6,-1483.6,-1470.0,-1841.3,-2333.6,-2777.5,-2305.5,346000.0,349000.0,383000.0,402000.0,381000.0,361000.0,381000.0,Starbucks Corp,US8552441094,Consumer Discretionary
SCHW UN Equity,Financial Services,,260.0530090332031,,,,,,,,,,,,,,,,,,,,,,,,,,37.45000076293945,33.040000915527344,,,,14.0,71.42859649658203,False,4.0,15.31410026550293,68.92859649658203,78.57140350341797,False,1.75,26.086999893188477,3.0,9.0,75.0,2.631999969482422,5.008840084075928,8.409000396728516,6.499000072479248,,,54.2599983215332,49.5369987487793,78.97160339355469,90.5989990234375,88.48100280761719,,,14.168999671936035,1.3839999437332153,0.7456099987030029,5.665999889373779,4.803999900817871,,,11785.0,12109.0,18996.0,22307.0,25521.0,25999.0,27675.0,294005.0,549009.0,667270.0,551772.0,493178.0,479843.0,490995.0,6261.0,5488.0,9573.0,12423.0,14660.0,15735.0,16790.0,-708.0,-631.0,-916.0,-971.0,-700.0,-620.0,-548.0,19700.0,32000.0,33400.0,35300.0,35900.0,32100.0,33000.0,Charles Schwab Corp/The,US8085131055,Financials
SHW UN Equity,Materials,670.7490234375,2525.669921875,290.38800048828125,3628.0,,,,,,,,,,,,,False,True,True,False,True,867.0,0.0,0.0,,7.515679836273193,,24.0,,0.0,,,9.0,88.88890075683594,True,4.0,6.2129597663879395,63.222198486328125,88.88890075683594,True,2.75,27.2726993560791,1.0,7.0,75.0,399.72698974609375,387.9079895019531,427.0350036621094,434.5409851074219,439.0369873046875,418.3580017089844,323.49200439453125,284.3909912109375,271.93499755859375,278.8370056152344,265.7820129394531,256.93701171875,252.39100646972656,17.479000091552734,7682.6298828125,7912.77978515625,7910.169921875,7515.39990234375,19030.5,18123.30078125,17900.8,18361.7,19944.6,22148.9,23051.9,23098.5,23574.3,20496.2,20401.6,20666.7,22594.0,22954.4,23632.6,25901.7,3315.0,3907.2000000000003,3609.5,4082.0,4718.7,4998.2,5081.5,-328.9,-303.8,-372.0,-644.5,-888.4,-1070.0,-797.6,61111.0,61031.0,61626.0,64366.0,45017.0,63890.0,64249.0,Sherwin-Williams Co/The,US8243481061,Materials
SJM UN Equity,"Food, Beverage & Tobacco",,1339.0699462890625,,,,,,,,,,,,,Targets Set,Well-below 2,,True,,,,,,,,,,34.77000045776367,40.0,,,21.0,11.0,90.90910339355469,True,4.0,6.416669845581055,60.181800842285156,90.90910339355469,True,10.41670036315918,42.85710144042969,1.0,11.0,75.0,171.3560028076172,200.79600524902344,175.22999572753906,175.22999572753906,174.8300018310547,165.41400146484375,199.3419952392578,175.8509979248047,174.50599670410156,47.86399841308594,186.4340057373047,158.96400451660156,176.56700134277344,,6864.93017578125,7769.0400390625,7769.0400390625,7223.16015625,5539.27001953125,5408.22998046875,7838.0,7801.0,8002.7,7998.9,8529.2,8178.7,8726.1,16711.3,16970.4,16284.2,16055.0,14991.4,20273.7,17563.3,1374.9,1717.0,1881.0,1525.2,630.7,1786.3,-125.19999999999999,-359.8,-269.3,-306.7,-417.5,-477.4,-586.5,-393.8,7400.0,7300.0,7100.0,6700.0,5800.0,9000.0,8000.0,J M Smucker Co/The,US8326964058,Consumer Staples
SLB UN Equity,Energy,1185.0,4570.0,336.0,2497.0,5.440000057220459,,96.0,,46.0,,,4.0,0.0023849999997764826,,Committed,,True,True,True,False,True,239.0,1.0,1.0,,,,21.200000762939453,24.200000762939453,0.0,0.07000000029802322,23.0,9.0,77.77780151367188,False,3.0,6.268519878387451,63.777801513671875,88.88890075683594,True,7.166669845581055,23.076900482177734,1.0,6.0,75.0,1423.8199462890625,1368.93994140625,1482.8800048828125,1011.9000244140625,989.8770141601562,845.0,541.8920288085938,447.7980041503906,0.0,401.260986328125,312.0,373.0,340.0,46577.0,30137.19921875,27375.400390625,34849.0,38823.5,34120.0,33789.0,32917.0,23601.0,22929.0,28091.0,33135.0,36289.0,35708.0,56312.0,42434.0,41511.0,43135.0,47957.0,48935.0,54868.0,-6306.0,-6932.0,6085.0,7498.0,9155.0,9723.0,8511.0,-1724.0,-1116.0,-1141.0,-1618.0,-1939.0,-1931.0,-1694.0,105000.0,86000.0,92000.0,99000.0,111000.0,110000.0,109000.0,SLB Ltd,AN8068571086,Energy
SMCI UW Equity,Technology Hardware & Equipmen,,82.35399627685547,,,,,,,,,,,,,Targets Set,1.5,,,,,,,,,,,,,,,,0.0,8.0,75.0,True,3.0,13.20829963684082,69.375,75.0,True,33.08330154418945,25.0,3.0,24.0,75.0,3.7219998836517334,3.1540000438690186,4.2230000495910645,6.447999954223633,6.5960001945495605,,5.98199987411499,2.8008599281311035,4.848999977111816,11.737000465393066,14.36299991607666,17.68000030517578,,12805.400390625,13184.2001953125,9514.2802734375,3856.179931640625,3773.449951171875,3479.9599609375,,3500.36,3339.281,3557.422,5196.099,7123.482,14989.251,21972.042,1682.594,1918.646,2241.964,3205.077,3674.729,9826.092,14018.429,121.435,121.119,159.959,375.90299999999996,796.046,1251.7589999999998,1311.338,-24.849,-44.338,-58.016,-45.182,-36.793,-124.279,-127.214,3670.0,3987.0,4155.0,4607.0,5126.0,5684.0,6238.0,Super Micro Computer Inc,US86800U3023,Information Technology
SNA UN Equity,Capital Goods,89.04100036621094,333.7279968261719,35.37519836425781,518.625,,,37.689998626708984,1.8250000476837158,23.481000900268555,,,,,,,,False,True,True,False,True,,,,,,,,,0.0,,18.0,10.0,90.0,True,3.0,16.649999618530273,72.5,90.0,False,18.83329963684082,,1.0,7.0,75.0,,,40.67900085449219,40.60100173950195,32.49399948120117,34.01599884033203,,,,61.125999450683594,58.42100143432617,56.590999603271484,55.025001525878906,,,,,,,,4067.7,3942.2,4601.7,4842.5,5108.3,5108.4,5156.1,5693.5,6557.3,6759.7,6972.8,7544.9,7896.8,8412.3,1079.8,1001.8000000000001,1253.7,1331.7,1437.1000000000001,1475.9,1461.2,-99.4,-65.6,-70.1,-84.2,-95.0,-83.5,-76.0,12800.0,12300.0,12800.0,12900.0,13200.0,13000.0,13000.0,Snap-on Inc,US8330341012,Industrials
SNDK UW Equity,Technology Hardware & Equipmen,,,,,,,,,,,,,,,,,,True,,,True,,,,,,,,,,,,,85.71430206298828,,,1.5833300352096558,,,,1.6666699647903442,25.0,,,,,,,,,,,,,,,,,,,,,,,,,,,9754.0,6086.0,6663.0,7355.0,,,,,13820.0,13506.0,12985.0,,,,,,,-1214.0,,,,,,,-204.0,,,,,,,11000.0,Sandisk Corp,US80004C2008,Information Technology
SNPS UW Equity,Software & Services,56.27199935913086,162.07200622558594,,,,,,,,,,,,,Targets Set,1.5,,,,,True,,,,,,,25.0,13.0,,,,11.0,72.72730255126953,False,3.0,11.0,64.18180084228516,81.81819915771484,False,2.75,33.33330154418945,1.0,7.0,75.0,3.0409998893737793,4.104440212249756,5.8643999099731445,3.697000026702881,2.6154398918151855,3.615999937057495,35.125,29.865299224853516,34.592098236083984,36.4379997253418,46.457000732421875,51.2130012512207,52.65599822998047,205.718994140625,144.93800354003906,22.722999572753906,202.95399475097656,239.05999755859375,221.1479949951172,311.2850036621094,3360.694,3685.281,4204.193,5081.542,5318.014,6127.436,7054.178,6405.16,8030.062,8752.26,9418.087,10333.131,13073.561,48224.461,875.9569999999999,984.9479999999999,1097.012,1555.441,1693.229,1816.585,1746.316,-198.129,-154.717,-93.764,-136.589,-189.618,-123.161,-169.454,13896.0,15036.0,16361.0,19000.0,20300.0,20000.0,28135.0,Synopsys Inc,US8716071076,Information Technology
SO UN Equity,Utilities,,,,,,,,,,,,,,,,,,True,True,,True,,,,,,6.300000190734863,26.0,26.0,0.0,0.6000000238418579,32.0,14.0,92.85710144042969,True,5.0,6.902780055999756,68.07140350341797,92.85710144042969,True,3.416670083999634,16.66670036315918,1.0,8.0,75.0,75112.0,82465.3984375,84875.1015625,79264.1015625,79253.1015625,,207.13600158691406,204.60499572753906,174.09500122070312,236.35899353027344,306.4739990234375,265.06298828125,,38790.0,36614.69921875,34845.80078125,38517.80078125,35819.0,34242.8984375,,21419.0,20375.0,23113.0,29279.0,25253.0,26724.0,29553.0,118700.0,122935.0,127534.0,134891.0,139331.0,145180.0,155720.0,11377.0,9099.0,7984.0,9731.0,11064.0,12582.0,13586.0,-7954.0,-7808.0,-7687.0,-8585.0,-9708.0,-9603.0,-13409.0,27943.0,27700.0,27300.0,27700.0,28100.0,28600.0,29800.0,Southern Co/The,US8425871071,Utilities
SOLV UN Equity,Health Care Equipment & Servic,186.30999755859375,562.52099609375,180.80099487304688,951.0,,,31.281999588012695,1.99399995803833,11.086000442504883,,,,,,Committed,,False,True,True,False,True,107.0,0.0,0.0,,,12.199999809265137,47.29999923706055,,0.0,0.23999999463558197,,12.0,91.66670227050781,False,4.0,2.5,64.83329772949219,91.66670227050781,True,2.583329916000366,52.941200256347656,3.0,7.0,75.0,,,,,146.0,96.88600158691406,,,,,,104.0,89.42400360107422,,,,,,1718.760009765625,1796.9599609375,,,8171.0,8130.0,8197.0,8254.0,8325.0,,,,13594.0,13943.0,14457.0,14294.0,,,2476.0,2303.0,2281.0,1666.0,2792.0,,,-277.0,-251.0,-290.0,-380.0,-379.0,,,,,,,20000.0,Solventum Corp,US83444M1018,Health Care
SPG UN Equity,Equity Real Estate Investment,185.35400390625,2732.89990234375,5.947649955749512,10906.7998046875,,,189.96200561523438,0.543429970741272,47.21799850463867,,,,,,Targets Set,1.5,False,False,True,False,True,,,,,,,43.189998626708984,34.2400016784668,,,,13.0,76.92310333251953,True,6.0,10.743599891662598,65.76920318603516,84.61540222167969,True,0.5833330154418945,,1.0,6.0,75.0,21.315000534057617,21.700000762939453,22.792999267578125,22.240999221801758,15.87600040435791,21.405000686645508,213.5760040283203,156.93699645996094,170.55799865722656,174.2740020751953,170.07400512695312,150.47500610351562,163.94900512695312,971.3300170898438,832.1199951171875,789.7559814453125,974.3790283203125,954.176025390625,878.8720092773438,812.3980102539062,5755.189,4607.503,5116.789,5291.447,5658.836,5963.798,6364.505,31231.63,34786.846,33777.379,33011.274,34283.495,32405.691,40606.466,4337.264999999999,3357.458,3770.872,3905.923,4174.718,4488.175,4766.813,0.0,0.0,0.0,0.0,0.0,0.0,0.0,4500.0,3300.0,3300.0,3300.0,2500.0,3000.0,3600.0,Simon Property Group Inc,US8288061091,Real Estate
SPGI UN Equity,Financial Services,23.917999267578125,45.36000061035156,41.999000549316406,,,,3.5752100944519043,,3.172420024871826,,,,,,Targets Set,1.5,True,True,True,False,True,0.0,,,20.700000762939453,16.899999618530273,11.699999809265137,38.900001525878906,36.099998474121094,0.0,0.0,2.0,9.0,88.88890075683594,False,6.0,6.099999904632568,60.777801513671875,88.88890075683594,True,1.9166699647903442,23.076900482177734,1.0,9.0,75.0,1.622849941253662,0.8019999861717224,3.7170000076293945,1.9830000400543213,2.2679998874664307,1.277999997138977,29.506000518798828,17.06559944152832,12.420000076293945,22.785999298095703,24.1299991607666,25.878000259399414,22.639999389648438,693.77197265625,430.05499267578125,200.8520050048828,296.7489929199219,340.5050048828125,435.3869934082031,413.42999267578125,6699.0,7442.0,8297.0,11181.0,12497.0,14208.0,15336.0,11348.0,12537.0,15026.0,61784.0,60589.0,60221.0,61200.0,3569.0,3961.0,4521.0,6099.0,5281.0,6869.0,7755.0,-115.0,-76.0,-35.0,-89.0,-143.0,-124.0,-195.0,22500.0,23000.0,22850.0,39950.0,40450.0,42350.0,44500.0,S&P Global Inc,US78409V1044,Financials
SRE UN Equity,Utilities,,24838.099609375,,,,,,,,,,,,,,,,True,True,,True,,,,,,,28.0,,,0.36000001430511475,43.0,11.0,81.81819915771484,True,5.0,7.462120056152344,63.181800842285156,90.90910339355469,True,8.416669845581055,41.66669845581055,1.0,7.0,75.0,6700.0,6836.419921875,7200.0,6751.419921875,6658.81982421875,,220.58599853515625,151.0,241.03500366210938,489.0,505.9700012207031,557.5759887695312,,66419.796875,66129.6015625,66210.6015625,66600.0,67000.0,66023.6015625,,10829.0,11370.0,12857.0,14439.0,16720.0,13185.0,13702.0,65665.0,66623.0,72045.0,78574.0,87181.0,96155.0,110878.0,4312.0,4280.0,3234.0,4400.0,6042.0,5517.0,5807.0,-3708.0,-4676.0,-5015.0,-5295.0,-8346.0,-8162.0,-10545.0,13969.0,14706.0,15390.0,15785.0,16835.0,16773.0,15938.0,Sempra,US8168511090,Utilities
STE UN Equity,Health Care Equipment & Servic,,,,,,,,,,,,,,,Committed,,,True,True,,True,185.0,,,,,13.0,33.2599983215332,30.612199783325195,,0.3199999928474426,12.0,9.0,88.88890075683594,False,5.0,8.194439888000488,64.77780151367188,88.88890075683594,True,5.25,33.33330154418945,1.0,5.0,75.0,,,,63.194000244140625,57.542999267578125,56.66400146484375,,,,,77.04000091552734,96.29100036621094,83.89600372314453,,,,,420.57501220703125,321.01300048828125,336.3599853515625,2782.17,3030.895,3107.519,4223.403,4536.266,5138.701,5459.515,5073.071,5440.867,6574.471,11423.594,10821.839,11063.697,10146.811,637.386,762.533,798.692,1071.432,1383.471,1442.692,1389.338,-189.715,-214.516,-239.262,-287.563,-361.969,-360.326,-370.091,12000.0,13000.0,13000.0,16422.0,17100.0,18179.0,18000.0,STERIS PLC,IE00BFY8C754,Health Care
STLD UW Equity,Materials,,18941.5,,,,,,,,,,,,,,,,True,True,,,,,,,,,11.149999618530273,6.449999809265137,,0.3400000035762787,4.0,9.0,77.77780151367188,True,5.0,12.452400207519531,66.0,88.88890075683594,True,14.75,11.111100196838379,1.0,7.0,75.0,2376.860107421875,2492.330078125,2719.800048828125,2750.3701171875,2847.43994140625,,2646.639892578125,2965.580078125,2838.989990234375,3398.320068359375,3407.929931640625,3166.639892578125,,,3585.360107421875,3514.340087890625,5842.81005859375,6360.1201171875,6355.22021484375,,10464.991,9601.482,18408.85,22260.774,18795.316,17540.39,18176.581,8275.765,9265.562,12531.234,14159.984,14908.42,14935.233,16419.78,1328.062,1194.231,4671.258,5499.724,3616.885,2449.344,2055.2760000000003,-451.945,-1198.055,-1006.239,-908.902,-1657.905,-1868.006,-948.025,8385.0,9625.0,10640.0,12060.0,12600.0,13000.0,14400.0,Steel Dynamics Inc,US8581191009,Materials
STT UN Equity,Financial Services,59.154998779296875,187.4239959716797,,299.0,,,2.1540000438690186,,,,,,,,,,True,True,True,False,True,,,,,,,43.75,36.0,,,2.5999999046325684,12.0,91.66670227050781,True,4.0,7.1089701652526855,66.83329772949219,91.66670227050781,True,7.75,34.21049880981445,1.0,7.0,75.0,11.234999656677246,11.237000465393066,9.902000427246094,10.402999877929688,7.204999923706055,7.502999782562256,83.15299987792969,71.39399719238281,60.529998779296875,60.63399887084961,54.56800079345703,52.4739990234375,51.652000427246094,90.875,37.487998962402344,11.163999557495117,31.759000778198242,303.8810119628906,309.88800048828125,316.3529968261719,13131.0,12078.0,12030.0,13692.0,18366.0,22054.0,22628.0,245610.0,314706.0,314624.0,301450.0,297258.0,353240.0,366047.0,,,,,,,,-730.0,-560.0,-811.0,-734.0,-816.0,-926.0,-1055.0,39103.0,39439.0,38784.0,42226.0,46451.0,52626.0,51503.0,State Street Corp,US8574771031,Financials
STX UW Equity,Technology Hardware & Equipmen,,1566.5899658203125,,,,,,,,,,,,,Targets Set,1.5,,True,,,True,,,,,,,60.099998474121094,,,,,,91.66670227050781,,,7.606060028076172,,,,9.0,25.0,,,,309.9960021972656,355.20599365234375,,326.7179870605469,279.9200134277344,274.114013671875,845.9390258789062,856.968994140625,871.6849975585938,,651.0540161132812,651.0540161132812,702.4199829101562,9296.900390625,10208.5,9676.0,1400.0,5087.39990234375,5086.39990234375,4486.7001953125,10390.0,10509.0,10681.0,11661.0,7384.0,6551.0,9097.0,8885.0,8930.0,8675.0,8944.0,7556.0,7739.0,8023.0,2028.0,1701.0,1904.0,2422.0,192.0,788.0,2217.0,-602.0,-585.0,-498.0,-381.0,-316.0,-254.0,-265.0,40500.0,42000.0,40000.0,40000.0,33400.0,30000.0,30000.0,Seagate Technology Holdings PL,IE00BKVD2N49,Information Technology
STZ UN Equity,"Food, Beverage & Tobacco",353.010986328125,1684.4100341796875,84.22029876708984,20333.0,,,,,,,,,,,,,False,True,,,True,47.0,,,15.0,,,44.0,,,,20.0,12.0,66.66670227050781,False,4.0,10.3193998336792,63.0,66.66670227050781,True,0.5,22.222200393676758,1.0,7.0,75.0,322.5320129394531,306.5979919433594,311.10400390625,324.6130065917969,276.4700012207031,303.60699462890625,50.93299865722656,52.33000183105469,54.8650016784668,78.26799774169922,72.01699829101562,89.77300262451172,94.08899688720703,11877.400390625,45418.30078125,48642.19921875,10314.7001953125,3449.050048828125,4884.330078125,4697.75,8116.0,8343.5,8614.9,8820.7,9452.6,9961.8,10208.7,29231.5,27323.2,27104.8,25855.8,24662.3,25691.7,21652.3,2859.2999999999997,2596.6,3189.6,2763.6,3339.1,3697.0999999999995,913.1999999999999,-886.3,-726.5,-864.6,-1026.8,-1035.4,-1269.1,-1214.1,9800.0,9000.0,,,10700.0,10600.0,10600.0,Constellation Brands Inc,US21036P1084,Consumer Staples
SW UN Equity,Materials,10894.0,102704.0,,580000.0,,18.9950008392334,3257.0,45.0,,,,,,,,,True,True,True,False,True,1028.0,0.0,2.0,,10.0,,,,2.0,0.5600000023841858,,14.0,85.71430206298828,False,5.0,6.916669845581055,64.57140350341797,85.71430206298828,True,11.08329963684082,25.0,1.0,9.0,75.0,,,,,8147.06982421875,8584.0,,,,,,2428.43994140625,2310.0,,,,,,11322.2998046875,11501.0,10129.142399999999,8530.0,10107.0,12815.0,12093.0,21109.0,31179.0,11144.7825,10290.0,11707.0,12482.0,14051.0,43759.0,45157.0,1595.2727586206895,1448.0,1626.0,2069.0,2070.0,2735.0,4660.0,-685.1276689655172,-493.0,-594.0,-873.0,-929.0,-1466.0,-2192.0,46563.0,,48000.0,48000.0,100000.0,100000.0,97000.0,Smurfit Westrock PLC,IE00028FXN24,Materials
SWK UN Equity,Capital Goods,371.7619934082031,1174.300048828125,187.88800048828125,1923.9200439453125,,,126.61499786376953,6.568999767303467,,,,,,,Targets Set,1.5,,True,True,,True,,,,,,,34.0,,0.0,0.23000000417232513,1.9299999475479126,11.0,81.81819915771484,False,4.0,5.131939888000488,55.181800842285156,81.81819915771484,True,1.0,,1.0,7.0,75.0,99.55799865722656,110.28800201416016,107.13500213623047,96.62999725341797,101.04399871826172,94.65599822998047,160.0,322.42999267578125,342.0119934082031,301.70098876953125,292.8009948730469,290.8900146484375,277.1059875488281,5450.0,9677.6904296875,12026.599609375,16875.0,12935.400390625,13980.5,12041.7998046875,12912.9,12750.0,15281.3,16947.4,15781.1,15365.7,15130.4,20596.6,23566.3,28180.0,24963.3,23663.8,21848.9,21243.7,2033.7,2083.4,2464.6,1038.5,762.7,1287.1999999999998,1398.2999999999997,-424.7,-348.1,-519.1,-530.4,-338.7,-353.9,-283.3,59438.0,53100.0,71300.0,54200.0,50500.0,48500.0,43500.0,Stanley Black & Decker Inc,US8545021011,Industrials
SWKS UW Equity,Semiconductors & Semiconductor,184.15499877929688,414.3529968261719,307.8739929199219,1589.31005859375,,,,2.875999927520752,,,,,,,,,False,True,True,False,False,,,,,,,36.0,,,0.15000000596046448,42.70000076293945,9.0,88.88890075683594,False,3.0,11.0556001663208,62.444400787353516,88.88890075683594,True,1.6666699647903442,12.5,1.0,13.0,75.0,30.22800064086914,36.79199981689453,38.02199935913086,29.691999435424805,28.959999084472656,34.54800033569336,157.06500244140625,155.1439971923828,176.3780059814453,165.11500549316406,138.0050048828125,141.58599853515625,149.60699462890625,,,,,1.6490000486373901,,,3376.8,3355.7,5109.1,5485.5,4772.4,4178.0,4086.9,4839.6,5106.7,8590.7,8873.8,8426.7,8283.3,7917.0,1323.6,1284.1999999999998,2083.3,2260.7,1778.5,1124.1000000000001,1001.3,-398.4,-389.4,-637.8,-489.4,-210.3,-157.0,-195.0,9000.0,9900.0,10890.0,11038.0,9750.0,10100.0,10000.0,Skyworks Solutions Inc,US83088M1027,Information Technology
SYF UN Equity,Financial Services,,33.09859848022461,,68.33290100097656,,,,,,,,,,,,,,True,True,,True,,,,,,,61.0,,,,,12.0,91.66670227050781,False,5.0,7.611110210418701,65.33329772949219,91.66670227050781,True,5.5,33.33330154418945,1.0,8.0,75.0,1.7860000133514404,0.25600001215934753,0.22300000488758087,0.12600000202655792,0.1679999977350235,0.17900000512599945,18.68000030517578,13.883000373840332,,,,,,19.11199951171875,6.170000076293945,3.7790000438690186,7.339000225067139,16.768999099731445,15.187999725341797,17.875999450683594,19461.0,16472.0,15752.0,17526.0,20999.0,24166.0,23121.0,104826.0,95948.0,95748.0,104564.0,117479.0,119463.0,119095.0,11403.0,7490.0,11453.0,10233.0,10734.0,13075.0,13275.0,0.0,0.0,0.0,0.0,0.0,0.0,0.0,16500.0,16500.0,18000.0,18500.0,20000.0,20000.0,20000.0,Synchrony Financial,US87165B1035,Financials
SYK UN Equity,Health Care Equipment & Servic,,558.1859741210938,,,,,,,,,,,,,Removed,,,,,,,,,,,,,38.5,,,,,10.0,90.0,True,4.0,11.20829963684082,62.099998474121094,90.0,True,14.0,50.0,1.0,7.0,75.0,55.582000732421875,53.1879997253418,57.382999420166016,54.854000091552734,66.4489974975586,,138.572998046875,137.38499450683594,133.55999755859375,140.36599731445312,142.3780059814453,117.47200012207031,,78.10600280761719,55.66939926147461,409.3940124511719,68.875,,1822.0899658203125,,14884.0,14351.0,17108.0,18449.0,20498.0,22595.0,25116.0,30167.0,34330.0,34631.0,36884.0,39912.0,42971.0,47844.0,3624.0,3165.0,3707.0,3988.0,5088.0,4929.0,6287.0,-649.0,-487.0,-525.0,-588.0,-575.0,-755.0,-761.0,40000.0,43000.0,46000.0,51000.0,52000.0,53000.0,56000.0,Stryker Corp,US8636671013,Health Care
SYY UN Equity,Consumer Staples Distribution,,4263.7998046875,,,,,,,,,,,,,Targets Set,Well-below 2,,True,True,,True,,,,,,,21.299999237060547,27.200000762939453,,,14.0,,90.90910339355469,,,6.153850078582764,,,,6.666669845581055,25.0,,,,1300.0,979.3389892578125,1064.6199951171875,1296.0,1296.0,,289.4519958496094,245.656005859375,238.43499755859375,253.05599975585938,324.0,324.0,,11.732999801635742,75049.5,75039.296875,75045.703125,75000.0,75000.0,,60113.922,52893.31,51297.843,68636.146,76324.675,78844.0,81370.0,17966.522,22628.266,21413.539,22085.688,22821.145,24917.0,26774.0,3094.085,1678.539,2306.661,3246.124,3953.581,4229.0,4219.0,-692.391,-720.423,-470.676,-632.802,-793.325,-832.0,-906.0,69000.0,57000.0,58000.0,71000.0,72000.0,76000.0,75000.0,Sysco Corp,US8718291078,Consumer Staples
T UN Equity,Telecommunication Services,5065.52001953125,14972.2001953125,3000.0,,,,214.19900512695312,,104.58599853515625,,,,,,Targets Set,1.5,False,True,True,False,True,,,,,72.0,,30.0,37.0,,,43.0,10.0,90.0,True,4.0,8.21969985961914,64.4000015258789,90.0,True,6.25,27.2726993560791,1.0,7.0,75.0,1040.0,1000.0,917.0360107421875,643.3460083007812,545.052001953125,523.0260009765625,6015.1201171875,5635.259765625,5212.7001953125,4962.52001953125,4816.509765625,4479.1201171875,4542.490234375,17960.0,16250.0,14880.0,14130.099609375,11004.7001953125,9129.7900390625,8695.330078125,181193.0,171760.0,134038.0,120741.0,122428.0,122336.0,125648.0,551669.0,525761.0,551622.0,402853.0,407060.0,394795.0,420198.0,61856.0,40817.0,49112.0,18871.0,47815.0,45405.0,50975.0,-19635.0,-15675.0,-15545.0,-19626.0,-17853.0,-20263.0,-20842.0,247800.0,230760.0,203000.0,160700.0,150470.0,140990.0,133030.0,AT&T Inc,US00206R1023,Communication Services
TAP UN Equity,"Food, Beverage & Tobacco",,3590.9599609375,,,,,,,,,,,,,Targets Set,1.5,,,,,,,,,,,,27.600000381469727,36.29999923706055,,,,14.0,64.28569793701172,False,7.0,9.821430206298828,58.64289855957031,92.85710144042969,True,1.0,,1.0,16.0,,398.0260009765625,606.3189697265625,603.3200073242188,600.5670166015625,564.219970703125,,634.135986328125,604.4210205078125,342.0690002441406,341.70098876953125,334.02801513671875,302.44000244140625,,4572.08984375,4257.3798828125,3961.06005859375,3731.919921875,3892.56005859375,3798.409912109375,,10579.4,9654.0,10279.7,10701.0,11702.1,11627.0,11140.8,28859.8,27331.1,27619.0,25868.3,26375.1,26064.3,22738.4,1694.4,584.5,2313.7,914.8,2202.3,2596.8,-1534.2,-593.8,-574.8,-522.6,-661.4,-671.5,-674.1,-716.6,17700.0,17000.0,16300.0,16600.0,16500.0,16800.0,16200.0,Molson Coors Beverage Co,US60871R2094,Consumer Staples
TDG UN Equity,Capital Goods,,524.7890014648438,,,,,,,,,,,,,,,,,True,,,,,,,,,38.0,,,,15.0,9.0,88.88890075683594,False,3.0,10.097200393676758,63.88890075683594,88.88890075683594,True,1.0833300352096558,15.384599685668945,1.0,4.0,75.0,33.891998291015625,37.76499938964844,38.777000427246094,42.62200164794922,51.375999450683594,,69.0739974975586,65.7490005493164,59.49700164794922,54.2599983215332,65.04000091552734,87.91999816894531,,,,,,,,,5223.0,5103.0,4798.0,5429.0,6585.0,7940.0,8831.0,16255.0,18395.0,19315.0,18107.0,19970.0,25586.0,22909.0,2152.0,2063.0,1973.0,2492.0,3212.0,3865.0,4555.0,-102.0,-105.0,-105.0,-119.0,-139.0,-165.0,-222.0,18300.0,14200.0,13300.0,14400.0,15500.0,16600.0,16500.0,TransDigm Group Inc,US8936411003,Industrials
TDY UN Equity,Technology Hardware & Equipmen,,353.68798828125,,,,,,,,,,,,,,,,,True,,True,,,,,,,30.399999618530273,19.299999237060547,,,,12.0,83.33329772949219,False,8.0,13.149999618530273,71.08329772949219,83.33329772949219,True,1.5,16.66670036315918,2.0,7.0,75.0,,,,,58.970001220703125,,,,,,,51.97100067138672,,,,,,,,,3163.6,3086.2,4614.3,5458.6,5635.5,5670.0,6115.4,4579.8,5084.8,14430.3,14354.0,14527.9,14200.5,15285.3,630.1,625.7,1037.0,1349.3,1394.7000000000003,1346.9,1532.1999999999998,-88.4,-71.4,-101.6,-92.6,-114.9,-83.7,-117.3,11790.0,10670.0,14500.0,14700.0,14900.0,14900.0,15800.0,Teledyne Technologies Inc,US8793601050,Information Technology
TECH UW Equity,"Pharmaceuticals, Biotechnology",,60.94900131225586,,,,,,,,,,,,,Targets Set,1.5,,,,,,,,,,,,48.0,,,,,,90.0,,,8.84259033203125,,,,2.666670083999634,16.66670036315918,,,,,2.684000015258789,3.7809998989105225,,3.0260000228881836,3.0260000228881836,,,12.694000244140625,13.812000274658203,,15.486000061035156,15.486000061035156,,,,,,,,714.006,738.691,931.032,1105.599,1136.702,1159.06,1219.635,1884.41,2027.589,2262.957,2294.805,2638.692,2703.867,2557.868,224.89,253.156,357.543,412.0589999999999,422.082,336.597,229.572,-25.411,-51.744,-44.301,-44.908,-38.244,-62.877,-31.006,2255.0,2300.0,2600.0,3000.0,3050.0,3100.0,3100.0,Bio-Techne Corp,US09073M1045,Health Care
TEL UN Equity,Technology Hardware & Equipmen,497.75,1294.4300537109375,981.864013671875,2540.1298828125,,,111.01000213623047,9.329999923706055,94.9530029296875,,,,,,,,True,True,True,,True,56.0,,,,7.019999980926514,,41.0,28.0,0.0,0.03999999910593033,60.0,12.0,83.33329772949219,False,4.0,7.77564001083374,61.33330154418945,83.33329772949219,True,9.583330154418945,27.777799606323242,1.0,7.0,75.0,59.93600082397461,71.47899627685547,58.01300048828125,44.75,32.10200119018555,36.10900115966797,501.3039855957031,412.8370056152344,460.5360107421875,466.06298828125,441.00201416015625,443.2950134277344,461.6409912109375,15.88599967956543,2758.75,3799.669921875,3341.0400390625,3420.5,3313.10009765625,3221.409912109375,13448.0,12172.0,14923.0,16281.0,16034.0,15845.0,17262.0,19694.0,19242.0,21462.0,20782.0,21712.0,22854.0,25081.0,2668.0,1356.0,3323.0,3672.0,3227.0,3756.0,4194.0,-749.0,-560.0,-690.0,-768.0,-732.0,-680.0,-936.0,78000.0,82000.0,89000.0,92000.0,90000.0,87000.0,93000.0,TE Connectivity PLC,IE000IVNQZ81,Information Technology
TER UW Equity,Semiconductors & Semiconductor,,75.64399719238281,,,,,,,,,,,,,Targets Set,1.5,,,True,,,,,,,,,24.700000762939453,,,,,9.0,88.88890075683594,False,4.0,6.870369911193848,65.66670227050781,88.88890075683594,True,3.666670083999634,25.0,1.0,5.0,75.0,2.441999912261963,2.635999917984009,3.9277799129486084,3.1552700996398926,3.5169999599456787,,28.33300018310547,29.210899353027344,29.05500030517578,29.601699829101562,29.909900665283203,29.225000381469727,,7.664999961853027,4.308839797973633,182.26199340820312,3854.139892578125,2350.010009765625,229.6959991455078,,2294.965,3121.469,3702.881,3155.045,2676.298,2819.88,3190.024,2787.014,3652.346,3809.425,3501.252,3486.824,3708.714,4183.599,696.209,1078.15,1351.005,966.6139999999999,637.8539999999999,711.229,802.2320000000001,-134.642,-184.977,-132.472,-163.249,-159.642,-198.095,-224.009,5400.0,5500.0,5900.0,6500.0,6500.0,6500.0,6600.0,Teradyne Inc,US8807701029,Information Technology
TFC UN Equity,Banks,128.88600158691406,416.4309997558594,3.240000009536743,922.281982421875,,,,,,,,,,,,,False,True,True,False,True,,,,,89.5,16.020000457763672,60.5,35.0,,,0.0,13.0,92.30770111083984,True,4.0,8.369050025939941,66.61540222167969,92.30770111083984,True,0.08333329856395721,33.33330154418945,1.0,9.0,75.0,12.972000122070312,12.739999771118164,13.427000045776367,12.84000015258789,13.381999969482422,16.059999465942383,208.64999389648438,179.6439971923828,166.1439971923828,154.28900146484375,134.19400024414062,122.50800323486328,112.82599639892578,90.43499755859375,58.36199951171875,74.3489990234375,80.02999877929688,89.37699890136719,376.8210144042969,34523.19921875,14664.0,24427.0,23064.0,25356.0,29950.0,24253.0,30438.0,473078.0,509228.0,541241.0,555255.0,535349.0,531176.0,547538.0,,,,,,,,-224.0,-815.0,-442.0,-564.0,0.0,0.0,0.0,40691.0,54982.0,51348.0,53999.0,49037.0,36769.0,38062.0,Truist Financial Corp,US89832Q1094,Financials
TGT UN Equity,Consumer Staples Distribution,,5781.0400390625,,,,,,,,,,,,,Targets Set,2,,True,True,,True,,,,,,,56.0,53.0,,,,12.0,91.66670227050781,True,6.0,5.737180233001709,66.75,91.66670227050781,True,0.6666669845581055,58.33330154418945,1.0,7.0,94.0,752.552001953125,699.8770141601562,734.7990112304688,779.8579711914062,818.1480102539062,867.4500122070312,1836.0999755859375,2433.22998046875,1492.2099609375,1424.6600341796875,1505.5400390625,1474.6199951171875,1394.31005859375,62038.0,61738.0,69130.0,74766.0,69420.0,59567.0,58873.69921875,75356.0,78112.0,93561.0,106005.0,109120.0,107412.0,106566.0,41290.0,42779.0,51248.0,53811.0,53335.0,55356.0,57769.0,6824.0,7536.0,9393.0,12036.0,6996.0,9038.0,9173.0,-3516.0,-3027.0,-2649.0,-3544.0,-5528.0,-4806.0,-2891.0,360000.0,368000.0,409000.0,450000.0,440000.0,415000.0,440000.0,Target Corp,US87612E1064,Consumer Staples
TJX UN Equity,Consumer Discretionary Distrib,,2424.080078125,,,,,,,,,,,,,,,,,,,,,,,,,,77.0,51.0,,,,10.0,80.0,False,5.0,12.441699981689453,69.19999694824219,80.0,True,10.75,16.66670036315918,1.0,5.0,75.0,125.78199768066406,105.0009994506836,121.65299987792969,128.4499969482422,131.0229949951172,143.25799560546875,673.5800170898438,634.4749755859375,537.0440063476562,577.573974609375,598.0250244140625,584.5889892578125,559.1580200195312,80.30000305175781,82.0999984741211,40.518001556396484,139.75,120.05599975585938,132.66700744628906,160.03700256347656,38972.934,41716.977,32137.0,48550.0,49936.0,54217.0,56360.0,14326.029,24145.003,30813.555,28461.0,28349.0,29747.0,31749.0,5037.848,7035.634,3273.0,7529.0,7456.0,8776.0,9507.0,-1125.139,-1223.116,-568.0,-1045.0,-1457.0,-1722.0,-1918.0,270000.0,286000.0,320000.0,340000.0,329000.0,349000.0,364000.0,TJX Cos Inc/The,US8725401090,Consumer Discretionary
TKO UN Equity,Media & Entertainment,,,,,,,,,,,,,,,,,False,False,False,False,False,,,,,,,,,,,,12.0,58.33330154418945,True,3.0,3.222219944000244,59.58330154418945,58.33330154418945,False,3.083329916000366,0.0,1.0,5.0,75.0,,,,,,,,,,,,,,,,,,,,,960.442,974.207,1095.174,1140.147,1674.968,4884.241,4735.151,992.233,1297.322,1204.067,3580.73,12690.739,15111.782,15495.821,164.691,262.756,310.918,605.577,615.804,510.82700000000006,1339.344,-69.086,-27.662,-39.231,-12.404,-48.633,-118.818,-126.953,960.0,900.0,870.0,890.0,1250.0,1300.0,4000.0,TKO Group Holdings Inc,US87256C1018,Communication Services
TMO UN Equity,"Pharmaceuticals, Biotechnology",,2832.89990234375,,,,,,,,,,,,,Targets Set,1.5,True,True,True,,True,,,,,,,49.0,,,0.17000000178813934,,12.0,83.33329772949219,True,4.0,10.621199607849121,62.75,91.66670227050781,True,17.0,26.923099517822266,1.0,,75.0,305.3320007324219,326.69500732421875,328.43798828125,330.0679931640625,315.8429870605469,324.4630126953125,456.79901123046875,439.5679931640625,452.875,430.58099365234375,429.8299865722656,451.6820068359375,,,,10370.400390625,11502.7001953125,9563.6396484375,8401.7197265625,7148.14990234375,25542.0,32218.0,39211.0,44915.0,42857.0,42879.0,44556.0,58381.0,69052.0,95123.0,97154.0,98726.0,97321.0,110343.0,7079.0,10343.0,12874.0,12125.0,10620.0,10798.0,10907.0,-926.0,-1474.0,-2523.0,-2243.0,-1479.0,-1400.0,-1525.0,75000.0,80000.0,130000.0,130000.0,122000.0,125000.0,125000.0,Thermo Fisher Scientific Inc,US8835561023,Health Care
TMUS UW Equity,Telecommunication Services,2712.699951171875,7775.2001953125,7558.330078125,738.9959716796875,,,25.94700050354004,0.3019999861717224,,,,,,,Targets Set,1.5,False,True,True,False,True,122.0,,,23.0,1140.0,,40.50709915161133,33.86240005493164,0.0,,,13.0,46.15380096435547,False,3.0,8.25,61.0,92.30770111083984,True,0.9166669845581055,20.0,1.0,5.0,75.0,59.59299850463867,70.3499984741211,105.86399841308594,75.87799835205078,75.93499755859375,94.24299621582031,2651.60009765625,2953.10009765625,2893.72998046875,3197.669921875,3031.679931640625,2808.68994140625,2618.449951171875,7397.64990234375,7409.72998046875,7263.740234375,6905.2900390625,5747.7900390625,5073.669921875,4991.22021484375,44998.0,68397.0,80118.0,79571.0,78558.0,81400.0,88309.0,86921.0,200162.0,206563.0,211338.0,207682.0,208035.0,219237.0,14896.0,25225.0,29196.0,26708.0,32071.0,35716.0,36732.0,-6391.0,-11034.0,-12326.0,-13970.0,-9801.0,-8840.0,-9955.0,53000.0,75000.0,75000.0,71000.0,67000.0,70000.0,75000.0,T-Mobile US Inc,US8725901040,Communication Services
TPL UN Equity,Energy,,100.71199798583984,,,,,,,,,,,,,,,,True,True,,True,,,,,,,36.0,3.0,,0.0,,,90.0,,,4.25,,,,9.916669845581055,20.0,,,,18.98699951171875,16.159000396728516,10.59000015258789,13.819000244140625,14.944999694824219,,,5.110000133514404,6.5960001945495605,11.491999626159668,10.571999549865723,14.663000106811523,,,,,,,,,490.496,302.554,450.958,667.422,631.595,705.823,798.19,598.176,571.635,764.064,877.427,1156.398,1248.02,1623.278,409.179,232.346,379.45,578.483,501.61,565.2,656.005,-106.792,-9.052,-16.083,-19.845,-35.348,-31.172,-95.482,94.0,102.0,92.0,99.0,100.0,111.0,114.0,Texas Pacific Land Corp,US88262P1021,Energy
TPR UN Equity,Consumer Durables & Apparel,,115.23799896240234,,,,,,,,,,,,,Targets Set,1.5,,,,,,,,,,,,80.0,59.0,,,,,90.90910339355469,,,5.446969985961914,,,True,6.25,40.0,,,,10.940999984741211,3.5230000019073486,6.599999904632568,5.559000015258789,4.584000110626221,4.311999797821045,57.007999420166016,38.87799835205078,37.91400146484375,41.67399978637695,39.87799835205078,37.584999084472656,0.06499999761581421,89.39099884033203,72.6520004272461,560.8330078125,644.489990234375,557.8489990234375,649.60302734375,637.22900390625,6027.1,4961.4,5746.3,6684.5,6660.9,6671.2,7010.7,6877.3,7924.2,8382.4,7265.3,7116.8,13396.3,6580.5,1087.9,105.60000000000008,1515.2,1683.3,1659.6000000000001,1657.0,922.0999999999999,-274.2,-205.4,-116.0,-93.9,-184.2,-108.9,-122.7,10110.0,9200.0,8800.0,14400.0,14700.0,18600.0,19000.0,Tapestry Inc,US8760301072,Consumer Discretionary
TRGP UN Equity,Energy,,,,,,,,,,,,,,,,,,,True,,,,,,,,,15.0,26.0,,0.3100000023841858,0.0,11.0,90.90910339355469,False,3.0,8.446969985961914,64.27269744873047,90.90910339355469,True,6.583330154418945,11.111100196838379,3.0,10.0,99.0,7700.0,7200.0,8707.0,9531.0,10168.0,,,2500.0,2700.0,3296.0,3691.0,3994.0,,25100.0,27100.0,23700.0,32400.0,32700.0,38700.0,,8671.1,8260.3,16949.8,20929.8,16060.3,16381.5,17028.3,18815.1,15875.7,15208.2,19560.0,20671.8,22734.1,25218.4,1184.7,-415.9,1757.8999999999999,2853.2,3987.3,4163.8,4892.4,-2877.8,-951.6,-505.1,-1539.5,-2385.4,-2965.8,-3333.3,2680.0,2372.0,2430.0,2850.0,3182.0,3370.0,3570.0,Targa Resources Corp,US87612G1013,Energy
TRMB UW Equity,Software & Services,,41.07630157470703,,,,,,,,,,,,,Targets Set,1.5,,,,,,,,,,,,32.5,,,,,10.0,90.0,False,4.0,6.760419845581055,61.599998474121094,90.0,True,6.75,33.33330154418945,1.0,4.0,75.0,9.772000312805176,3.808000087738037,5.072000026702881,4.180389881134033,2.6476199626922607,,13.949000358581543,22.961000442504883,10.800000190734863,11.494999885559082,12.4798002243042,12.159600257873535,,210.5189971923828,329.0,185.69400024414062,168.0,286.72698974609375,359.2409973144531,,3264.3,3147.7,3659.1,3676.3,3798.7,3683.3,3587.3,6640.7,6876.9,7099.6,7269.0,9539.3,9488.3,9312.0,621.3999999999999,655.4,776.4,719.0,732.9,724.1,822.1999999999999,-69.0,-56.8,-46.1,-43.2,-42.0,-33.6,-25.3,11484.0,11402.0,11931.0,11825.0,12700.0,12100.0,11500.0,Trimble Inc,US8962391004,Information Technology
TROW UW Equity,Financial Services,18.222000122070312,57.01300048828125,,,,,1.1540000438690186,,0.5410000085830688,,,,,,,,True,True,True,False,True,,,,,19.5,9.0,43.93000030517578,34.279998779296875,,,,13.0,84.61540222167969,True,7.0,6.717949867248535,65.76920318603516,84.61540222167969,True,4.75,20.0,1.0,7.0,75.0,0.7960000038146973,0.8769999742507935,0.9409999847412109,0.6809999942779541,1.8450000286102295,1.4980000257492065,24.791000366210938,20.660999298095703,18.886999130249023,19.209999084472656,18.34000015258789,17.05900001525879,16.724000930786133,10.204000473022461,2.377000093460083,0.46799999475479126,71040.3984375,442476.0,431399.0,443185.0,5617.9,6206.7,7671.9,6488.4,6460.5,7093.6,7314.8,9330.4,10659.0,12509.0,11643.3,12278.8,13472.0,14341.8,2606.8,2967.3999999999996,3947.3,3069.5,2520.2000000000003,2879.7,2847.3,-204.6,-214.6,-239.1,-237.6,-307.9,-423.4,-274.2,7365.0,7678.0,7529.0,7868.0,7906.0,8158.0,7773.0,T Rowe Price Group Inc,US74144T1088,Financials
TRV UN Equity,Insurance,38.55099868774414,,,328.3320007324219,,,,,,,,,,,,,False,True,True,False,True,,,,,24.0,,54.0,,,,,10.0,90.0,True,5.0,5.888889789581299,62.5,90.0,False,10.83329963684082,31.818199157714844,1.0,5.0,75.0,13.5,12.793999671936035,17.827999114990234,19.586000442504883,19.069000244140625,19.121000289916992,27.969999313354492,21.908000946044922,20.683000564575195,20.32200050354004,18.55500030517578,18.937999725341797,19.43000030517578,17.819000244140625,5.665999889373779,4.479000091552734,10.093999862670898,17.128999710083008,20.209999084472656,15.333999633789062,31581.0,31981.0,34816.0,36884.0,41364.0,46423.0,48828.0,110122.0,116764.0,120466.0,115717.0,125978.0,133189.0,143708.0,,,,,,,,0.0,0.0,0.0,0.0,0.0,0.0,0.0,30800.0,29988.0,30184.0,31850.0,33300.0,34000.0,34000.0,Travelers Cos Inc/The,US89417E1091,Financials
TSCO UW Equity,Consumer Discretionary Distrib,314.0,1033.22998046875,88.8573989868164,1629.489990234375,,,,,,,,,,,Removed,,False,True,True,False,True,,,,5.0,15.0,69.5999984741211,47.0,23.0,,,0.0,9.0,88.88890075683594,False,4.0,8.199999809265137,60.0,88.88890075683594,True,6.75,25.0,1.0,6.0,75.0,63.62200164794922,68.0,70.0,87.0,90.0,104.0,176.33799743652344,171.927001953125,168.0,185.0,208.0,211.0,210.0,,11153.599609375,27667.0,26109.0,22545.0,25486.0,25561.0,8351.931,10620.352,12731.105,14204.717,14555.741,14883.231,15524.046,5289.268,7049.116,7767.467,8489.99,9188.151,9805.485,10933.679,1293.159,1593.37,1977.7640000000004,2212.318,2337.811,2420.549,2520.504,-217.45,-294.002,-628.431,-773.369,-753.883,-784.047,-894.77,16000.0,20000.0,22000.0,24000.0,25000.0,26000.0,26000.0,Tractor Supply Co,US8923561067,Consumer Discretionary
TSLA UW Equity,Automobiles & Components,,3832.27001953125,,,,,,,,,,,,,Removed,,,,True,,,,,,,,,,,,,,,75.0,,,11.388899803161621,,,,18.0,0.0,,,,,185.0,202.0,211.0,302.0,,,,403.0,408.0,466.0,754.0,,,,1954.0,41171.0,49354.0,54967.0,,24578.0,31536.0,53823.0,81462.0,96773.0,97690.0,94827.0,34309.0,52148.0,62131.0,82338.0,106618.0,122070.0,137806.0,2511.0,4767.0,10061.0,18201.0,14711.0,13944.0,12269.0,-1327.0,-3157.0,-6482.0,-7158.0,-8898.0,-11339.0,-8527.0,48016.0,70757.0,99290.0,127855.0,140473.0,125665.0,134785.0,Tesla Inc,US88160R1014,Consumer Discretionary
TSN UN Equity,"Food, Beverage & Tobacco",,,,,,,,,,,,,,,Targets Set,2,True,True,True,False,True,,,,,,,39.0,,,,23.299999237060547,16.0,68.75,False,3.0,10.23330020904541,61.25,87.5,True,5.333330154418945,22.222200393676758,1.0,7.0,75.0,3831.199951171875,3826.2900390625,3561.97998046875,,,,2280.0,2343.5400390625,1956.2900390625,2201.110107421875,,,,98251.0,,,,,,,42405.0,43185.0,47049.0,53282.0,52881.0,53309.0,54441.0,33097.0,34456.0,36309.0,36821.0,36251.0,37100.0,36658.0,3925.0,4399.0,5793.0,5787.0,1125.0,2987.0,2691.0,-1259.0,-1199.0,-1209.0,-1887.0,-1939.0,-1132.0,-978.0,141000.0,139000.0,137000.0,142000.0,139000.0,138000.0,130000.0,Tyson Foods Inc,US9024941034,Consumer Staples
TT UN Equity,Capital Goods,245.87899780273438,894.64697265625,274.364990234375,1517.0,,,34.5629997253418,1.0440000295639038,30.420000076293945,,,,,44.0,Targets Set,1.5,True,True,True,False,True,254.0,0.0,0.0,,10.842000007629395,,25.700000762939453,27.700000762939453,0.0,0.057999998331069946,15.5,12.0,91.66670227050781,True,5.0,7.219699859619141,62.33330154418945,91.66670227050781,True,5.25,38.46149826049805,1.0,5.0,75.0,282.8370056152344,266.52301025390625,241.68299865722656,205.8730010986328,205.9239959716797,157.33399963378906,160.2550048828125,144.54299926757812,144.27699279785156,118.60299682617188,112.94300079345703,117.77400207519531,88.54499816894531,369000.0,331206.0,366163.0,308000.0,271000.0,238000.0,211000.0,13075.9,12454.7,14136.4,15991.7,17677.6,19838.2,21321.9,20492.3,18156.7,18059.8,18081.6,19391.9,20146.7,21420.7,2122.3999999999996,2000.1,2491.0,2921.9,3429.9,4077.3,4587.8,-205.4,-146.2,-223.0,-291.8,-300.7,-370.6,-383.0,50000.0,35000.0,37000.0,39000.0,40000.0,45000.0,,Trane Technologies PLC,IE00BK9ZQ967,Industrials
TTD UQ Equity,Media & Entertainment,,,,,,,,,,,,,,,,,False,False,True,False,False,,,,,,,,,,,,8.0,75.0,True,3.0,3.8095200061798096,55.0,75.0,False,16.91670036315918,28.571399688720703,3.0,5.0,75.0,,,,,,,,,,,,,,,,,,,,,661.058,836.033,1196.467,1577.795,1946.12,2444.831,2896.284,1728.761,2753.645,3577.34,4380.679,4888.687,6111.951,6153.22,160.773,211.46699999999996,215.1,217.507,327.55600000000004,571.4019999999999,775.6790000000001,-40.604,-80.114,-59.973,-91.885,-55.02,-107.062,-209.763,1310.0,1545.0,1967.0,2770.0,3115.0,3522.0,3843.0,Trade Desk Inc/The,US88339J1051,Communication Services
TTWO UW Equity,Media & Entertainment,,66.35970306396484,,,,,,,,,,,,,Targets Set,1.5,,True,,,,,,,,,,23.399999618530273,,,,0.0,10.0,90.0,True,3.0,12.466699600219727,67.0999984741211,90.0,True,15.75,40.0,1.0,11.0,75.0,0.7490000128746033,0.7620000243186951,,1.8680000305175781,2.121999979019165,2.2909998893737793,,7.059999942779541,7.14300012588501,,,,,,,,,446.0580139160156,497.31500244140625,394.3110046386719,2668.394,3088.97,3372.772,3504.8,5349.9,5349.6,5633.6,4243.065,4948.832,6028.218,6546.219,15862.1,12216.9,9180.7,471.49800000000005,691.193,899.497,799.1389999999999,809.8999999999999,-1663.0,-2895.9,-66.969,-53.384,-68.923,-158.642,-204.2,-141.7,-169.4,4894.0,4488.0,6495.0,7799.0,11580.0,12371.0,12928.0,Take-Two Interactive Software,US8740541094,Communication Services
TXN UW Equity,Semiconductors & Semiconductor,2400.510009765625,4291.89990234375,1845.3199462890625,40883.0,35.18000030517578,,46.21799850463867,12.548999786376953,26.194000244140625,0.0,0.0,,,,Targets Set,1.5,False,True,True,False,True,53.0,0.0,0.0,,35.599998474121094,10.100000381469727,34.51070022583008,,0.0,,,13.0,84.61540222167969,False,4.0,11.409700393676758,64.69229888916016,84.61540222167969,False,3.5,41.66669845581055,1.0,5.0,75.0,940.0,1040.449951171875,1112.030029296875,1116.6800537109375,1009.469970703125,884.291015625,1054.75,,1262.3299560546875,1385.6300048828125,1392.6400146484375,1419.550048828125,1516.219970703125,27.54400062561035,4.630000114440918,2.11899995803833,13.170999526977539,3152.5,2454.860107421875,2260.090087890625,14383.0,14461.0,18344.0,20028.0,17519.0,15641.0,17682.0,18018.0,19351.0,24676.0,27207.0,32348.0,35509.0,34585.0,6839.0,6956.0,9983.0,11186.0,8642.0,7130.0,8124.0,-847.0,-649.0,-2462.0,-2797.0,-5071.0,-4820.0,-4550.0,29768.0,30000.0,31000.0,33000.0,34000.0,34000.0,33000.0,Texas Instruments Inc,US8825081040,Information Technology
TXT UN Equity,Capital Goods,514.6519775390625,1438.81005859375,,3337.3798828125,,,53.958099365234375,,30.479999542236328,,,,,,,,False,True,True,False,True,330.0,,,,5.890989780426025,,,,,0.3100000023841858,29.0,11.0,90.90910339355469,True,8.0,7.386360168457031,66.0,90.90910339355469,True,0.75,23.529399871826172,1.0,6.0,75.0,194.08099365234375,217.83399963378906,262.1159973144531,234.91900634765625,226.57400512695312,233.16099548339844,359.7359924316406,300.89801025390625,316.2879943847656,308.489990234375,287.1700134277344,279.8550109863281,281.4909973144531,129.697998046875,204.51699829101562,232.8820037841797,236.73899841308594,249.54800415039062,222.38600158691406,,13630.0,11651.0,12382.0,12869.0,13683.0,13702.0,14799.0,15018.0,15443.0,15827.0,16293.0,16856.0,16838.0,18129.0,1665.0,964.0,1320.0,1349.0,1391.0,1306.0,1475.0,-339.0,-317.0,-375.0,-354.0,-402.0,-364.0,-383.0,35000.0,33000.0,33000.0,34000.0,35000.0,34000.0,34000.0,Textron Inc,US8832031012,Industrials
TYL UN Equity,Software & Services,8.496999740600586,35.22999954223633,,,,,0.02213919907808304,,0.01743900030851364,,,,,,,,False,True,True,False,True,,,,,0.38999998569488525,9.600000381469727,36.97999954223633,34.0,,,0.0,8.0,75.0,False,3.0,6.916669845581055,63.125,75.0,True,8.416669845581055,16.66670036315918,1.0,5.0,75.0,1.7350000143051147,1.184000015258789,1.1540000438690186,2.0899999141693115,2.2260000705718994,2.122999906539917,9.217000007629395,5.7270002365112305,6.519999980926514,8.147000312805176,7.230000019073486,6.360000133514404,6.374000072479248,24.739999771118164,15.928000450134277,8.354000091552734,95.48200225830078,58.46900177001953,52.584999084472656,36.952999114990234,1086.427,1116.663,1592.287,1850.204,1951.751,2137.803,2332.34,2191.614,2607.274,4732.161,4687.417,4676.663,5180.015,5638.908,239.41799999999998,261.10699999999997,327.45400000000006,388.064,392.084,452.129,506.992,-42.04,-28.466,-55.612,-50.151,-53.009,-49.936,-32.793,5368.0,5536.0,6800.0,7200.0,7300.0,7507.0,7800.0,Tyler Technologies Inc,US9022521051,Information Technology
UAL UW Equity,Transportation,,144826.0,,,,,,,,,,,,,Targets Set,Well-below 2,,,,,,,,,,,,39.20000076293945,34.099998474121094,,,83.0,13.0,76.92310333251953,False,5.0,7.705130100250244,59.692298889160156,92.30770111083984,True,6.416669845581055,25.0,1.0,9.0,75.0,15490.099609375,21375.30078125,30400.69921875,36589.0,38520.0,,201.69000244140625,196.0659942626953,183.31100463867188,166.7570037841797,160.33999633789062,160.20799255371094,,23429.19921875,9144.3603515625,12170.5,13343.7001953125,12671.5,20814.400390625,,43259.0,15355.0,24634.0,44955.0,53717.0,57063.0,59070.0,52611.0,59548.0,68175.0,67358.0,71104.0,74083.0,76448.0,7595.0,-2961.0,2395.0,5701.0,7768.0,8844.0,8513.0,-4528.0,-1727.0,-2107.0,-4819.0,-7171.0,-5615.0,-5874.0,95900.0,74400.0,84100.0,92800.0,103300.0,107300.0,113200.0,United Airlines Holdings Inc,US9100471096,Industrials
UBER UN Equity,Transportation,,434.3599853515625,,,,,,,,,,,,,Targets Set,1.5,,,,,,,,,,,,43.0,37.599998474121094,,,,11.0,90.90910339355469,False,5.0,6.185180187225342,61.545501708984375,90.90910339355469,True,9.083330154418945,10.0,1.0,9.0,75.0,1.121000051498413,0.7350000143051147,1.2740000486373901,1.7120000123977661,1.215999960899353,,119.48200225830078,131.7010040283203,118.79499816894531,125.18199920654297,141.4759979248047,131.48199462890625,,5896.4599609375,3106.72998046875,19816.0,23024.30078125,31611.80078125,38687.19921875,,13000.0,11139.0,17455.0,31877.0,37281.0,43978.0,52017.0,31761.0,33252.0,38774.0,32109.0,38699.0,51244.0,61802.0,-7805.0,-3808.0,-2638.0,-598.0,2232.0,3808.0,6581.0,-588.0,-616.0,-298.0,-252.0,-223.0,-242.0,-336.0,26900.0,22800.0,29300.0,32500.0,30400.0,31100.0,34000.0,Uber Technologies Inc,US90353T1007,Industrials
UDR UN Equity,Equity Real Estate Investment,,206.07699584960938,,,,,,,,,,,,,Removed,,,,True,,,,,,,,19.399999618530273,38.0,26.899999618530273,,,,8.0,87.5,True,4.0,12.23960018157959,70.25,87.5,True,25.66670036315918,8.333330154418945,1.0,6.0,75.0,14.5649995803833,16.416000366210938,15.996999740600586,16.378999710083008,15.932999610900879,,34.9370002746582,31.197999954223633,32.507999420166016,34.45800018310547,34.97100067138672,35.04100036621094,,,201.93299865722656,,246.48399353027344,268.3949890136719,276.3190002441406,,1152.193,1241.165,1290.767,1517.386,1627.501,1671.842,1712.317,9636.472,9637.533,10775.22,11038.47,11373.242,10897.586,10605.674,737.2520000000001,880.553,900.7249999999999,943.377,1340.019,993.3639999999999,1247.203,-1396.171,-529.069,-1422.537,-539.171,-173.723,-67.532,-43.695,1330.0,1263.0,1263.0,1317.0,1397.0,1419.0,1420.0,UDR Inc,US9026531049,Real Estate
UHS UN Equity,Health Care Equipment & Servic,,,,,,,,,,,,,,,,,,,True,,,,,,,,,75.0,,,,1.0499999523162842,7.0,57.14289855957031,False,3.0,15.797599792480469,67.14289855957031,71.42859649658203,False,5.75,18.181800842285156,3.0,8.0,100.0,,,,,,,,,,,,,,,,,,,,,11378.259,11558.897,12642.117,13399.37,14281.976,15827.935,17364.829,11668.25,13476.879,13093.543,13494.188,13967.602,14469.749,15527.593,1778.398,1942.6879999999999,1973.727,1675.742,1843.234,2368.56,2714.735,-634.095,-731.307,-855.659,-734.001,-743.055,-943.81,-1015.152,58100.0,57900.0,57800.0,59700.0,61100.0,63000.0,65000.0,Universal Health Services Inc,US9139031002,Health Care
ULTA UW Equity,Consumer Discretionary Distrib,,393.14898681640625,145.46499633789062,,,,90.52200317382812,,27.016000747680664,,,,,,Targets Set,1.5,False,True,True,False,True,,,,,12.300000190734863,35.29999923706055,91.0,64.0,,,0.0,12.0,91.66670227050781,False,6.0,6.583330154418945,59.25,91.66670227050781,True,1.75,58.33330154418945,1.0,7.0,75.0,6.814000129699707,8.204000473022461,8.9399995803833,8.345000267028809,8.345000267028809,8.47700023651123,143.61900329589844,139.70399475097656,100.15299987792969,80.15299987792969,88.97799682617188,127.95700073242188,120.125,2648.43994140625,2108.419921875,1810.5999755859375,2009.22998046875,209.2790069580078,2091.280029296875,2440.219970703125,6716.615,7398.068,6151.953,8630.889,10208.58,11207.303,11295.654,3191.172,4863.872,5089.969,4764.379,5370.411,5707.011,6001.693,1395.8270000000002,1485.009,838.508,1876.663,2200.429,2264.797,2186.2799999999997,-319.4,-298.534,-151.866,-172.187,-312.126,-435.267,-374.458,16000.0,18000.0,16500.0,16500.0,18500.0,20000.0,20000.0,Ulta Beauty Inc,US90384S3031,Consumer Discretionary
UNH UN Equity,Health Care Equipment & Servic,472.8760070800781,1532.760009765625,669.9210205078125,,,,,,,,,,,,Targets Set,1.5,,,,,,,,,,,,70.0,40.0,,,,10.0,90.0,True,3.0,8.26852035522461,67.0999984741211,90.0,True,1.4166699647903442,12.5,1.0,22.0,97.0,24.48699951171875,131.59300231933594,134.1649932861328,114.23999786376953,105.78199768066406,113.96199798583984,153.00399780273438,156.75100708007812,389.0570068359375,383.0840148925781,377.9570007324219,352.9880065917969,358.91400146484375,429.81201171875,213.4949951171875,12491.599609375,13811.5,17505.900390625,17977.599609375,18188.099609375,242155.0,257141.0,287597.0,324162.0,371622.0,400278.0,447567.0,173889.0,197289.0,212206.0,245705.0,273720.0,298278.0,309581.0,23405.0,26396.0,28273.0,33135.0,37730.0,37786.0,24925.0,-2071.0,-2051.0,-2454.0,-2802.0,-3386.0,-3499.0,-3622.0,325000.0,330000.0,350000.0,400000.0,440000.0,400000.0,390000.0,UnitedHealth Group Inc,US91324P1021,Health Care
UNP UN Equity,Transportation,,38697.19921875,,,,,,,,,,,,,Targets Set,1.5,,,,,,,,,,,,5.099999904632568,26.0,,0.12200000137090683,,11.0,90.90910339355469,False,5.0,6.1742401123046875,67.72730255126953,90.90910339355469,True,3.166670083999634,33.33330154418945,1.0,12.0,75.0,8896.9501953125,9236.75,9266.4697265625,9156.5302734375,9287.25,,261.37200927734375,241.80499267578125,229.08099365234375,180.69500732421875,215.7989959716797,206.77099609375,,4046.280029296875,3573.18994140625,3595.330078125,5703.77001953125,5324.490234375,4836.330078125,,21708.0,19533.0,21804.0,24875.0,24119.0,24250.0,24510.0,61673.0,62398.0,63525.0,65449.0,67132.0,67715.0,69698.0,11136.0,10361.0,11849.0,12501.0,11769.0,12451.0,12616.0,-3453.0,-2927.0,-2936.0,-3620.0,-3606.0,-3452.0,-3791.0,37483.0,30960.0,32124.0,30717.0,31490.0,30336.0,29287.0,Union Pacific Corp,US9078181081,Industrials
UPS UN Equity,Transportation,15633.0,62766.1015625,3660.280029296875,,,,,,,,,,,,,,,,,,,,,,539.0,,,21.54159927368164,28.56999969482422,9.0,,80.0,13.0,92.30770111083984,False,5.0,9.425000190734863,63.307701110839844,92.30770111083984,True,6.333330154418945,12.5,1.0,6.0,75.0,15088.0,15668.0,15845.0,14499.0,14408.0,14898.0,754.0,775.0,676.0,660.0,751.0,729.0,735.0,21008.0,12059.0,19486.0,16862.0,10216.0,9833.0,10333.0,74094.0,84628.0,97287.0,100338.0,90958.0,91070.0,88661.0,57857.0,62408.0,69405.0,71124.0,70857.0,70070.0,73090.0,10801.0,11093.0,16492.0,17018.0,13367.0,12989.0,12563.0,-6380.0,-5412.0,-4194.0,-4769.0,-5158.0,-3909.0,-3685.0,495000.0,543000.0,534000.0,536000.0,500000.0,314000.0,460000.0,United Parcel Service Inc,US9113121068,Industrials
URI UN Equity,Capital Goods,,2109.330078125,,,,,,,,,,,,,,,,True,True,True,True,,,,,,,11.510000228881836,13.460000038146973,,,6.309999942779541,10.0,80.0,False,4.0,7.348480224609375,62.099998474121094,90.0,True,7.416669845581055,,1.0,7.0,100.0,360.6319885253906,373.7170104980469,399.364990234375,439.8869934082031,472.07000732421875,,39.83100128173828,34.70100021362305,34.1150016784668,40.2599983215332,48.93899917602539,47.810001373291016,,13822.0,11656.5,6215.330078125,6159.56982421875,6981.97998046875,7495.7998046875,,9351.0,8530.0,9716.0,11642.0,14332.0,15345.0,16099.0,18970.0,17868.0,20292.0,24183.0,25589.0,28163.0,29866.0,4429.0,4031.0,4510.0,5719.0,6996.0,7374.0,8092.0,-2350.0,-1158.0,-3198.0,-3690.0,-4070.0,-4127.0,-4528.0,19100.0,18250.0,20400.0,24600.0,26300.0,27900.0,28500.0,United Rentals Inc,US9113631090,Industrials
USB UN Equity,Banks,170.8249969482422,538.8109741210938,340.135986328125,,,,,,,,,,,,,,False,True,True,False,True,,,,,111.69999694824219,,53.87189865112305,34.49340057373047,,,,13.0,84.61540222167969,True,4.0,6.958330154418945,62.38460159301758,84.61540222167969,True,1.5,27.777799606323242,1.0,9.0,75.0,41.46099853515625,41.334999084472656,38.20600128173828,36.79800033569336,34.01499938964844,35.459999084472656,255.9290008544922,212.6199951171875,191.91900634765625,178.46600341796875,167.1020050048828,159.9010009765625,135.36500549316406,170.572998046875,83.48400115966797,82.7979965209961,108.08599853515625,133.9499969482422,19638.30078125,21147.80078125,27325.0,25241.0,23714.0,27401.0,40624.0,42712.0,42861.0,495426.0,553905.0,573284.0,674805.0,663491.0,678318.0,692345.0,,,,,,,,0.0,0.0,0.0,0.0,0.0,0.0,0.0,69651.0,68108.0,68796.0,76646.0,70000.0,70000.0,68520.0,US Bancorp,US9029733048,Financials
V UN Equity,Financial Services,83.9469985961914,255.68800354003906,219.09800720214844,410.0,,,6.663000106811523,,1.2599999904632568,,,,,,Targets Set,1.5,False,True,True,False,True,,,,,14.5,,42.0,38.0,,,,12.0,91.66670227050781,False,4.0,7.583330154418945,61.08330154418945,91.66670227050781,True,3.666670083999634,28.571399688720703,1.0,5.0,100.0,9.430999755859375,9.581000328063965,12.777000427246094,15.92199993133545,13.510100364685059,12.635000228881836,66.46099853515625,63.172000885009766,58.61399841308594,61.513999938964844,66.58799743652344,73.44819641113281,71.31199645996094,631.156005859375,498.70001220703125,412.7229919433594,525.2940063476562,575.0089721679688,613.1619873046875,611.3189697265625,22977.0,21846.0,24105.0,29310.0,32653.0,35926.0,40000.0,72574.0,80919.0,82896.0,85501.0,90499.0,94511.0,99627.0,15657.0,14962.0,16719.0,19791.0,22072.0,24808.0,25409.0,-756.0,-736.0,-705.0,-970.0,-1059.0,-1257.0,-1482.0,19500.0,20500.0,21500.0,26500.0,,,34100.0,Visa Inc,US92826C8394,Financials
VEEV UN Equity,Health Care Equipment & Servic,,1.216599941253662,,,,,,,,,,,,,Targets Set,1.5,False,True,True,False,True,,,,,,,44.0,,,,,9.0,88.88890075683594,False,3.0,9.76852035522461,61.88890075683594,88.88890075683594,True,19.75,21.428600311279297,1.0,5.0,75.0,,,,0.21299999952316284,0.2639999985694885,0.2529999911785126,,,,,0.24699999392032623,0.2800000011920929,0.3019999861717224,,,,,50.60200119018555,49.236000061035156,54.45000076293945,862.21,1104.081,1465.069,1850.777,2155.06,2363.673,2746.619,1653.766,2271.777,3046.067,3816.465,4804.296,5910.92,7339.756,236.937,313.97799999999995,420.24899999999997,546.944,504.213,477.962,744.818,-8.44,-3.113,-8.683,-14.214,-13.512,-26.196,-20.519,2553.0,3501.0,4506.0,5482.0,6744.0,7172.0,7291.0,Veeva Systems Inc,US9224751084,Health Care
VICI UN Equity,Equity Real Estate Investment,,3021.610107421875,,,,,,,,,,,,,,,,True,True,,,,,,0.047600001096725464,,,46.0,,,0.0,0.0,7.0,85.71430206298828,False,4.0,7.489580154418945,66.0,85.71430206298828,True,9.0,42.85710144042969,1.0,8.0,75.0,,0.6427000164985657,0.6159999966621399,0.5239999890327454,0.8209999799728394,,,,1.9950000047683716,1.9609999656677246,2.1040000915527344,1.8209999799728394,,,,,,,,,894.798,1225.574,1509.568,2600.697,3611.988,3849.205,4006.116,13265.619,17063.613,17597.373,37575.826,44059.841,45368.94,46724.168,879.364,908.287,1437.0279999999998,1649.249,3391.161,3594.8570000000004,3701.666,0.0,0.0,0.0,-5088.546,-1131.996,-0.248,0.0,140.0,147.0,152.0,147.0,28.0,,28.0,VICI Properties Inc,US9256521090,Real Estate
VLO UN Equity,Energy,32900.0,,,180700.0,,,,,,,,29.0,,,,,False,True,True,False,True,13.0,0.0,0.0,,24.0,,10.522100448608398,12.5,0.0,,18.15999984741211,10.0,90.0,False,3.0,8.649999618530273,63.099998474121094,90.0,True,3.25,14.285699844360352,1.0,7.0,75.0,22990.0,25800.0,26900.0,27200.0,26700.0,27300.0,,,5500.0,5500.0,5700.0,5500.0,5600.0,,,,,,,,108324.0,64912.0,113977.0,176383.0,144766.0,129881.0,122687.0,53864.0,51774.0,57888.0,60982.0,63056.0,60143.0,57988.0,6500.0,1194.0,4909.0,18513.0,14946.0,7002.0,6831.0,-1994.0,-2436.0,-2458.0,-2737.0,-1916.0,-2057.0,-1888.0,10222.0,9964.0,9813.0,9743.0,9908.0,9922.0,9811.0,Valero Energy Corp,US91913Y1001,Energy
VLTO UN Equity,Commercial & Professional Serv,,204.41400146484375,,,,,,,,,,,,,Committed,,,True,,,,,,,,,,32.0,33.0,,,,12.0,75.0,False,4.0,3.013890027999878,63.08330154418945,83.33329772949219,True,3.083329916000366,50.0,3.0,9.0,97.0,7.083000183105469,28.665000915527344,28.933000564575195,36.23699951171875,33.1510009765625,,,21.7450008392334,21.702999114990234,21.58799934387207,23.968000411987305,24.450000762939453,,,,,,2057.43994140625,2014.06005859375,,,4348.0,4700.0,4870.0,5021.0,5193.0,5503.0,,,,4825.0,5693.0,6406.0,7693.0,,,1147.0,1242.0,1270.0,1337.0,1414.0,,,-54.0,-34.0,-54.0,-55.0,-63.0,,,,,15500.0,16500.0,17000.0,Veralto Corp,US92338C1036,Industrials
VMC UN Equity,Materials,1172.550048828125,4719.22998046875,,2771.050048828125,,,5.764999866485596,,,,,,,,,,,,True,,,,,,,,19.0,11.0,12.6899995803833,1.0,0.38999998569488525,9.460000038146973,12.0,91.66670227050781,True,4.0,10.339699745178223,66.33329772949219,91.66670227050781,True,0.75,,3.0,5.0,75.0,625.905029296875,826.8629760742188,929.4190063476562,922.9829711914062,921.2760009765625,881.93701171875,371.77801513671875,339.34100341796875,318.22100830078125,298.593994140625,310.6390075683594,315.6719970703125,290.6080017089844,474.0069885253906,,,3123.699951171875,3639.7099609375,1782.43994140625,,4929.1,4856.8,5552.2,7315.2,7781.9,7417.7,7941.1,10648.793,11686.9,13682.6,14234.6,14545.7,17104.8,16700.4,1305.6,1348.3,1541.7,1621.6000000000001,2118.5,2069.5,2447.0,-384.1,-362.2,-451.3,-612.6,-872.6,-603.5,-677.7,11437.0,8431.0,11437.0,11397.0,10382.0,11436.0,11172.0,Vulcan Materials Co,US9291601097,Materials
VMRK UN Equity,Equity Real Estate Investment,,508.5249938964844,,,,,,,,,,,,,Targets Set,Well-below 2,,,,,,,,,,,,35.0,40.0,,,,11.0,81.81819915771484,False,6.0,4.369050025939941,60.727298736572266,90.90910339355469,True,0.16666699945926666,20.0,1.0,6.0,91.0,72.52999877929688,70.69599914550781,68.8550033569336,62.9109992980957,62.14500045776367,,52.65599822998047,44.29100036621094,42.82899856567383,48.77000045776367,46.119998931884766,45.62799835205078,,149.3679962158203,145.28799438476562,169.2449951171875,181.58799743652344,170.8249969482422,181.98800659179688,,2700.691,2571.705,2463.997,2735.18,2873.964,2980.108,3093.959,21172.769,20286.891,21169.241,20218.262,20034.564,20834.176,20746.023,1765.6699999999998,1632.793,1463.6950000000002,1716.288,1789.8310000000001,1846.964,1903.587,-1714.57,-279.23,-1918.552,-222.391,-402.694,-1724.922,-773.402,2700.0,2600.0,2400.0,2400.0,2400.0,2500.0,2400.0,Vivmark Residential,US29476L1070,Real Estate
VRSK UW Equity,Commercial & Professional Serv,4.791999816894531,8.054929733276367,7.887149810791016,,,,,,,,,,,,Targets Set,1.5,True,True,True,False,True,,,,,,11.0,36.0,,,,,11.0,90.90910339355469,False,4.0,6.363639831542969,63.272701263427734,90.90910339355469,True,4.416669845581055,40.0,1.0,5.0,75.0,2.6080000400543213,2.9130001068115234,2.5950000286102295,2.3320000171661377,2.388000011444092,2.328000068664551,11.649100303649902,9.538999557495117,7.910999774932861,6.554999828338623,4.75,2.9839999675750732,2.4639999866485596,9.99839973449707,1.9279999732971191,0.6880000233650208,72.6500015258789,75.4469985961914,59.323001861572266,57.935001373291016,2607.1,2784.6,2462.5,2497.0,2681.4,2881.7,3072.7,7055.2,7561.8,7808.1,6961.1,4366.1,4264.7,6195.5,1069.0,1448.1,1345.8,1792.2,1445.3,1588.5000000000002,1696.6000000000001,-216.8,-246.8,-268.4,-274.7,-230.0,-223.9,-244.1,9060.0,8960.0,9367.0,7000.0,7500.0,7800.0,8000.0,Verisk Analytics Inc,US92345Y1064,Industrials
VRSN UW Equity,Software & Services,,,,,,,,,,,,,,,,,,,,True,,,,,,,,30.0,23.06999969482422,,,0.0,7.0,85.71430206298828,True,3.0,11.071399688720703,64.71430206298828,85.71430206298828,False,18.33329963684082,16.66670036315918,1.0,6.0,75.0,,,,,,,,,,,,,,,,,,,,,1231.661,1265.1,1327.6,1424.9,1493.1,1557.4,1656.6,1854.009,1766.91,1983.8,1733.4,1749.0,1406.5,1325.9,852.457,870.6,914.6999999999999,990.0,1044.7,1095.1000000000001,1152.2,-40.316,-43.4,-53.0,-27.4,-45.8,-28.1,-22.8,872.0,907.0,902.0,914.0,907.0,932.0,926.0,VeriSign Inc,US92343E1029,Information Technology
VRT UN Equity,Capital Goods,,,,,,,,,,,,,,,,,False,True,True,False,True,119.0,,,,,,,,,0.18000000715255737,,10.0,80.0,False,4.0,5.8257598876953125,66.69999694824219,80.0,False,3.75,,1.0,4.0,75.0,,,,,,,,,,,,,,,,,,,,,4431.2,4370.6,4998.1,5691.5,6863.2,8011.8,10229.9,4657.4,5073.8,6939.6,7095.7,7998.5,9132.5,12212.4,409.0,495.90000000000003,546.4,588.2,1222.9,1711.5,2222.0,-47.6,-44.4,-73.4,-100.0,-127.9,-167.0,-220.0,,,,27000.0,27000.0,31000.0,34000.0,Vertiv Holdings Co,US92537N1081,Industrials
VRTX UW Equity,"Pharmaceuticals, Biotechnology",27.73900032043457,118.49099731445312,,188.39999389648438,,,2.1089999675750732,0.6644999980926514,,,,,,,,,False,True,True,False,True,8.0,,,,51.0,,55.0,41.93550109863281,,,0.0,11.0,81.81819915771484,False,4.0,9.274999618530273,60.90909957885742,81.81819915771484,False,6.5,40.0,1.0,7.0,90.0,5.642000198364258,6.127999782562256,9.333999633789062,8.310999870300293,8.97599983215332,12.295999526977539,10.083000183105469,10.590999603271484,10.956999778747559,14.255999565124512,14.404999732971191,16.117000579833984,15.442999839782715,,206.33200073242188,207.20700073242188,249.8159942626953,474.1289978027344,551.64697265625,579.6489868164062,4162.8,6205.7,7574.4,8930.7,9869.2,11020.1,12001.3,8318.465,11751.8,13432.5,18150.9,22730.2,22533.2,25643.0,1310.0,2984.9,2941.2,4488.3,4058.4,76.6,4577.6,-75.4,-259.8,-235.0,-204.7,-200.4,-297.7,-437.6,,3400.0,3900.0,4800.0,5400.0,6100.0,6400.0,Vertex Pharmaceuticals Inc,US92532F1003,Health Care
VST UN Equity,Utilities,92840.1015625,404203.0,,12714300.0,,,114.31500244140625,0.22300000488758087,9.720000267028809,,,,,,Targets Set,1.5,False,True,True,True,True,42.0,,,,12.0,16.200000762939453,24.0,24.649999618530273,0.0,0.20999999344348907,29.100000381469727,11.0,90.90910339355469,False,3.0,6.393939971923828,62.63639831542969,90.90910339355469,True,4.166669845581055,50.0,1.0,9.0,75.0,94290.0,98749.6015625,94785.1015625,86326.796875,86194.6015625,92602.5,249.0679931640625,333.7699890136719,242.97000122070312,220.13800048828125,245.78500366210938,214.55799865722656,237.52200317382812,,2724.7900390625,2416.330078125,2361.429931640625,1913.5899658203125,20725.80078125,,11809.0,11443.0,12077.0,13728.0,14779.0,17224.0,17738.0,26616.0,25208.0,29683.0,32787.0,32966.0,37770.0,41550.0,3875.0,3573.0,539.0,879.0,4629.0,6712.0,4856.0,-609.0,-1259.0,-1033.0,-1301.0,-1676.0,-2078.0,-2752.0,5475.0,5365.0,5060.0,4910.0,4870.0,6850.0,6390.0,Vistra Corp,US92840M1027,Utilities
VTR UN Equity,Equity Real Estate Investment,,1919.510009765625,,,,,109.61199951171875,,,,,,,,Targets Set,1.5,False,True,True,False,True,,,,,,,43.0,37.0,,0.18000000715255737,0.0,12.0,91.66670227050781,True,4.0,9.055560111999512,62.16669845581055,91.66670227050781,True,27.58329963684082,27.777799606323242,1.0,6.0,75.0,108.69200134277344,121.59100341796875,158.04600524902344,134.65899658203125,129.4199981689453,143.39100646972656,273.0220031738281,254.33299255371094,273.0320129394531,337.0989990234375,316.68701171875,315.7139892578125,,438.9909973144531,409.1090087890625,391.9020080566406,471.9960021972656,450.5459899902344,429.85101318359375,379.4649963378906,3872.75,3795.357,3828.007,4129.193,4497.827,4924.266,5833.98,24692.208,23929.404,24717.786,24157.84,24725.433,26186.906,27591.945,1920.8619999999999,1703.491,1603.4160000000002,1661.967,1829.76,1947.704,2258.791,-958.125,-78.648,-1369.052,-446.628,-6.466,-1925.957,-2293.769,519.0,448.0,434.0,451.0,486.0,498.0,542.0,Ventas Inc,US92276F1003,Real Estate
VTRS UW Equity,"Pharmaceuticals, Biotechnology",,1048.0999755859375,193.5,3230.0,20.309600830078125,,37.900001525878906,16.5,,,,,,,Targets Set,1.5,True,True,True,True,True,139.0,,,,0.14499999582767487,11.5,40.599998474121094,26.200000762939453,0.0,0.20999999344348907,,13.0,92.30770111083984,False,5.0,5.5,65.30770111083984,100.0,True,3.5,16.66670036315918,1.0,11.0,75.0,132.0,130.10000610351562,110.5999984741211,95.80000305175781,96.4000015258789,96.0999984741211,,334.947998046875,305.62200927734375,293.07501220703125,296.6260070800781,307.2019958496094,,,2032.0,2052.0,1959.0,2154.0,2154.0,1320.0,11500.5,11946.0,17886.3,16262.7,15426.9,14739.3,14299.9,31255.5,61553.0,54842.8,50022.2,47685.5,41500.9,37193.1,2822.4,2086.0,4570.1,4733.4,3594.2999999999997,2993.1,257.40000000000026,-213.2,-243.0,-457.2,-406.0,-377.0,-326.0,-378.8,35000.0,45000.0,37000.0,37000.0,38000.0,32000.0,30000.0,Viatris Inc,US92556V1061,Health Care
VZ UN Equity,Telecommunication Services,3619.389892578125,11410.2998046875,7565.0,7344.02978515625,,,,,,,,,,,Targets Set,1.5,,,,,,,,,,,,31.100000381469727,36.13999938964844,,,27.0,10.0,90.0,False,4.0,6.222219944000244,63.599998474121094,90.0,True,1.0,36.36360168457031,1.0,7.0,75.0,336.83099365234375,310.1449890136719,273.90399169921875,269.3330078125,265.8590087890625,283.3970031738281,4006.8701171875,3753.659912109375,3554.159912109375,3498.639892578125,3511.080078125,3596.919921875,3335.989990234375,18189.0,15640.400390625,15267.2001953125,14401.400390625,15124.2001953125,13743.2001953125,11999.2001953125,131868.0,128292.0,133613.0,136835.0,133974.0,134788.0,138191.0,291727.0,316481.0,366596.0,379680.0,380255.0,384711.0,404258.0,51635.0,50367.0,53709.0,52712.0,45723.0,51969.0,53148.0,-17939.0,-18192.0,-20286.0,-23087.0,-18767.0,-17090.0,-17011.0,135000.0,132200.0,118400.0,117100.0,105400.0,99600.0,89900.0,Verizon Communications Inc,US92343V1044,Communication Services
WAB UN Equity,Capital Goods,259.4570007324219,1034.1099853515625,61.7130012512207,,,,,,,,,,,,,,True,True,True,False,True,,,,,1.0829999446868896,17.0,18.0,,0.0,,15.0,9.0,88.88890075683594,False,5.0,9.083330154418945,63.777801513671875,88.88890075683594,True,7.25,15.384599685668945,3.0,7.0,75.0,,136.50399780273438,129.78700256347656,131.343994140625,139.0709991455078,131.1009979248047,,,136.91799926757812,139.04400634765625,132.6219940185547,139.08799743652344,128.3560028076172,,,482.4570007324219,49998.6015625,52665.0,55580.1015625,58262.69921875,8200.0,7556.1,7822.0,8362.0,9677.0,10387.0,11167.0,18944.2,18454.5,18454.0,18516.0,18988.0,18702.0,22069.0,1118.4,1274.7,1506.0,1630.0,1898.0,2259.0,2515.0,-185.3,-136.4,-130.0,-149.0,-186.0,-207.0,-260.0,27500.0,27000.0,25000.0,27000.0,29000.0,29500.0,31000.0,Westinghouse Air Brake Technol,US9297401088,Industrials
WAT UN Equity,"Pharmaceuticals, Biotechnology",,142.77099609375,,,,,,,,,,,,,Targets Set,1.5,,,True,,,,,,,,,32.0,32.29999923706055,,0.20999999344348907,0.0,10.0,90.0,False,3.0,6.287879943847656,64.4000015258789,90.0,True,6.083330154418945,36.36360168457031,1.0,9.0,75.0,11.0,13.5,13.0,12.699999809265137,15.123000144958496,,12.944000244140625,13.354000091552734,18.128999710083008,,17.542400360107422,19.6299991607666,,,22.195999145507812,80.38140106201172,69.77200317382812,189.0189971923828,386.90899658203125,,2406.596,2365.365,2785.874,2971.956,2956.416,2958.387,3165.286,2557.055,2839.92,3094.932,3281.453,4626.854,4553.795,5076.55,849.753,808.85,987.387,1003.818,983.581,1057.1779999999999,1008.8249999999999,-163.823,-172.384,-161.266,-175.921,-160.632,-142.481,-112.745,7400.0,7400.0,7800.0,8200.0,7900.0,7600.0,7900.0,Waters Corp,US9418481035,Health Care
WBD UW Equity,Media & Entertainment,193.5709991455078,,,,,,,,,,,,,,,,,True,True,,True,,,,,,,46.58000183105469,47.470001220703125,,,,13.0,92.30770111083984,False,6.0,5.903850078582764,65.15380096435547,92.30770111083984,True,19.75,30.434799194335938,1.0,28.0,75.0,,,,46.44300079345703,130.3419952392578,80.6500015258789,,,,,175.04400634765625,139.6219940185547,112.9209976196289,,,,,1567.6300048828125,1121.3599853515625,1071.6199951171875,11144.0,10671.0,12191.0,33817.0,41321.0,39321.0,37296.0,33735.0,34087.0,34427.0,134001.0,122757.0,104560.0,100085.0,4470.0,3990.0,3697.0,195.0,6977.0,-2554.0,6829.0,-289.0,-402.0,-373.0,-987.0,-1316.0,-948.0,-1231.0,9200.0,9800.0,11000.0,37500.0,35300.0,35000.0,35500.0,Warner Bros Discovery Inc,US9344231041,Communication Services
WDAY UW Equity,Software & Services,,280.8450012207031,,,,,,,,,,,,,Targets Set,1.5,,,True,,,,,,,,,42.29999923706055,38.900001525878906,,,,11.0,90.90910339355469,True,4.0,7.861110210418701,62.545501708984375,90.90910339355469,True,0.6666669845581055,36.36360168457031,3.0,14.0,73.0,1.7330000400543213,1.4709999561309814,1.8350000381469727,2.6600000858306885,2.752000093460083,2.5840001106262207,34.33000183105469,36.611000061035156,40.58399963378906,45.82099914550781,60.926998138427734,67.5199966430664,82.36499786376953,69.34100341796875,294.9700012207031,235.25,171.552001953125,250.02699279785156,277.25299072265625,254.6959991455078,2822.18,3627.206,4317.996,5138.798,6215.818,7259.0,8446.0,5520.746,6816.365,8718.411,10498.505,13486.238,16452.0,17977.0,-265.173,-140.798,139.241,320.31800000000004,165.741,574.0,864.0,-202.507,-243.694,-253.38,-264.267,-359.552,-228.0,-269.0,10500.0,12200.0,12500.0,15200.0,17744.0,18824.0,20482.0,Workday Inc,US98138H1014,Information Technology
WDC UW Equity,Technology Hardware & Equipmen,,1599.0999755859375,,,,,,,,,,,,,Targets Set,1.5,,,,True,True,,,,,,,68.5,,,0.07999999821186066,,,87.5,,,7.379630088806152,,,,1.75,27.2726993560791,,,,44.64339828491211,46.152000427246094,49.310699462890625,139.98199462890625,144.03399658203125,107.91799926757812,970.4310302734375,958.052001953125,998.989013671875,1018.8599853515625,873.0579833984375,863.2930297851562,685.719970703125,35.32500076293945,10682.7001953125,9865.4404296875,10792.7001953125,7339.83984375,7083.77001953125,7392.3798828125,16569.0,16736.0,16922.0,18793.0,12318.0,6317.0,9520.0,26370.0,25662.0,26132.0,26259.0,24429.0,24188.0,14002.0,1899.0,1956.0,2482.0,3424.0,-400.0,206.0,2818.0,-876.0,-647.0,-1146.0,-1122.0,-821.0,-487.0,-412.0,61800.0,63800.0,65000.0,65000.0,53000.0,51000.0,40000.0,Western Digital Corp,US9581021055,Information Technology
WEC UN Equity,Utilities,,78224.0,,2443000.0,,,20.187000274658203,0.04699999839067459,11.520000457763672,,,,,,,,False,True,True,False,True,107.0,0.0,0.0,,19.0,,24.0,24.389999389648438,0.0,0.3400000035762787,58.59000015258789,13.0,84.61540222167969,False,6.0,7.680560111999512,66.69229888916016,92.30770111083984,False,4.666669845581055,41.66669845581055,1.0,6.0,75.0,20192.19921875,21676.0,18980.5,19449.0,19060.0,,110.0,74.0,82.0,251.1959991455078,220.0,182.0,,33171.8984375,29600.30078125,25137.19921875,28348.0,25739.0,24228.0,27685.0,7523.1,7241.7,8316.0,9597.4,8893.0,8599.9,9800.1,34951.8,37028.1,38988.5,41872.1,43939.7,47363.2,51518.3,2463.2,2687.4,2792.6,3052.9,3176.8999999999996,3512.5,3731.2000000000003,-2529.0,-2238.8,-2372.7,-2696.9,-3571.6,-3774.8,-4804.2,7509.0,7273.0,6938.0,7022.0,7000.0,7017.0,7151.0,WEC Energy Group Inc,US92939U1060,Utilities
WELL UN Equity,Equity Real Estate Investment,710.5130004882812,4075.429931640625,33.540000915527344,17954.5,,,119.31099700927734,,,,,,,,Targets Set,Well-below 2,False,True,True,False,False,3.0,,,1.4700000286102295,0.4390000104904175,19.75,47.0,38.54169845581055,0.0,0.20000000298023224,,9.0,88.88890075683594,False,4.0,7.324069976806641,60.777801513671875,88.88890075683594,True,6.0,8.695650100708008,1.0,15.0,75.0,126.65599822998047,147.30799865722656,152.05799865722656,132.89700317382812,154.97999572753906,157.8419952392578,305.4259948730469,352.18798828125,360.3429870605469,442.8340148925781,252.02200317382812,293.94500732421875,552.6710205078125,614.0819702148438,378.0610046386719,348.5589904785156,338.135986328125,560.6270141601562,609.3109741210938,752.3610229492188,5121.306,4605.967,4742.115,5860.615,6637.995,7991.118,10838.034,33380.751,32483.642,34910.325,37893.233,44012.166,51044.308,67303.047,2231.6499999999996,1590.496,1763.058,2028.393,2383.752,2780.0070000000005,2373.583,-4283.171,-1105.092,-4502.137,-2937.757,-4573.201,-4353.349,-14351.706,443.0,423.0,464.0,514.0,533.0,685.0,712.0,Welltower Inc,US95040Q1040,Real Estate
WFC UN Equity,Banks,599.593994140625,1770.5400390625,1479.260009765625,5748.9599609375,,,45.106998443603516,,19.21780014038086,,,,,,,,,,,,,,,,200.0,,,50.0,40.59000015258789,,,,13.0,92.30770111083984,True,4.0,6.854169845581055,66.84619903564453,92.30770111083984,True,7.0,25.0,1.0,10.0,,78.08699798583984,73.31900024414062,77.47599792480469,82.41000366210938,79.28500366210938,78.48200225830078,771.3270263671875,694.010986328125,569.6329956054688,593.4949951171875,558.6160278320312,540.8740234375,521.1119995117188,3603.18994140625,2457.010009765625,2135.8701171875,2047.1099853515625,2405.360107421875,,,105684.0,82227.0,82407.0,83442.0,115340.0,125397.0,123529.0,1927555.0,1952911.0,1948068.0,1881020.0,1932468.0,1929845.0,2148631.0,,,,,,,,0.0,0.0,0.0,0.0,0.0,0.0,0.0,259800.0,268531.0,249435.0,238698.0,225869.0,217502.0,205000.0,Wells Fargo & Co,US9497461015,Financials
WM UN Equity,Commercial & Professional Serv,14301.400390625,11360.599609375,5307.5,6100.0,,,560.5999755859375,,1.600000023841858,,,,,,Committed,,,True,True,,True,1954.0,,,41.20050048828125,28.899999618530273,20.0,19.299999237060547,18.200000762939453,0.0,,15.0,9.0,88.88890075683594,False,6.0,7.888889789581299,64.55560302734375,88.88890075683594,False,9.916669845581055,26.66670036315918,1.0,8.0,75.0,16083.2001953125,19186.30078125,17331.599609375,16838.80078125,14969.5,13887.0,238.34100341796875,236.1510009765625,301.8999938964844,327.5,311.3999938964844,307.8999938964844,414.3999938964844,3211.659912109375,3502.989990234375,1720.800048828125,1878.9000244140625,2022.9000244140625,2157.60009765625,2296.10009765625,15455.0,15218.0,17931.0,19698.0,20426.0,22063.0,25204.0,27743.0,29345.0,29097.0,31367.0,32823.0,44567.0,45835.0,4412.0,4245.0,5119.0,5479.0,5835.0,6594.0,7598.0,-1818.0,-1632.0,-1904.0,-2587.0,-2895.0,-3231.0,-3227.0,44900.0,48250.0,48500.0,49500.0,48000.0,61700.0,60500.0,Waste Management Inc,US94106L1098,Industrials
WMB UN Equity,Energy,16250.0,54702.19921875,794.9829711914062,1646.3499755859375,,,122.91999816894531,0.3179999887943268,61.856998443603516,21.0,0.1733500063419342,10.0,0.009698240086436272,,,,False,True,True,False,True,31.0,0.0,0.0,3.700000047683716,15.0,8.899999618530273,20.206600189208984,24.0,0.0,0.17000000178813934,0.0,11.0,90.90910339355469,False,5.0,5.902780055999756,65.45449829101562,90.90910339355469,True,1.25,8.333330154418945,1.0,7.0,75.0,12621.599609375,13060.0,13930.0,14440.0,13910.0,13960.0,1546.06005859375,1500.0,1660.0,1780.0,1810.0,2130.0,2290.0,,19301.400390625,20506.5,22118.0,24992.69921875,25072.0,,8201.0,7719.0,10627.0,10965.0,10907.0,10503.0,11950.0,46040.0,44165.0,47612.0,48433.0,52627.0,54532.0,58573.0,3673.0,3959.0,4507.0,5061.0,6419.0,5597.0,6582.0,-2109.0,-1239.0,-1247.0,-2253.0,-2516.0,-2573.0,-4893.0,4812.0,4739.0,4783.0,5043.0,5601.0,5829.0,5987.0,Williams Cos Inc/The,US9694571004,Energy
WMT UW Equity,Consumer Staples Distribution,17820.0,41510.3984375,,,,,1584.219970703125,,136.5989990234375,,,,,,Targets Set,1.5,False,True,True,False,True,,,,1000.0,1970.0,,50.900001525878906,,,,,14.0,71.42859649658203,False,4.0,8.21969985961914,56.285701751708984,85.71430206298828,True,0.6666669845581055,37.25490188598633,1.0,5.0,75.0,6484.6201171875,6728.06005859375,7370.0,8530.0,8940.0,9040.0,13057.400390625,12190.900390625,9891.1201171875,9550.0,9590.0,9270.0,9460.0,184474.0,184474.0,171269.0,242835.0,609827.0,625301.0,636568.0,514405.0,523964.0,559151.0,572754.0,611289.0,648125.0,680985.0,219295.0,236495.0,252496.0,244860.0,243197.0,252399.0,260823.0,32635.0,34225.0,36326.0,38874.0,33679.0,41142.0,44668.0,-10344.0,-10705.0,-10264.0,-13106.0,-16857.0,-20606.0,-23783.0,2200000.0,2200000.0,2300000.0,2300000.0,2100000.0,2100000.0,2100000.0,Walmart Inc,US9311421039,Consumer Staples
WRB UN Equity,Insurance,24.590999603271484,,,,,,,,,,,,,,,,False,False,True,False,False,,,,,,,50.400001525878906,,,,,10.0,80.0,False,4.0,11.008299827575684,67.4000015258789,80.0,False,11.0,,3.0,7.0,86.0,0.7512999773025513,5.39300012588501,7.434999942779541,9.371000289916992,10.411999702453613,9.878000259399414,0.4255000054836273,0.3456000089645386,18.48699951171875,16.190000534057617,16.77199935913086,15.10200023651123,14.713000297546387,6.914999961853027,1.2929999828338623,,,,,,7902.196,8098.925,9455.466,11166.499,12142.938,13638.752,14707.856,26643.428,28571.965,32086.414,33861.099,37111.83,40567.268,44071.071,,,,,,,,-60.457,-38.171,-66.634,-52.684,-53.08,-105.623,-169.994,7493.0,7495.0,7681.0,8186.0,8329.0,8606.0,8804.0,W R Berkley Corp,US0844231029,Financials
WSM UN Equity,Consumer Discretionary Distrib,73.875,247.08700561523438,54.359100341796875,,,,84.24800109863281,,57.87799835205078,,,,,,Targets Set,1.5,False,True,True,False,True,,,,,12.800000190734863,,68.0999984741211,56.599998474121094,,,0.0,8.0,87.5,False,4.0,6.885419845581055,60.625,87.5,True,16.41670036315918,63.63639831542969,1.0,4.0,75.0,17.53700065612793,12.905699729919434,21.67799949645996,23.211000442504883,20.86400032043457,20.381000518798828,70.41500091552734,74.30999755859375,63.355201721191406,60.757999420166016,65.0459976196289,58.76100158691406,55.95899963378906,3791.14990234375,3403.6298828125,3442.8798828125,3491.85009765625,2939.47998046875,2285.510009765625,2583.1201171875,5671.593,5898.008,6783.189,8245.936,8674.417,7750.652,7711.541,2812.844,4054.042,4661.424,4625.62,4663.016,5273.548,5301.607,624.761,921.5160000000001,1362.478,1906.127,1987.661,1773.562,1959.091,-190.102,-186.276,-169.513,-226.517,-354.117,-188.458,-221.567,11400.0,11600.0,12200.0,12200.0,12500.0,10700.0,19600.0,Williams-Sonoma Inc,US9699041011,Consumer Discretionary
WST UN Equity,"Pharmaceuticals, Biotechnology",139.1909942626953,513.0989990234375,121.87999725341797,,,,,,,,,,,,Targets Set,1.5,True,True,True,False,True,48.0,,,,4.900000095367432,,37.0,31.0,,,,12.0,91.66670227050781,True,6.0,9.597220420837402,64.25,91.66670227050781,True,0.16666699945926666,,1.0,10.0,92.0,29.542999267578125,31.309999465942383,31.371000289916992,30.827999114990234,31.430999755859375,33.766998291015625,92.9229965209961,91.31600189208984,96.92400360107422,0.0,,70.0270004272461,105.42400360107422,,,,698.6290283203125,822.8400268554688,513.8759765625,538.9429931640625,1839.9,2146.9,2831.6,2886.9,2949.8,2893.2,3074.1,2341.4,2793.8,3313.8,3616.8,3829.5,3643.4,4270.0,412.9,528.8,887.3,870.1,833.5999999999999,750.5,782.8,-126.4,-174.4,-253.4,-284.6,-362.0,-377.0,-285.9,8200.0,9200.0,10065.0,10700.0,10600.0,10600.0,10800.0,West Pharmaceutical Services I,US9553061055,Health Care
WTW UW Equity,Insurance,25.615999221801758,52.755001068115234,16.96299934387207,,,,,,,,,,,,,,False,True,True,False,True,,,,,1.600000023841858,,55.0,33.70000076293945,,,,9.0,88.88890075683594,False,4.0,4.222219944000244,62.66669845581055,88.88890075683594,True,4.75,62.5,1.0,8.0,75.0,,10.114999771118164,11.354000091552734,10.265000343322754,10.491999626159668,8.402000427246094,39.74800109863281,,28.371999740600586,26.28700065612793,23.864999771118164,21.413000106811523,17.214000701904297,437.0360107421875,,293.2659912109375,308.9960021972656,354.2409973144531,321.4330139160156,197.01400756835938,9039.0,8615.0,8998.0,8866.0,9483.0,9930.0,9708.0,35426.0,38531.0,34970.0,31769.0,29090.0,27681.0,29530.0,2233.0,1789.0,3024.0,1905.0,2003.0,1206.0,2741.0,-246.0,-223.0,-148.0,-138.0,-153.0,-136.0,-229.0,45000.0,46000.0,44000.0,46600.0,48000.0,48900.0,46900.0,Willis Towers Watson PLC,IE00BDB6Q211,Financials
WY UN Equity,Equity Real Estate Investment,800.0,8895.1396484375,6144.080078125,2830.0,,,5205.97998046875,0.06300000101327896,3434.0400390625,3.0,0.17800000309944153,,,,Targets Set,1.5,False,True,True,False,True,,1.0,1.0,,5.800000190734863,20.799999237060547,18.0,32.692298889160156,0.0,,24.0,11.0,90.90910339355469,False,4.0,10.772700309753418,64.54550170898438,90.90910339355469,True,7.75,25.0,1.0,4.0,100.0,449.7439880371094,442.60699462890625,400.0,400.0,400.0,400.0,697.125,461.9419860839844,489.9209899902344,500.0,500.0,400.0,400.0,5.1570000648498535,9503.2197265625,9400.0,9300.0,9300.0,9000.0,8900.0,6554.0,7532.0,10201.0,10184.0,7674.0,7124.0,6905.0,16406.0,16311.0,17652.0,17340.0,16983.0,16536.0,16613.0,1181.0,2203.0,4140.0,3581.0,1708.0,1211.0,1265.0,-384.0,-706.0,-590.0,-763.0,-680.0,-667.0,-943.0,9400.0,9372.0,9214.0,9264.0,9318.0,9440.0,9517.0,Weyerhaeuser Co,US9621661043,Real Estate
WYNN UW Equity,Consumer Services,406.6310119628906,268.239013671875,86.56999969482422,2198.6298828125,,,26.683000564575195,0.013000000268220901,5.019000053405762,,,,,,,,False,True,True,False,False,380.0,,,,23.283700942993164,16.0,45.976898193359375,37.0,,1.2000000476837158,53.0,9.0,88.88890075683594,False,5.0,6.629630088806152,64.77780151367188,88.88890075683594,False,4.666669845581055,37.5,3.0,5.0,75.0,155.0449981689453,341.74200439453125,310.7760009765625,330.6929931640625,304.7430114746094,342.16900634765625,238.5500030517578,69.5719985961914,80.89900207519531,69.59400177001953,47.90299987792969,67.8499984741211,64.46199798583984,,,,,,,,6611.099,2095.861,3763.664,3756.825,6531.897,7127.961,7137.924,13871.281,13869.547,12530.826,13415.1,13996.223,12977.963,13108.117,1536.309,-476.9690000000001,344.299,621.736,1686.336,1950.348,1897.911,-1063.293,-290.115,-290.657,-300.127,-442.793,-419.929,-660.433,30200.0,27500.0,26950.0,27000.0,27800.0,28000.0,28500.0,Wynn Resorts Ltd,US9831341071,Consumer Discretionary
XEL UW Equity,Utilities,29690.0,,,,,,59.80500030517578,0.054999999701976776,5.954999923706055,0.0,,592.0,,,,,False,True,True,False,True,206.0,0.0,1.0,,13.5,9.020000457763672,24.0,26.0,1.0,0.4699999988079071,43.0,12.0,91.66670227050781,True,5.0,4.454549789428711,62.16669845581055,91.66670227050781,True,5.166669845581055,28.571399688720703,1.0,5.0,100.0,36905.19921875,39500.0,37960.0,36180.0,32660.0,29310.0,607.6439819335938,431.2950134277344,700.0,740.0,310.0,760.0,380.0,7122.919921875,6445.58984375,23200.0,24260.0,23320.0,22100.0,23250.0,11529.0,11526.0,13431.0,15310.0,14206.0,13441.0,14669.0,50448.0,53957.0,57851.0,61188.0,64079.0,70035.0,81371.0,4258.0,4462.0,4747.0,5262.0,5331.0,5532.0,5900.0,-4245.0,-5389.0,-4258.0,-4673.0,-5889.0,-7401.0,-10911.0,11000.0,11367.0,11321.0,11982.0,11311.0,11380.0,11534.0,Xcel Energy Inc,US98389B1008,Utilities
XOM UN Equity,Energy,99000.0,388889.0,,440000.0,,0.4000000059604645,2800.0,600.0,300.0,,,438.0,6.000199794769287,,,,False,True,True,False,True,1.0,1.0,2.0,73.0,204.0,,28.0,28.0,1.0,0.009999999776482582,,13.0,92.30770111083984,True,5.0,5.534719944000244,61.84619903564453,92.30770111083984,True,9.75,0.0,1.0,10.0,75.0,97000.0,98000.0,97000.0,93000.0,92000.0,90000.0,9000.0,8000.0,7000.0,7000.0,7000.0,8000.0,9000.0,730000.0,650000.0,690000.0,720000.0,730000.0,730000.0,720000.0,255583.0,178574.0,276692.0,398675.0,334697.0,339247.0,323905.0,362597.0,332750.0,338923.0,369067.0,376317.0,453475.0,448980.0,31963.0,16909.0,45382.0,89362.0,66364.0,65269.0,61981.0,-24361.0,-17282.0,-12076.0,-18407.0,-21919.0,-24306.0,-28358.0,74900.0,72000.0,63000.0,62000.0,61500.0,60900.0,57900.0,ExxonMobil Holdings Corp,US30233Q1085,Energy
XYL UN Equity,Capital Goods,117.60299682617188,493.5320129394531,,4720.0,96.0,,51.75600051879883,15.1850004196167,29.503999710083008,,,,,,Targets Set,1.5,True,True,True,False,True,92.0,,,,,7.0,26.0,29.0,0.0,0.23000000417232513,,9.0,88.88890075683594,False,5.0,6.933330059051514,61.33330154418945,88.88890075683594,True,2.75,46.15380096435547,1.0,5.0,100.0,39.05099868774414,47.707000732421875,41.82600021362305,76.22100067138672,73.94300079345703,71.01300048828125,50.12699890136719,49.93899917602539,44.569000244140625,43.29499816894531,52.70399856567383,52.005001068115234,46.59000015258789,71834.796875,1968.050048828125,61206.1015625,66350.296875,63324.80078125,63670.8984375,62096.6015625,5249.0,4876.0,5195.0,5522.0,7364.0,8562.0,9035.0,7710.0,8750.0,8276.0,7952.0,16112.0,16493.0,17634.0,819.0,695.0,914.0,941.0,1184.0,1677.0,1909.0,-226.0,-183.0,-208.0,-208.0,-271.0,-321.0,-331.0,16300.0,16700.0,17300.0,17800.0,23000.0,23000.0,22000.0,Xylem Inc/NY,US98419M1009,Industrials
XYZ UN Equity,Financial Services,,30.557600021362305,,,,,,,,,,,,,Targets Set,1.5,,True,True,,True,,,,,,,45.099998474121094,,,,,10.0,60.0,True,3.0,10.300000190734863,55.29999923706055,90.0,True,17.66670036315918,36.36360168457031,3.0,5.0,75.0,0.7149999737739563,0.8790000081062317,1.2306900024414062,0.9829999804496765,0.7103899717330933,,4.583000183105469,6.1539998054504395,14.456999778747559,10.705599784851074,9.748000144958496,8.526000022888184,,189.2469940185547,224.20799255371094,297.2239990234375,376.0539855957031,281.51800537109375,402.9309997558594,,4713.5,9497.578,17661.203,17531.587,21915.623,24121.053,24193.683,4551.258,9869.55,13925.764,31364.34,34069.893,36777.595,39549.887,128.196,127.057,366.795,-206.609,195.447,1324.567,2133.92,-62.498,-138.402,-134.32,-170.815,-151.151,-153.947,-155.038,3845.0,5477.0,8521.0,12428.0,12985.0,11372.0,10205.0,Block Inc,US8522341036,Financials
YUM UN Equity,Consumer Services,171.8000030517578,572.2030029296875,80.1083984375,,,,,,,,,,,,Targets Set,1.5,False,True,True,False,True,,,,,74.0,20.0,42.0,44.0,,,11.399999618530273,12.0,91.66670227050781,False,4.0,7.673079967498779,61.58330154418945,91.66670227050781,True,1.0,42.85710144042969,1.0,8.0,75.0,38.90700149536133,39.01259994506836,42.91999816894531,38.922000885009766,41.19200134277344,47.70100021362305,144.8260040283203,128.12899780273438,117.62100219726562,100.47699737548828,105.18900299072266,121.11699676513672,124.0989990234375,29817.80078125,36991.1015625,35134.5,29451.0,27935.099609375,33959.6015625,33036.5,5597.0,5652.0,6584.0,6842.0,7076.0,7549.0,8214.0,5231.0,5852.0,5966.0,5846.0,6231.0,6727.0,8197.0,2088.0,1726.0,2389.0,2411.0,2550.0,2665.0,2889.0,-196.0,-160.0,-230.0,-279.0,-285.0,-257.0,-371.0,34000.0,38000.0,36000.0,36000.0,35000.0,40000.0,49000.0,Yum! Brands Inc,US9884981013,Consumer Discretionary
ZBH UN Equity,Health Care Equipment & Servic,,319.656005859375,,,,,,,,,,,,,Targets Set,1.5,,,,,,,,,,,,35.0,26.0,,0.10000000149011612,,10.0,90.0,True,5.0,9.816670417785645,60.900001525878906,90.0,True,3.166670083999634,18.75,1.0,8.0,75.0,17.343000411987305,9.722000122070312,12.029000282287598,10.614999771118164,10.190999984741211,,,110.20600128173828,112.43399810791016,106.60800170898438,117.67400360107422,109.24299621582031,,1187.8699951171875,1178.8299560546875,1183.8199462890625,1244.8399658203125,854.760009765625,750.0869750976562,,7982.2,7024.5,6827.3,6939.9,7394.2,7678.6,8231.5,24638.7,24417.7,23456.4,21066.0,21496.9,21365.4,23091.7,2219.6,1028.6000000000001,1869.1,1685.1,2289.1,2346.7,2256.2,-523.0,-409.2,-417.2,-446.2,-602.8,-444.1,-525.0,19900.0,20000.0,19500.0,18000.0,18000.0,17000.0,17000.0,Zimmer Biomet Holdings Inc,US98956P1021,Health Care
ZBRA UW Equity,Technology Hardware & Equipmen,,63.07600021362305,,,,,,,,,,,,,Targets Set,1.5,False,True,True,False,True,,,,,,,35.0,19.0,,,,11.0,81.81819915771484,False,5.0,11.36359977722168,63.36360168457031,81.81819915771484,False,3.583329916000366,33.33330154418945,3.0,7.0,75.0,2.0999999046325684,2.299999952316284,2.0999999046325684,2.5999999046325684,3.5480000972747803,,,10.600000381469727,10.0,10.699999809265137,11.600000381469727,20.62700080871582,,,1465.0,1482.199951171875,1581.5,1347.4000244140625,924.8599853515625,,4485.0,4448.0,5627.0,5781.0,4584.0,4981.0,5396.0,4711.0,5375.0,6215.0,7529.0,7306.0,7968.0,8502.0,904.0,832.0,1205.0,781.0,709.0,964.0,933.0,-61.0,-67.0,-59.0,-75.0,-87.0,-59.0,-86.0,8200.0,8800.0,9800.0,10500.0,9750.0,9900.0,10700.0,Zebra Technologies Corp,US9892071054,Information Technology
ZTS UN Equity,"Pharmaceuticals, Biotechnology",243.59800720214844,906.3610229492188,280.69500732421875,2620.81005859375,0.8284450173377991,,31.81599998474121,14.190999984741211,12.8149995803833,,,,,,,,False,True,,False,True,14.0,,,,17.399999618530273,,48.0,38.0,0.0,0.10000000149011612,,13.0,92.30770111083984,False,6.0,8.409720420837402,65.76920318603516,92.30770111083984,True,6.75,44.444400787353516,1.0,5.0,75.0,77.69400024414062,89.78199768066406,94.84500122070312,105.54900360107422,107.03299713134766,122.31099700927734,234.5800018310547,243.5760040283203,144.07899475097656,142.47799682617188,127.17400360107422,117.27799987792969,121.28700256347656,41.957000732421875,,19.591999053955078,32.209999084472656,34.92300033569336,38.44499969482422,37.654998779296875,6260.0,6675.0,7776.0,8080.0,8544.0,9256.0,9467.0,11545.0,13609.0,13900.0,14925.0,14286.0,14237.0,15467.0,2419.0,2731.0,3258.0,3433.0,3563.0,3895.0,4101.0,-460.0,-453.0,-477.0,-586.0,-732.0,-655.0,-621.0,10600.0,11300.0,12100.0,13800.0,14100.0,14100.0,14100.0,Zoetis Inc,US98978V1035,Health Care
