Company,ID,Security_IDs,Security_Count,ISIN,GICS Sector,GICS Industry Group,Scope12_Intensity_2024,Scope3_Intensity_2024,Scope12_Absolute_Trend,Scope12_Intensity_Trend,Scope3_Absolute_Trend,Scope3_Intensity_Trend,Current_Footprint_Score,Realized_Decarbonization_Score,SBTi_Score,Raw_Climate_Transition_Score,Data_Coverage,Climate_Transition_Score,Baseline_Rank,Median_Robustness_Rank,P10_Robustness_Rank,P90_Robustness_Rank,Top20_Probability,Trend_Confidence_Flag,Rising_Emissions_Flag,Targets_Hiding_Worsening_Flag,SBTi_Status_Clean,SBTi_Class_Clean
Booking Holdings Inc,BKNG UW Equity,BKNG UW Equity,1,US09857L1089,Consumer Discretionary,Consumer Services,0.0001148742524488547,0.022941405200994407,-0.3485104682342882,-0.5254647577686125,0.16893520457251454,-0.14856505990015556,93.86456953642384,85.26757735653,100.0,90.79315953919215,1.0000000000000002,90.79315953919215,1,1.0,1.0,2.0,1.0,No major trend sign conflict,False,False,Targets Set,1.5
Centene Corp,CNC UN Equity,CNC UN Equity,1,US15135B1017,Health Care,Health Care Equipment & Servic,0.00027113343113263535,0.007263216905184322,-0.2357125301237687,-0.3062308395216192,-0.17364146296740046,-0.24988686706575214,94.49089022492142,95.8685518481246,,95.3519287394234,0.8000000000000002,86.28154299153873,2,2.0,1.0,4.0,1.0,No major trend sign conflict,False,False,#N/A Field Not Applicable,#N/A Field Not Applicable
Autodesk Inc,ADSK UW Equity,ADSK UW Equity,1,US0527691069,Information Technology,Software & Services,0.0015854101973011947,0.028044205308719528,-0.07533052654839101,-0.18920107785516016,-0.08359115465926326,-0.19644443189769478,79.7837779880164,84.22459555863585,100.0,86.04743117572285,1.0000000000000002,86.04743117572286,3,4.0,3.0,7.0,1.0,Scope3_Absolute: 2020-2024 vs 2021-2024 sign mismatch,False,False,Targets Set,1.5
PTC Inc,PTC UW Equity,PTC UW Equity,1,US69370C1009,Information Technology,Software & Services,0.00266851977338665,0.016350297032399912,-0.20457984769101156,-0.27048893171973254,-0.013390108525067168,-0.09514131139819904,77.35852412488174,85.17536319082024,100.0,85.79523883287465,1.0000000000000002,85.79523883287465,4,5.0,3.0,8.0,1.0,No major trend sign conflict,False,False,Targets Set,1.5
Ciena Corp,CIEN UN Equity,CIEN UN Equity,1,US1717793095,Information Technology,Technology Hardware & Equipmen,0.0004257532227962752,0.42029361747205135,-0.4231765073964504,-0.44845421875513114,-0.005863841418668692,-0.049429138585090016,76.92249698664902,84.15585785341884,100.0,85.15467802270412,1.0000000000000002,85.15467802270413,5,6.0,3.0,9.0,1.0,No major trend sign conflict,False,False,Targets Set,1.5
Prologis Inc,PLD UN Equity,PLD UN Equity,1,US74340W1036,Real Estate,Equity Real Estate Investment,0.0008543444481610832,0.39270338980128594,-0.1128002115313188,-0.25524604526336725,-0.08909819763784166,-0.23534954752765713,69.36310449316497,88.20433870677772,100.0,84.91110070133836,1.0000000000000002,84.91110070133837,6,6.0,4.0,10.0,1.0,No major trend sign conflict,False,False,Targets Set,1.5
Coca-Cola Co/The,KO UN Equity,KO UN Equity,1,US1912161007,Consumer Staples,"Food, Beverage & Tobacco",0.028646203608871663,0.18575509046769087,-0.33763787313988547,-0.3932908397019348,-0.29700322510107935,-0.3560703945845498,61.64572690003153,94.9995414015953,80.0,81.99348877080712,1.0000000000000002,81.99348877080712,7,8.0,5.0,13.0,1.0,No major trend sign conflict,False,False,Targets Set,2
Jacobs Solutions Inc,J UN Equity,J UN Equity,1,US46982L1089,Industrials,Commercial & Professional Serv,0.003049576630981582,0.011437238175975665,-0.180334863872198,-0.13036512741185757,-0.10533745654978788,-0.05079560824287832,78.11780912244488,76.78791754060046,100.0,81.8293015070337,1.0000000000000002,81.8293015070337,8,12.0,8.0,18.0,1.0,Scope3_Intensity: 2020-2024 vs 2021-2024 sign mismatch,False,False,Targets Set,1.5
Citigroup Inc,C UN Equity,C UN Equity,1,US1729674242,Financials,Banks,0.0022517846964995054,0.0004068237455526622,-0.07303819186588856,-0.2396695654838772,-0.8943536839586282,-0.9133447476736362,90.99442786793779,88.6595830010464,,89.53514982613068,0.8000000000000002,81.62811986090455,9,5.0,3.0,10.0,1.0,No major trend sign conflict,False,False,#N/A Field Not Applicable,#N/A Field Not Applicable
Philip Morris International In,PM UN Equity,PM UN Equity,1,US7181721090,Consumer Staples,"Food, Beverage & Tobacco",0.009353530136922942,0.12315856169808333,-0.19231921690957254,-0.24456297798052462,0.039578407597213205,-0.027665343991400193,78.29618416903185,76.18559925312171,100.0,81.58165487727041,1.0000000000000002,81.58165487727041,10,12.0,8.0,20.0,1.0,No major trend sign conflict,False,False,Targets Set,1.5
News Corp,NWS UW Equity,"NWS UW Equity, NWSA UW Equity",2,US65249B2088,Communication Services,Media & Entertainment,0.007413078784706218,0.09137838625588746,-0.1490433788630997,-0.17254397543177435,-0.19038377311984345,-0.21274268525562667,53.24989932804502,88.18126869834185,100.0,80.06560414758444,1.0000000000000002,80.06560414758445,11,15.0,10.0,24.0,1.0,No major trend sign conflict,False,False,Targets Set,1.5
Pfizer Inc,PFE UN Equity,PFE UN Equity,1,US7170811035,Health Care,"Pharmaceuticals, Biotechnology",,0.00537507661841671,-0.00026665157595961997,-0.35585818960260474,-0.5085792153256293,-0.5342403428259579,,82.35814754000118,100.0,87.58464405197024,0.7900000000000001,79.6918688010565,12,16.0,10.0,26.0,1.0,No major trend sign conflict,False,False,Targets Set,1.5
McKesson Corp,MCK UN Equity,MCK UN Equity,1,US58155Q1031,Health Care,Health Care Equipment & Servic,0.0007562073090344297,0.10541865609352292,-0.05867263029807834,-0.12501426283026018,0.06312748730539997,-0.011798213750132125,76.04703004038616,72.81041524374746,100.0,79.21931663398958,1.0000000000000002,79.21931663398959,13,19.0,13.0,27.0,1.0,No major trend sign conflict,False,False,Targets Set,1.5
Morgan Stanley,MS UN Equity,MS UN Equity,1,US6174464486,Financials,Financial Services,0.00010252132266655702,0.0009833341254411076,-0.4381800276529424,-0.5344131820459963,0.3769859289414821,0.14112443234265526,95.52213256163392,78.96020349291511,,85.17092689368465,0.8000000000000002,78.13674151494773,14,11.0,5.0,22.0,1.0,Scope12_Absolute: OLS/Theil-Sen sign mismatch; Scope3_Absolute: 2020-2024 vs 2021-2024 sign mismatch; Scope3_Intensity: 2020-2024 vs 2021-2024 sign mismatch,False,False,#N/A Field Not Applicable,#N/A Field Not Applicable
Trane Technologies PLC,TT UN Equity,TT UN Equity,1,IE00BK9ZQ967,Industrials,Capital Goods,0.016316903652895676,11.997056184532871,-0.0777341450287713,-0.1782988710289124,-0.09170853008381796,-0.19074947614945736,45.23413932807779,88.78109764910339,100.0,77.96079062297503,1.0000000000000002,77.96079062297503,15,22.0,12.0,37.0,1.0,No major trend sign conflict,False,False,Targets Set,1.5
Gen Digital Inc,GEN UW Equity,GEN UW Equity,1,US6687711084,Information Technology,Software & Services,0.0032889473202981447,0.022824289422286183,-0.2175816948517083,-0.3000861859072893,-0.11000792705051599,-0.20385586304465397,68.62203721223588,94.62833687249382,,84.87597449989708,0.8000000000000002,77.90077959991767,16,11.0,6.0,19.0,1.0,Scope3_Absolute: 2020-2024 vs 2021-2024 sign mismatch,False,False,#N/A Field Not Applicable,#N/A Field Not Applicable
Ulta Beauty Inc,ULTA UW Equity,ULTA UW Equity,1,US90384S3031,Consumer Discretionary,Consumer Discretionary Distrib,0.012161891313142036,0.18659975814849256,-0.024879912372342883,-0.146926774677564,-0.1953975856961605,-0.2961023104935905,59.13871603010676,79.97670595719376,100.0,77.72996778762891,1.0000000000000002,77.72996778762891,17,24.0,16.0,31.0,1.0,Scope12_Absolute: 2020-2024 vs 2021-2024 sign mismatch,False,False,Targets Set,1.5
Verisk Analytics Inc,VRSK UW Equity,VRSK UW Equity,1,US92345Y1064,Industrials,Commercial & Professional Serv,0.0018641773880067895,0.02058611301022739,-0.18583915640822346,-0.19825827643039218,2.1741582173122613,2.125739956743202,79.2950030102348,66.71021154191885,100.0,77.14360667402987,1.0000000000000002,77.14360667402988,18,26.5,15.0,45.0,1.0,No major trend sign conflict,False,False,Targets Set,1.5
NVIDIA Corp,NVDA UW Equity,NVDA UW Equity,1,US67066G1040,Information Technology,Semiconductors & Semiconductor,0.0030690720215875663,0.05972275912873223,0.16427080287830043,-0.21324439968418096,0.29587514739340715,-0.12431280849664916,86.8226307881117,61.860454950842325,100.0,76.97701671185467,1.0000000000000002,76.97701671185467,19,27.0,15.0,48.10000000000002,1.0,No major trend sign conflict,True,True,Targets Set,1.5
MetLife Inc,MET UN Equity,MET UN Equity,1,US59156R1086,Financials,Insurance,0.0006902347173801766,0.0003416589223142509,-0.11295702576597011,-0.11562036687019417,-0.4221311175180874,-0.42386616530299914,86.41611645006556,79.543449350925,,79.23539088095887,0.9200000000000002,76.89655961048217,20,15.0,10.0,23.0,1.0,No major trend sign conflict,False,False,Committed,
Johnson Controls International,JCI UN Equity,JCI UN Equity,1,IE00BY7QL619,Industrials,Capital Goods,0.01795194339320069,4.954644475426978,-0.18713737919690643,-0.186971915588111,-0.07057506960737014,-0.07038587896290927,43.54853884680463,87.52750794495111,100.0,76.82831562651694,1.0000000000000002,76.82831562651694,21,26.0,16.0,45.0,1.0,No major trend sign conflict,False,False,Targets Set,1.5
Interactive Brokers Group Inc,IBKR UW Equity,IBKR UW Equity,1,US45841N1072,Financials,Financial Services,0.00028627880200514816,1.5618600612410913e-05,-0.05720517593061092,-0.37769338040141764,,,95.19963641085573,,,90.33871444558113,0.6500000000000001,76.22016438962774,22,16.0,9.0,29.0,1.0,No major trend sign conflict,False,False,#N/A Field Not Applicable,#N/A Field Not Applicable
Paychex Inc,PAYX UW Equity,PAYX UW Equity,1,US7043261079,Industrials,Commercial & Professional Serv,0.0012692495797439886,0.004287857981604259,-0.04443642196694286,-0.11303286246591593,-0.2704765412016781,-0.3228463820835089,91.75275651500816,77.05979505003894,,82.56965559940241,0.8000000000000002,76.05572447952193,23,17.0,9.0,28.0,1.0,No major trend sign conflict,False,False,#N/A Field Not Applicable,#N/A Field Not Applicable
NIKE Inc,NKE UN Equity,NKE UN Equity,1,US6541061031,Consumer Discretionary,Consumer Durables & Apparel,0.0052317278457854905,0.15959191544210702,-0.05293971850088641,-0.12347928799231178,-0.07960194985215086,-0.14815564541565462,64.49763481551561,73.13477557379997,100.0,75.91667823155467,1.0000000000000002,75.91667823155467,24,31.0,23.0,38.0,1.0,No major trend sign conflict,False,False,Targets Set,1.5
Block Inc,XYZ UN Equity,XYZ UN Equity,1,US8522341036,Financials,Financial Services,0.0003829181916154853,0.016704536064651047,0.02379867360369703,-0.1684573486172951,0.11829954601794701,-0.09170250605755337,85.58824642439757,59.72769233300079,100.0,75.54032009381967,1.0000000000000002,75.54032009381967,25,33.0,21.0,54.0,1.0,Scope12_Absolute: OLS/Theil-Sen sign mismatch; Scope12_Absolute: 2020-2024 vs 2021-2024 sign mismatch,True,False,Targets Set,1.5
Altria Group Inc,MO UN Equity,MO UN Equity,1,US02209S1033,Consumer Staples,"Food, Beverage & Tobacco",0.010275337519279037,0.08475004915294523,-0.0706106370632853,-0.06429383367848229,-0.2905175041079988,-0.2856953470979938,77.08293913591928,64.42547523600155,100.0,75.33761935877655,1.0000000000000002,75.33761935877655,26,33.0,22.0,51.0,1.0,No major trend sign conflict,False,False,Targets Set,1.5
Netflix Inc,NFLX UW Equity,NFLX UW Equity,1,US64110L1061,Communication Services,Media & Entertainment,0.002337685611949009,0.025300347075357537,0.022924889531487525,-0.07597768331663501,-0.06311731731475845,-0.1537008085590289,86.09800839337262,58.89990457795335,100.0,75.27935480698847,1.0000000000000002,75.27935480698847,27,34.0,20.900000000000006,59.0,1.0,Scope12_Absolute: OLS/Theil-Sen sign mismatch; Scope12_Absolute: 2020-2024 vs 2021-2024 sign mismatch,True,False,Targets Set,1.5
Hartford Insurance Group Inc/T,HIG UN Equity,HIG UN Equity,1,US4165151048,Financials,Insurance,0.000635575646169895,0.03532598454870925,-0.09760766914057084,-0.1505834615435696,-0.5222166885283562,-0.5502654082000238,71.18350180085976,87.06990069019818,,81.11250110669627,0.8000000000000002,74.89000088535703,28,19.0,12.0,32.0,1.0,No major trend sign conflict,False,False,#N/A Field Not Applicable,#N/A Field Not Applicable
Amgen Inc,AMGN UW Equity,AMGN UW Equity,1,US0311621009,Health Care,"Pharmaceuticals, Biotechnology",0.008227620871230254,0.05059238870272858,-0.008563908945324994,-0.06898955952508534,-0.16636578418603032,-0.21717378915034602,68.76448384133383,67.73089758494635,100.0,74.49479394487332,1.0000000000000002,74.49479394487332,29,37.0,28.900000000000006,51.10000000000002,1.0,No major trend sign conflict,False,False,Targets Set,1.5
Rockwell Automation Inc,ROK UN Equity,ROK UN Equity,1,US7739031091,Industrials,Capital Goods,0.011005324061819336,1.484462682644603,-0.03373048453688132,-0.10725247949647032,-0.10547073216759317,-0.13315498916677337,63.862652758348446,70.49797842298031,100.0,74.40778503899469,1.0000000000000002,74.40778503899469,30,38.0,29.0,51.10000000000002,1.0,No major trend sign conflict,False,False,Targets Set,1.5
CME Group Inc,CME UW Equity,CME UW Equity,1,US12572Q1058,Financials,Financial Services,0.0014701228866479759,0.02030276833707533,-0.19806412911112492,-0.2468980125272502,-0.08737437508225376,-0.1429487108709785,65.732272246647,89.01930703365423,,80.28666898852651,0.8000000000000002,74.22933519082122,31,20.0,14.0,37.10000000000002,1.0,No major trend sign conflict,False,False,#N/A Field Not Applicable,#N/A Field Not Applicable
Ingersoll Rand Inc,IR UN Equity,IR UN Equity,1,US45687V1061,Industrials,Capital Goods,0.014416862967595942,28.130891499654457,-0.04241190363896674,-0.17474938661930794,-0.0008848988728032969,-0.1389613622220014,47.321016492248994,79.94383325408016,100.0,74.16822157471478,1.0000000000000002,74.16822157471478,32,38.0,26.900000000000006,60.0,1.0,Scope3_Absolute: OLS/Theil-Sen sign mismatch,False,False,Targets Set,1.5
Expedia Group Inc,EXPE UW Equity,EXPE UW Equity,1,US30212P3038,Consumer Discretionary,Consumer Services,0.0013681250069211219,0.03204156013117079,-0.07779608443726016,-0.2700207497281364,1.8857938879886573,1.28427750440382,84.58859192683695,56.76055682655395,100.0,73.75685599132807,1.0000000000000002,73.75685599132807,33,44.0,24.0,73.10000000000002,0.9946666666666667,No major trend sign conflict,False,False,Targets Set,1.5
Capital One Financial Corp,COF UN Equity,COF UN Equity,1,US14040H1059,Financials,Financial Services,0.0014672216325373947,0.009501705490056292,-0.09473695240409796,-0.2209512464530654,-0.0338512421137962,-0.16855439137713324,73.40080509024803,83.23144963144964,,79.54495792849904,0.8000000000000002,73.63596634279924,34,24.0,17.0,41.0,1.0,No major trend sign conflict,False,False,#N/A Field Not Applicable,#N/A Field Not Applicable
Moody's Corp,MCO UN Equity,MCO UN Equity,1,US6153691059,Financials,Financial Services,0.0010299096914096557,0.017478837385672748,-0.05737829447466691,-0.1037978532692806,0.03452507383655545,-0.016420281238516576,78.04934053091435,60.16071851165107,100.0,73.49516141509984,1.0000000000000002,73.49516141509984,35,45.0,32.0,63.0,1.0,No major trend sign conflict,False,False,Targets Set,1.5
Ecolab Inc,ECL UN Equity,ECL UN Equity,1,US2788651006,Materials,Materials,0.027229280680331303,0.49592794145731955,-0.012567220396461298,-0.08510748339026952,-0.00022930570311019416,-0.07367595503038649,64.28141787668133,68.22574615490839,100.0,73.3972984404586,1.0000000000000002,73.3972984404586,36,46.0,37.0,55.0,1.0,Scope3_Absolute: 2020-2024 vs 2021-2024 sign mismatch,False,False,Targets Set,1.5
Veeva Systems Inc,VEEV UN Equity,VEEV UN Equity,1,US9224751084,Health Care,Health Care Equipment & Servic,0.00023015027872365655,0.02083029254090357,,,,,94.50258796960357,,100.0,96.70155278176213,0.5000000000000001,73.35077639088107,37,48.0,25.0,81.0,0.9906666666666667,No major trend sign conflict,False,False,Targets Set,1.5
American Tower Corp,AMT UN Equity,AMT UN Equity,1,US03027X1000,Real Estate,Equity Real Estate Investment,0.0504446447776085,0.18524666534648027,-0.238857627576733,-0.2878801423669388,-0.1955901985099081,-0.2473994168896273,35.195479412611576,93.56306639233468,,75.36975763038132,0.9200000000000002,73.34017701995081,38,32.0,19.0,64.0,1.0,No major trend sign conflict,False,False,Targets Set,Well-below 2
Williams-Sonoma Inc,WSM UN Equity,WSM UN Equity,1,US9699041011,Consumer Discretionary,Consumer Discretionary Distrib,0.010273329509226919,0.2948797094445248,-0.013853087311163081,-0.08896637697711474,-0.0910436593613998,-0.16027746218488836,67.60229174798711,65.75020259898308,100.0,73.15578882388768,1.0000000000000002,73.15578882388768,39,47.0,37.0,63.0,1.0,Scope12_Absolute: 2020-2024 vs 2021-2024 sign mismatch,False,False,Targets Set,1.5
Mastercard Inc,MA UN Equity,MA UN Equity,1,US57636Q1040,Financials,Financial Services,0.0018463449643714345,0.01548858587322099,-0.017702842602637103,-0.15494647198685885,0.03793323121770831,-0.10708370448048465,67.25291706086408,65.95269477120266,100.0,73.15222250386056,1.0000000000000002,73.15222250386056,40,48.0,38.0,58.10000000000002,1.0,Scope3_Absolute: 2020-2024 vs 2021-2024 sign mismatch,False,False,Targets Set,1.5
Otis Worldwide Corp,OTIS UN Equity,OTIS UN Equity,1,US68902V1070,Industrials,Capital Goods,0.010572400436470916,0.9583409571997055,-0.06750958376342853,-0.08750927034908473,-0.06511609697451581,-0.06789807541135295,66.89482740964618,66.0982042898376,100.0,73.11755036781267,1.0000000000000002,73.11755036781267,41,48.0,36.0,62.0,1.0,No major trend sign conflict,False,False,Targets Set,1.5
MGM Resorts International,MGM UN Equity,MGM UN Equity,1,US5529531015,Consumer Discretionary,Consumer Services,0.04100966686134388,0.09646736947202439,-0.016732859709226555,-0.266062770536834,-0.13917355225951578,-0.3574558202805036,50.05427309996847,76.13784768103275,100.0,73.08520577050692,1.0000000000000002,73.08520577050692,42,46.0,33.0,64.0,1.0,No major trend sign conflict,False,False,Targets Set,1.5
CVS Health Corp,CVS UN Equity,CVS UN Equity,1,US1266501006,Health Care,Health Care Equipment & Servic,0.0024279081140577345,0.07726342443449595,-0.035769775119521174,-0.11502173068863808,0.3180615591823919,0.20972751879423557,70.99633065787734,63.541007309014034,100.0,73.06940285187021,1.0000000000000002,73.06940285187021,43,49.0,37.0,60.10000000000002,1.0,No major trend sign conflict,False,False,Targets Set,1.5
Airbnb Inc,ABNB UW Equity,ABNB UW Equity,1,US0090661010,Consumer Discretionary,Consumer Services,0.0005832282278349197,0.03560889808793601,0.040888679391542615,-0.21984618678631074,0.18608487250534855,-0.11102055925805043,87.55746609902239,53.30436010149065,100.0,72.91941988045204,1.0000000000000002,72.91941988045204,44,51.0,30.900000000000006,79.10000000000002,0.988,No major trend sign conflict,True,False,Targets Set,1.5
Datadog Inc,DDOG UW Equity,DDOG UW Equity,1,US23804L1035,Information Technology,Software & Services,0.0005867506079217185,0.036213502987742265,-0.06820229089235652,-0.2639140904359313,,,84.27494165878272,,,85.23237798544534,0.6500000000000001,72.90104569053948,45,28.0,18.0,48.0,1.0,No major trend sign conflict,False,False,#N/A Field Not Applicable,#N/A Field Not Applicable
Invesco Ltd,IVZ UN Equity,IVZ UN Equity,1,BMG491BT1088,Financials,Financial Services,0.0013753090656155394,0.03682000880306628,-0.2508353031035381,-0.23469706424700143,-0.08562819935791954,-0.06593112796150469,66.8349750496225,85.56608995848595,,78.54192186766214,0.8000000000000002,72.83353749412971,46,26.0,19.0,47.0,1.0,No major trend sign conflict,False,False,#N/A Field Not Applicable,#N/A Field Not Applicable
DuPont de Nemours Inc,DD UN Equity,DD UN Equity,1,US26614N2018,Industrials,Capital Goods,0.09614525971126656,0.645482958773627,-0.33491434437745615,-0.22291138974668034,-0.22295382821383158,-0.09209629672321551,21.618084634302235,91.91071728404658,100.0,72.44078403231397,1.0000000000000002,72.44078403231397,47,47.0,23.0,87.0,0.964,No major trend sign conflict,False,False,Targets Set,1.5
IQVIA Holdings Inc,IQV UN Equity,IQV UN Equity,1,US46266C1053,Health Care,"Pharmaceuticals, Biotechnology",0.0025060045761707657,0.02824388087395529,0.0026717197441166185,-0.06383621246715177,-0.01748783461137926,-0.08265856916554637,84.90154114049881,53.81019811829568,100.0,72.37556140129749,1.0000000000000002,72.37556140129749,48,55.0,35.0,81.0,0.988,Scope12_Absolute: OLS/Theil-Sen sign mismatch,True,False,Targets Set,1.5
Johnson & Johnson,JNJ UN Equity,JNJ UN Equity,1,US4781601046,Health Care,"Pharmaceuticals, Biotechnology",0.008731651480092334,0.07427443828387993,-0.04374022978474568,-0.048436908548894375,-0.1610051411147978,-0.1651258721752178,65.55606309900867,64.62430826391801,100.0,71.9789730616616,1.0000000000000002,71.9789730616616,49,56.0,42.0,73.10000000000002,0.9973333333333333,Scope12_Intensity: 2020-2024 vs 2021-2024 sign mismatch; Scope3_Absolute: 2020-2024 vs 2021-2024 sign mismatch; Scope3_Intensity: 2020-2024 vs 2021-2024 sign mismatch,False,False,Targets Set,1.5
GoDaddy Inc,GDDY UN Equity,GDDY UN Equity,1,US3802371076,Information Technology,Software & Services,0.004639202483023786,0.021796553902120132,-0.205345119463899,-0.2628558777083534,-0.053911633476995235,-0.12238193506035411,60.88668558814254,86.73397574263745,,77.04124193470187,0.8000000000000002,71.6329935477615,50,31.0,22.0,55.0,1.0,No major trend sign conflict,False,False,#N/A Field Not Applicable,#N/A Field Not Applicable
Host Hotels & Resorts Inc,HST UW Equity,HST UW Equity,1,US44107P1049,Real Estate,Equity Real Estate Investment,0.05126812187908905,0.0027032019301756094,0.05897248512334796,-0.22477276936936696,-0.35077419984851743,-0.5247303153048712,50.73956096691484,72.53973219339073,100.0,71.49173438676982,1.0000000000000002,71.49173438676982,51,59.0,37.900000000000006,82.0,0.984,No major trend sign conflict,True,True,Targets Set,1.5
Dell Technologies Inc,DELL UN Equity,DELL UN Equity,1,US24703L2025,Information Technology,Technology Hardware & Equipmen,0.004185467763981106,0.30222787673169355,-0.05002471702971656,-0.05789562214909605,-0.05169202142698648,-0.059549112297774154,67.12593426345225,62.48651045724216,100.0,71.38103550765678,1.0000000000000002,71.38103550765678,52,61.0,49.0,74.0,1.0,No major trend sign conflict,False,False,Targets Set,1.5
BXP Inc,BXP UN Equity,BXP UN Equity,1,US1011211018,Real Estate,Equity Real Estate Investment,0.027344390266001585,0.041076742779017836,-0.0338399652096929,-0.0848678890321074,-0.027900430333737014,-0.07969272249520853,59.60190585880191,66.21604176238323,100.0,70.98859263883219,1.0000000000000002,70.98859263883219,53,63.0,52.0,75.0,1.0,No major trend sign conflict,False,False,Targets Set,1.5
Ralph Lauren Corp,RL UN Equity,RL UN Equity,1,US7512121010,Consumer Discretionary,Consumer Durables & Apparel,0.011050457164447903,0.18180625582574006,-0.08315040261578588,-0.13037767226306307,-0.039637875754887864,-0.08910649212354282,42.259886471144746,76.4722718283694,100.0,70.91410185552812,1.0000000000000002,70.91410185552812,54,60.0,42.0,80.0,1.0,Scope3_Absolute: 2020-2024 vs 2021-2024 sign mismatch,False,False,Targets Set,1.5
Target Corp,TGT UN Equity,TGT UN Equity,1,US87612E1064,Consumer Staples,Consumer Staples Distribution,0.021345548033470132,0.5545655978847801,-0.0597589275039776,-0.1312571180714578,-0.006718287705301251,-0.08224981598060954,52.43043446619605,78.2703311191116,80.0,70.86429589941463,1.0000000000000002,70.86429589941463,55,52.0,37.0,66.0,1.0,Scope12_Absolute: 2020-2024 vs 2021-2024 sign mismatch,False,False,Targets Set,2
Bank of New York Mellon Corp/T,BNY UN Equity,BNY UN Equity,1,US0640581007,Financials,Financial Services,0.00255529377690691,0.0005642631497502345,-0.014548707914079584,-0.22930301050488633,-0.44241459472348443,-0.5639262978453164,66.93995955998292,81.11455295128178,,75.79908042954472,0.8000000000000002,70.63926434363577,56,36.0,26.0,62.0,1.0,Scope12_Absolute: 2020-2024 vs 2021-2024 sign mismatch,False,False,#N/A Field Not Applicable,#N/A Field Not Applicable
Home Depot Inc/The,HD UN Equity,HD UN Equity,1,US4370761029,Consumer Discretionary,Consumer Discretionary Distrib,0.01162645985760043,1.3068992395312735,-0.033707612950836574,-0.11037562037868243,0.0003232922905622715,-0.07904481060610069,54.145540993223115,68.4943802407217,100.0,70.49085241832779,1.0000000000000002,70.49085241832779,57,66.0,54.0,79.0,1.0,No major trend sign conflict,False,False,Targets Set,1.5
Gartner Inc,IT UN Equity,IT UN Equity,1,US3666511072,Information Technology,Software & Services,0.0017772888423850965,0.009556577741233767,-0.035352826560908435,-0.1332754720925926,0.6455022136728199,0.4784650477247472,85.59834752444024,49.48876702249343,100.0,70.4238877685788,1.0000000000000002,70.4238877685788,58,68.0,44.0,99.0,0.9106666666666666,No major trend sign conflict,False,False,Targets Set,1.5
Amcor PLC,AMCR UN Equity,AMCR UN Equity,1,JE00BV7DQ550,Materials,Materials,0.12060117302052786,0.6521921107496335,-0.053954126125742796,-0.0831069781317112,-0.022740997850553946,-0.05285569719857908,46.34768760369106,72.49623320418654,100.0,70.15242288320059,1.0000000000000002,70.15242288320059,59,67.5,52.0,83.0,1.0,No major trend sign conflict,False,False,Targets Set,1.5
Goldman Sachs Group Inc/The,GS UN Equity,GS UN Equity,1,US38141G1040,Financials,Financial Services,0.0013518324526289665,0.0007069679058111308,0.031088522132978635,-0.17571545043619163,-0.45518238895893304,-0.5644556898156434,82.65569963084572,70.70005628427435,,75.18342253923862,0.8000000000000002,70.1467380313909,60,41.0,25.900000000000006,69.0,0.9986666666666667,No major trend sign conflict,True,False,#N/A Field Not Applicable,#N/A Field Not Applicable
Bristol-Myers Squibb Co,BMY UN Equity,BMY UN Equity,1,US1101221083,Health Care,"Pharmaceuticals, Biotechnology",0.0073822359515519865,0.033357765087182974,-0.0031431554535903405,-0.025305200215317347,-0.31601344900030237,-0.3312197854392841,73.97136070091727,55.10409875951339,100.0,69.74345759003188,1.0000000000000002,69.74345759003188,61,70.0,51.0,103.10000000000002,0.8826666666666667,Scope12_Absolute: 2020-2024 vs 2021-2024 sign mismatch,False,False,Targets Set,1.5
NRG Energy Inc,NRG UN Equity,NRG UN Equity,1,US6293775085,Utilities,Utilities,0.9798479125629402,0.0003769285349162753,-0.04673203746580301,-0.2444429706171275,0.4546733678860724,0.15296929274799997,56.08245848693439,64.93388692002652,100.0,69.29168100609357,1.0000000000000002,69.29168100609357,62,75.0,52.900000000000006,98.0,0.9186666666666666,No major trend sign conflict,False,False,Targets Set,1.5
Trimble Inc,TRMB UW Equity,TRMB UW Equity,1,US8962391004,Information Technology,Software & Services,0.004020096169349712,0.0975323751294907,-0.13541745882970957,-0.16529764692488713,0.06293099054119788,0.02619583060311559,48.86317250078838,68.62028878507351,100.0,68.96909614277327,1.0000000000000002,68.96909614277327,63,76.0,61.0,94.0,0.9733333333333334,Scope12_Absolute: 2020-2024 vs 2021-2024 sign mismatch,False,False,Targets Set,1.5
SLB Ltd,SLB UN Equity,SLB UN Equity,1,AN8068571086,Energy,Energy,0.03755620199399697,0.9402298217090579,-0.06460515419264978,-0.17275173055586412,0.061584691603498776,-0.061151445367008006,64.62900765743731,76.47103885581572,,70.46111057080331,0.9200000000000002,68.82422172513905,64,52.0,35.0,74.0,1.0,No major trend sign conflict,False,False,Committed,
Progressive Corp/The,PGR UN Equity,PGR UN Equity,1,US7433151039,Financials,Insurance,0.0009060828250934477,0.0003419428545224009,-0.060681664980059,-0.19937210990024357,,,78.323294992448,,,78.9584449198966,0.6500000000000001,68.8229891979328,65,49.0,32.0,74.0,1.0,No major trend sign conflict,False,False,#N/A Field Not Applicable,#N/A Field Not Applicable
Humana Inc,HUM UN Equity,HUM UN Equity,1,US4448591028,Health Care,Health Care Equipment & Servic,0.0008523364936885043,0.06233404963894031,0.0064305542707236985,-0.09777664254276153,0.6304330207952344,0.46161575469749727,79.93296914578691,49.626793353488054,100.0,68.79328742048011,1.0000000000000002,68.79328742048011,66,79.0,59.0,109.0,0.8453333333333334,Scope3_Intensity: 2020-2024 vs 2021-2024 sign mismatch,True,False,Targets Set,1.5
HP Inc,HPQ UN Equity,HPQ UN Equity,1,US40434L1052,Information Technology,Technology Hardware & Equipmen,0.004370880682501934,0.32115984241677403,-0.09272111666838201,-0.06705954998761865,0.036114034601331335,0.06541958758649713,61.1763414241963,60.7967160064721,100.0,68.75126043049494,1.0000000000000002,68.75126043049494,67,79.0,64.0,95.0,0.9533333333333334,No major trend sign conflict,False,False,Targets Set,1.5
American Express Co,AXP UN Equity,AXP UN Equity,1,US0258161092,Financials,Financial Services,0.001747766239421615,0.025627551728687113,0.04567074303210705,-0.1232815728083021,-0.03628718047048374,-0.19199729644109254,62.33545179661268,59.82276446264968,100.0,68.61201777030865,1.0000000000000002,68.61201777030865,68,80.0,64.0,102.0,0.8893333333333333,No major trend sign conflict,True,False,Targets Set,1.5
CDW Corp/DE,CDW UW Equity,CDW UW Equity,1,US12514G1085,Information Technology,Technology Hardware & Equipmen,0.0009666789248882678,0.23166005793662225,0.020814434824209194,-0.007690750617717068,-0.22667862624844237,-0.22048791089369157,81.40950112369634,48.31551507161263,100.0,68.58060787291521,1.0000000000000002,68.58060787291521,69,80.0,53.0,130.0,0.736,Scope12_Intensity: OLS/Theil-Sen sign mismatch; Scope12_Intensity: 2020-2024 vs 2021-2024 sign mismatch,True,False,Targets Set,1.5
Ameriprise Financial Inc,AMP UN Equity,AMP UN Equity,1,US03076C1062,Financials,Financial Services,0.001451808529292867,0.002350139034145994,-0.10664562476708195,-0.1913329324483155,0.1494903373433707,0.04052211087688917,77.68072792030719,70.49006141918623,,73.1865613571066,0.8000000000000002,68.54924908568529,70,51.5,33.0,76.0,1.0,No major trend sign conflict,False,False,#N/A Field Not Applicable,#N/A Field Not Applicable
Analog Devices Inc,ADI UW Equity,ADI UW Equity,1,US0326541051,Information Technology,Semiconductors & Semiconductor,0.04135244576229676,0.1794369135949139,-0.04716135525439469,-0.11897854868873337,0.12105706814613937,-0.04089216340498769,38.82908146876736,73.20562036297142,100.0,68.25153462211593,1.0000000000000002,68.25153462211593,71,80.0,64.0,102.0,0.8813333333333333,No major trend sign conflict,False,False,Targets Set,1.5
Accenture PLC,ACN UN Equity,ACN UN Equity,1,IE00B4BNMY34,Information Technology,Software & Services,0.0031411573100318434,0.009689896615252701,-0.013988966335267139,-0.10785510425904943,0.07538425103037172,-0.026990025708809928,75.96642068748028,50.91990788976578,100.0,68.24988015112697,1.0000000000000002,68.24988015112697,72,84.0,65.9,111.0,0.8186666666666667,Scope12_Absolute: OLS/Theil-Sen sign mismatch; Scope12_Absolute: 2020-2024 vs 2021-2024 sign mismatch; Scope3_Intensity: OLS/Theil-Sen sign mismatch; Scope3_Intensity: 2020-2024 vs 2021-2024 sign mismatch,False,False,Targets Set,1.5
Gilead Sciences Inc,GILD UW Equity,GILD UW Equity,1,US3755581036,Health Care,"Pharmaceuticals, Biotechnology",0.003461640095224863,0.034711691437223954,-0.005450481055105372,-0.034640413985191354,-0.020355095329276374,-0.04910757926087195,79.90754733796771,48.46773847905554,100.0,68.20613344091808,1.0000000000000002,68.20613344091808,73,83.0,61.900000000000006,119.10000000000002,0.7426666666666667,No major trend sign conflict,False,False,Targets Set,1.5
West Pharmaceutical Services I,WST UN Equity,WST UN Equity,1,US9553061055,Health Care,"Pharmaceuticals, Biotechnology",0.035067745120664136,0.17761508936903775,-0.08479506030784356,-0.13934133933199377,-0.1423583885412767,-0.1432926631716369,19.49296957481524,84.7162250853958,100.0,68.20600341514248,1.0000000000000002,68.20600341514248,74,78.0,44.0,122.0,0.7346666666666667,Scope12_Absolute: 2020-2024 vs 2021-2024 sign mismatch; Scope12_Intensity: 2020-2024 vs 2021-2024 sign mismatch,False,False,Targets Set,1.5
Northern Trust Corp,NTRS UW Equity,NTRS UW Equity,1,US6658591044,Financials,Financial Services,0.001908904249614237,0.0025883745530219378,-0.0062462196971541095,-0.22394694636897516,0.06440562272985395,-0.16877273808226256,68.71323946797261,72.7213372626572,,69.7550439910004,0.9200000000000002,68.17464047172038,75,58.0,41.0,80.0,0.9986666666666667,Scope12_Absolute: 2020-2024 vs 2021-2024 sign mismatch,False,False,Committed,
Fortive Corp,FTV UN Equity,FTV UN Equity,1,US34959J1088,Industrials,Capital Goods,0.00275056962579132,0.0465841344448158,-0.10869102698279387,-0.17191704683629516,1.2682238608894627,1.1464255216978878,86.90668424152973,63.994561421443535,,72.58660747897586,0.8000000000000002,68.06928598318069,76,57.0,31.0,87.0,0.968,No major trend sign conflict,False,False,#N/A Field Not Applicable,#N/A Field Not Applicable
NetApp Inc,NTAP UW Equity,NTAP UW Equity,1,US64110D1046,Information Technology,Technology Hardware & Equipmen,0.01035210617652119,0.12474346343468311,-0.05344784075283382,-0.09018647799857105,0.6686339946040405,0.6038691124739091,63.82316173125271,57.59669203571643,100.0,67.94529453723402,1.0000000000000002,67.94529453723402,77,85.0,69.0,108.10000000000002,0.8226666666666667,Scope12_Absolute: OLS/Theil-Sen sign mismatch; Scope12_Absolute: 2020-2024 vs 2021-2024 sign mismatch; Scope12_Intensity: 2020-2024 vs 2021-2024 sign mismatch; Scope3_Absolute: 2020-2024 vs 2021-2024 sign mismatch; Scope3_Intensity: 2020-2024 vs 2021-2024 sign mismatch,False,False,Targets Set,1.5
Martin Marietta Materials Inc,MLM UN Equity,MLM UN Equity,1,US5732841060,Materials,Materials,0.6103037864822501,,-0.08286555027926212,-0.1349201015704402,,,,,100.0,73.36020649451312,0.7600000000000001,67.75375693582998,78,82.0,57.0,118.0,0.74,No major trend sign conflict,False,False,Targets Set,1.5
VICI Properties Inc,VICI UN Equity,VICI UN Equity,1,US9256521090,Real Estate,Equity Real Estate Investment,0.0006863754879113164,,0.0024513784198854083,-0.2674417645430618,,,,,,81.70032611459682,0.5600000000000002,67.75218262417422,79,59.0,38.0,85.0,0.9933333333333333,No major trend sign conflict,True,False,#N/A Field Not Applicable,#N/A Field Not Applicable
Salesforce Inc,CRM UN Equity,CRM UN Equity,1,US79466L3024,Information Technology,Software & Services,0.009122988208968069,0.036032934561207215,-0.020557322215896567,-0.18299720780527773,0.07064830106177888,-0.10691797359189392,45.075042573320715,68.43016500738663,100.0,67.73759527568953,1.0000000000000002,67.73759527568953,80,85.0,70.0,104.10000000000002,0.8546666666666667,Scope12_Absolute: 2020-2024 vs 2021-2024 sign mismatch,False,False,Targets Set,1.5
DaVita Inc,DVA UN Equity,DVA UN Equity,1,US23918K1088,Health Care,Health Care Equipment & Servic,0.01951800763022632,0.05121824772627297,-0.03587855593253175,-0.0598460966211416,-0.18171142113833005,-0.20205363521268027,45.93284401989806,67.17925021955972,100.0,67.36947831574928,1.0000000000000002,67.36947831574928,81,89.0,68.0,114.0,0.7493333333333333,No major trend sign conflict,False,False,Targets Set,1.5
Hormel Foods Corp,HRL UN Equity,HRL UN Equity,1,US4404521001,Consumer Staples,"Food, Beverage & Tobacco",0.07742343365502585,0.5133238977619323,-0.09874105635570796,-0.14208809779303222,-0.25019959481918386,-0.26321562975904134,21.037969094922737,81.87838374025793,100.0,67.2505825986058,1.0000000000000002,67.2505825986058,82,87.0,54.0,133.0,0.66,No major trend sign conflict,False,False,Targets Set,1.5
Prudential Financial Inc,PRU UN Equity,PRU UN Equity,1,US7443201022,Financials,Insurance,0.00047735247149080403,0.00362958597210725,-0.08231736748795515,-0.09580933929657665,-0.018498636086299314,-0.03292888491404322,88.9468439310196,60.69441208660419,,71.28907402825996,0.8000000000000002,67.03125922260797,83,65.0,40.0,90.0,0.9733333333333334,Scope3_Absolute: OLS/Theil-Sen sign mismatch; Scope3_Intensity: OLS/Theil-Sen sign mismatch,False,False,#N/A Field Not Applicable,#N/A Field Not Applicable
Best Buy Co Inc,BBY UN Equity,BBY UN Equity,1,US0865161014,Consumer Discretionary,Consumer Discretionary Distrib,0.010953258987422543,0.32809767099327997,-0.05361426855825602,-0.05085146050766798,-0.08786960062162741,-0.08520679503732442,62.026108108227305,56.589263867312646,100.0,66.90246436612452,1.0000000000000002,66.90246436612452,84,93.0,73.0,123.0,0.6546666666666666,Scope12_Intensity: 2020-2024 vs 2021-2024 sign mismatch,False,False,Targets Set,1.5
Elevance Health Inc,ELV UN Equity,ELV UN Equity,1,US0367521038,Health Care,Health Care Equipment & Servic,0.0005573947487399182,0.03669161704198468,0.018542338976028194,-0.07453728853776642,0.7937621975871407,0.6298389998852287,88.1392071291238,40.66445681647699,100.0,66.77399054697565,1.0000000000000002,66.77399054697565,85,97.0,66.80000000000001,151.0,0.536,No major trend sign conflict,True,False,Targets Set,1.5
Hasbro Inc,HAS UW Equity,HAS UW Equity,1,US4180561072,Consumer Discretionary,Consumer Durables & Apparel,0.002111860751932758,0.16880086779580009,-0.042457458427049066,0.038024054044985434,-0.16299033654170014,-0.09263962026106942,77.27738883632924,46.782657158266915,100.0,66.57454523003223,1.0000000000000002,66.57454523003223,86,96.0,69.0,145.10000000000002,0.5693333333333334,No major trend sign conflict,False,False,Targets Set,1.5
Kenvue Inc,KVUE UN Equity,KVUE UN Equity,1,US49177J1025,Consumer Staples,Household & Personal Products,0.013510126158937364,0.18643868729274507,-0.020646187801079963,-0.03596961067705051,-0.1117679493651309,-0.1264001884593715,68.26021880988768,51.96732048439365,100.0,66.46172588516313,1.0000000000000002,66.46172588516313,87,97.0,74.0,140.0,0.5533333333333333,No major trend sign conflict,False,False,Targets Set,1.5
PayPal Holdings Inc,PYPL UW Equity,PYPL UW Equity,1,US70450Y1038,Financials,Financial Services,0.0025505550808136795,0.014693210435167822,-0.07285278173187171,-0.15661175855110332,1.0433605135130457,0.8587622291064181,61.89420668929823,55.03243642755839,100.0,66.08448022056865,1.0000000000000002,66.08448022056865,88,99.0,81.0,132.0,0.516,Scope3_Absolute: 2020-2024 vs 2021-2024 sign mismatch; Scope3_Intensity: OLS/Theil-Sen sign mismatch; Scope3_Intensity: 2020-2024 vs 2021-2024 sign mismatch,False,False,Targets Set,1.5
Ford Motor Co,F UN Equity,F UN Equity,1,US3453708600,Consumer Discretionary,Automobiles & Components,0.016730453208787407,1.9509330133194949,-0.04927124018000684,-0.1402949226881116,-0.17101061975479526,-0.25037885740473864,24.59214758751182,85.117199017199,,67.3220041139707,0.9200000000000002,65.93624378485305,89,84.0,51.0,128.0,0.68,No major trend sign conflict,False,False,Targets Set,1.5/Well-below 2
Apple Inc,AAPL UW Equity,AAPL UW Equity,1,US0378331005,Information Technology,Technology Hardware & Equipmen,0.0032725970840537023,0.03894357232648612,0.0830556982216597,0.004373134531752587,-0.1226115383848162,-0.18635264941463614,82.989542332128,41.90882723077844,100.0,65.85127631502762,1.0000000000000002,65.85127631502762,90,103.0,69.0,167.20000000000005,0.48133333333333334,Scope12_Intensity: OLS/Theil-Sen sign mismatch,True,False,Targets Set,1.5
Comcast Corp,CMCSA UW Equity,CMCSA UW Equity,1,US20030N1019,Communication Services,Telecommunication Services,0.015372057123922056,0.07713507528428608,-0.031120445210244485,-0.06905891973162204,-0.03649949099376104,-0.07422733789852753,47.91437304417437,62.79820034941986,100.0,65.77341208796224,1.0000000000000002,65.77341208796224,91,103.0,87.9,121.0,0.44133333333333336,No major trend sign conflict,False,False,Targets Set,1.5
Mid-America Apartment Communit,MAA UN Equity,MAA UN Equity,1,US59522J1034,Real Estate,Equity Real Estate Investment,0.02375332415458246,0.10884042009844397,-0.2569969111373057,-0.3088037046551403,0.2064924196048723,0.1257797167236776,56.881214265147456,77.39945133603672,,69.70511243445324,0.8000000000000002,65.7640899475626,92,70.0,42.0,100.0,0.904,No major trend sign conflict,False,False,#N/A Field Not Applicable,#N/A Field Not Applicable
Merck & Co Inc,MRK UN Equity,MRK UN Equity,1,US58933Y1055,Health Care,"Pharmaceuticals, Biotechnology",0.016285375888293232,0.09440686794576346,-0.009986486948773021,-0.11144792652428948,-0.010095381711368145,-0.1115456612176241,38.70614056737005,68.17117181039131,100.0,65.69742807540668,1.0000000000000002,65.69742807540668,93,101.0,82.0,129.0,0.49466666666666664,No major trend sign conflict,False,False,Targets Set,1.5
Cigna Group/The,CI UN Equity,CI UN Equity,1,US1255231003,Health Care,Health Care Equipment & Servic,0.00044593539506128355,0.05039555442349092,-0.0400312258093366,-0.129585147310194,9.209499065754791,8.257071546777924,87.91271502833135,56.04707062900502,,66.95364111195859,0.9200000000000002,65.5973498230019,94,79.0,49.0,114.0,0.796,No major trend sign conflict,False,False,Committed,
McDonald's Corp,MCD UN Equity,MCD UN Equity,1,US5801351017,Consumer Discretionary,Consumer Services,,2.324270893614969,-0.16106757903416602,-0.2292459143940434,0.028744668394190542,-0.040103338707005665,,68.74549516558126,100.0,69.74172388418343,0.7900000000000001,65.59596186850492,95,103.0,81.0,133.10000000000002,0.452,No major trend sign conflict,False,False,Targets Set,1.5
F5 Inc,FFIV UW Equity,FFIV UW Equity,1,US3156161024,Information Technology,Technology Hardware & Equipmen,,0.05942041060532477,,,-0.05169197152582039,-0.0777109324892854,,,100.0,85.36038856987473,0.44000000000000006,65.55857097074488,96,106.0,88.0,130.0,0.38,No major trend sign conflict,False,False,Targets Set,1.5
Uber Technologies Inc,UBER UN Equity,UBER UN Equity,1,US90353T1007,Industrials,Transportation,0.003017372199504425,0.8796943748863068,0.018032954221771424,-0.28298669864838166,0.7351462283363868,0.22208512047465478,62.57359726366348,53.173418275857294,100.0,65.35878831702769,1.0000000000000002,65.35878831702769,97,108.0,83.0,147.0,0.384,Scope3_Intensity: 2020-2024 vs 2021-2024 sign mismatch,True,False,Targets Set,1.5
Cardinal Health Inc,CAH UN Equity,CAH UN Equity,1,US14149Y1082,Health Care,Health Care Equipment & Servic,0.0018094539623414127,0.0965824174370776,-0.01644612434106485,-0.11190632454700555,10.105221065125324,9.027388266695391,70.83546454257839,48.11644331846182,100.0,65.30886102200444,1.0000000000000002,65.30886102200444,98,108.5,84.0,149.10000000000002,0.38666666666666666,Scope12_Absolute: 2020-2024 vs 2021-2024 sign mismatch,False,False,Targets Set,1.5
Edwards Lifesciences Corp,EW UN Equity,EW UN Equity,1,US28176E1082,Health Care,Health Care Equipment & Servic,0.00637264463850895,0.11038146574320365,-0.048706714864851564,-0.08481382178367702,0.8668894251365646,0.7960301253471698,54.48114057842748,56.74771531834611,100.0,64.71819983270129,1.0000000000000002,64.71819983270129,99,113.0,95.0,136.10000000000002,0.204,Scope12_Absolute: OLS/Theil-Sen sign mismatch; Scope12_Absolute: 2020-2024 vs 2021-2024 sign mismatch; Scope12_Intensity: OLS/Theil-Sen sign mismatch; Scope12_Intensity: 2020-2024 vs 2021-2024 sign mismatch,False,False,Targets Set,1.5
Public Service Enterprise Grou,PEG UN Equity,PEG UN Equity,1,US7445731067,Utilities,Utilities,0.1264203159639972,2.0604567161686105,-0.4666717732735781,-0.48155414812601127,0.09958577944138391,0.06890214611393541,49.930919213997534,76.55184638878498,,65.71217278107798,0.9200000000000002,64.45519895859175,100,84.0,54.0,117.0,0.76,Scope3_Absolute: 2020-2024 vs 2021-2024 sign mismatch; Scope3_Intensity: OLS/Theil-Sen sign mismatch; Scope3_Intensity: 2020-2024 vs 2021-2024 sign mismatch,False,False,Committed,
Super Micro Computer Inc,SMCI UW Equity,SMCI UW Equity,1,US86800U3023,Information Technology,Technology Hardware & Equipmen,0.0016195606104484701,0.23216369923603922,0.43104019188566545,-0.011285863170719557,-0.301541901996657,-0.5174311669270217,77.39121684534871,41.96472703301971,100.0,64.19972857011447,1.0000000000000002,64.19972857011447,101,122.0,79.9,186.0,0.32133333333333336,Scope12_Intensity: OLS/Theil-Sen sign mismatch,True,False,Targets Set,1.5
PepsiCo Inc,PEP UW Equity,PEP UW Equity,1,US7134481081,Consumer Staples,"Food, Beverage & Tobacco",0.03810394756896814,0.4137000021773684,-0.11298450284463524,-0.17074951131029936,0.7428650906171437,0.6293646872568,42.258278145695364,62.86468760743472,100.0,64.10982724742597,1.0000000000000002,64.10982724742597,102,118.0,90.0,158.0,0.24933333333333332,Scope3_Absolute: OLS/Theil-Sen sign mismatch; Scope3_Absolute: 2020-2024 vs 2021-2024 sign mismatch; Scope3_Intensity: OLS/Theil-Sen sign mismatch; Scope3_Intensity: 2020-2024 vs 2021-2024 sign mismatch,False,False,Targets Set,1.5
AES Corp/The,AES UN Equity,AES UN Equity,1,US00130H1059,Utilities,Utilities,2.298271235124085,0.1515719172503665,-0.09940475837492135,-0.15253619347579384,-0.2572226053049046,-0.3010434330381544,36.54960362770365,86.1223364047586,,67.532561613363,0.8000000000000002,64.02604929069041,103,82.0,45.0,127.10000000000002,0.744,No major trend sign conflict,False,False,#N/A Field Not Applicable,#N/A Field Not Applicable
MSCI Inc,MSCI UN Equity,MSCI UN Equity,1,US55354G1004,Financials,Financial Services,0.0026900754736858164,0.017797871868174487,0.0010861311362151405,-0.11709347779585877,0.0707294758721535,-0.05567162668532266,55.08394086111265,54.92278972594611,100.0,63.98657712130685,1.0000000000000002,63.98657712130685,104,122.5,102.0,146.0,0.06933333333333333,No major trend sign conflict,True,False,Targets Set,1.5
CBRE Group Inc,CBRE UN Equity,CBRE UN Equity,1,US12504L1098,Real Estate,Real Estate Management & Devel,0.0028186317832281896,0.5010316881657674,-0.04205919965180227,-0.1291818463765544,-0.007233568912163424,-0.09752353153242133,47.60271207820877,59.2505063822137,100.0,63.906066814569485,1.0000000000000002,63.906066814569485,105,121.0,102.0,148.0,0.076,Scope12_Absolute: 2020-2024 vs 2021-2024 sign mismatch,False,False,Targets Set,1.5
Bank of America Corp,BAC UN Equity,BAC UN Equity,1,US0605051046,Financials,Banks,0.003478439867978722,0.1844004459262333,-0.0031296554630266815,-0.19262733286845335,-0.0763431420418752,-0.2519234772999749,63.033529825582804,69.72783235222259,,67.21746890473267,0.8000000000000002,63.77397512378614,106,86.0,63.0,117.0,0.7533333333333333,Scope12_Absolute: 2020-2024 vs 2021-2024 sign mismatch,False,False,#N/A Field Not Applicable,#N/A Field Not Applicable
QUALCOMM Inc,QCOM UW Equity,QCOM UW Equity,1,US7475251036,Information Technology,Semiconductors & Semiconductor,0.009878162975202602,0.10089882374372787,0.04823510527373176,-0.05846616963498141,0.10684838512429762,-0.005819215139454825,65.22586872322996,48.1504849903551,100.0,63.643003112146545,1.0000000000000002,63.643003112146545,107,127.0,101.0,162.0,0.09866666666666667,Scope3_Absolute: 2020-2024 vs 2021-2024 sign mismatch,True,False,Targets Set,1.5
Parker-Hannifin Corp,PH UN Equity,PH UN Equity,1,US7010941042,Industrials,Capital Goods,0.028773072816325213,0.18770215919597205,-0.011668726355262615,-0.10880564929160752,-0.04010289873493045,-0.13444520403154125,36.97197654889441,65.03453280496245,100.0,63.608859367149556,1.0000000000000002,63.60885936714956,108,125.0,98.0,158.20000000000005,0.128,No major trend sign conflict,False,False,Targets Set,1.5
CenterPoint Energy Inc,CNP UN Equity,CNP UN Equity,1,US15189T1079,Utilities,Utilities,0.3285263160388668,2.728520144553396,-0.14394993095985242,-0.1730662348635723,-0.04216642831240203,-0.07474463182065127,38.561393664567895,83.98760389566108,,66.95277505900113,0.8000000000000002,63.5622200472009,109,86.0,51.0,127.10000000000002,0.72,No major trend sign conflict,False,False,#N/A Field Not Applicable,#N/A Field Not Applicable
Cisco Systems Inc,CSCO UW Equity,CSCO UW Equity,1,US17275R1023,Information Technology,Technology Hardware & Equipmen,0.01107893622373756,0.31768304334795455,-0.016154885216302484,-0.04612987304526539,-0.037368061197590174,-0.06669674334052855,52.20468275366057,55.33590219931683,100.0,63.32935592575659,1.0000000000000002,63.32935592575659,110,130.0,108.0,155.0,0.014666666666666666,No major trend sign conflict,False,False,Targets Set,1.5
American International Group I,AIG UN Equity,AIG UN Equity,1,US0268747849,Financials,Insurance,0.0013210697376981695,0.007073211895376796,-0.21533790952690068,-0.0808745381317727,-0.20995898780140876,-0.07457385918306081,63.22113894006539,68.6832793403812,,66.63497669026277,0.8000000000000002,63.30798135221022,111,88.0,66.9,120.0,0.6906666666666667,No major trend sign conflict,False,False,#N/A Field Not Applicable,#N/A Field Not Applicable
Adobe Inc,ADBE UW Equity,ADBE UW Equity,1,US00724F1012,Information Technology,Software & Services,0.0032789584454534443,0.02309188576693647,0.03830283069174789,-0.08221173230217182,0.08673046785610716,-0.03940503284228014,69.58670450961841,44.74847454800795,100.0,63.2502486268895,1.0000000000000002,63.2502486268895,112,132.0,102.0,172.0,0.08933333333333333,No major trend sign conflict,True,False,Targets Set,1.5
Eaton Corp PLC,ETN UN Equity,ETN UN Equity,1,IE00B8KQN827,Industrials,Capital Goods,0.028196678771899054,2.074841162372377,-0.029945172728704672,-0.1072167222410143,-0.10279791038892605,-0.1742662374781755,26.739645565243855,70.39494495353439,100.0,63.21936614634035,1.0000000000000002,63.21936614634035,113,127.0,91.0,170.10000000000002,0.188,No major trend sign conflict,False,False,Targets Set,1.5
Cognizant Technology Solutions,CTSH UW Equity,CTSH UW Equity,1,US1924461023,Information Technology,Software & Services,0.006296564511166539,0.021434231910040662,-0.03253722775118961,-0.06903256778441402,0.004158452151715952,-0.03372114922387903,59.028104698833175,51.010983170966206,100.0,63.21392299513305,1.0000000000000002,63.21392299513306,114,132.5,105.9,162.0,0.05466666666666667,Scope12_Absolute: 2020-2024 vs 2021-2024 sign mismatch; Scope12_Intensity: 2020-2024 vs 2021-2024 sign mismatch; Scope3_Absolute: OLS/Theil-Sen sign mismatch; Scope3_Intensity: 2020-2024 vs 2021-2024 sign mismatch,False,False,Targets Set,1.5
Emerson Electric Co,EMR UN Equity,EMR UN Equity,1,US2910111044,Industrials,Capital Goods,0.017607649430894972,0.4246284071379059,-0.0659344056485337,-0.08824935555574076,0.3051341256386899,0.2739542997121882,54.381905219126786,53.40057737609652,100.0,63.0148602537863,1.0000000000000002,63.01486025378631,115,133.0,111.0,160.0,0.013333333333333334,Scope3_Absolute: 2020-2024 vs 2021-2024 sign mismatch; Scope3_Intensity: OLS/Theil-Sen sign mismatch; Scope3_Intensity: 2020-2024 vs 2021-2024 sign mismatch,False,False,Targets Set,1.5
Deckers Outdoor Corp,DECK UN Equity,DECK UN Equity,1,US2435371073,Consumer Discretionary,Consumer Durables & Apparel,0.0018942277965946054,0.2509560437604644,0.15018639382407106,-0.03455149838851079,0.013428599833354093,-0.14934385552382368,75.52462945443077,40.50931263858092,100.0,62.912045155619694,1.0000000000000002,62.912045155619694,116,136.0,95.0,191.0,0.14533333333333334,Scope3_Absolute: 2020-2024 vs 2021-2024 sign mismatch,True,False,Targets Set,1.5
AbbVie Inc,ABBV UN Equity,ABBV UN Equity,1,US00287Y1091,Health Care,"Pharmaceuticals, Biotechnology",0.009607235226644877,0.12015603573663329,-0.03321982714607541,-0.0692538797669684,0.39251524487134026,0.3406130968773806,55.628671520436555,52.43419284472942,100.0,62.90569787849568,1.0000000000000002,62.90569787849569,117,134.0,111.0,163.0,0.010666666666666666,Scope3_Absolute: OLS/Theil-Sen sign mismatch; Scope3_Absolute: 2020-2024 vs 2021-2024 sign mismatch; Scope3_Intensity: OLS/Theil-Sen sign mismatch; Scope3_Intensity: 2020-2024 vs 2021-2024 sign mismatch,False,False,Targets Set,1.5
Tyson Foods Inc,TSN UN Equity,TSN UN Equity,1,US9024941034,Consumer Staples,"Food, Beverage & Tobacco",,,-0.033908264668111476,-0.13024973505942816,,,,,80.0,73.37094601046054,0.55,62.8540203057533,118,116.0,106.0,128.0,0.017333333333333333,No major trend sign conflict,False,False,Targets Set,2
Avery Dennison Corp,AVY UN Equity,AVY UN Equity,1,US0536111091,Materials,Materials,0.060233446363868674,0.6507178448753383,-0.03324661421320496,-0.07583262435650473,0.14341143079375906,0.0930435381071264,51.95688097294778,54.48251880531838,100.0,62.82832369454353,1.0000000000000002,62.82832369454353,119,135.0,111.0,165.0,0.013333333333333334,Scope12_Absolute: 2020-2024 vs 2021-2024 sign mismatch; Scope12_Intensity: 2020-2024 vs 2021-2024 sign mismatch; Scope3_Absolute: 2020-2024 vs 2021-2024 sign mismatch; Scope3_Intensity: OLS/Theil-Sen sign mismatch; Scope3_Intensity: 2020-2024 vs 2021-2024 sign mismatch,False,False,Targets Set,1.5
Equifax Inc,EFX UN Equity,EFX UN Equity,1,US2944291051,Industrials,Commercial & Professional Serv,0.004223477714312825,0.04226346954395661,-0.04311150960582544,-0.10833504979480191,3.407941837892402,3.1074872138682252,66.21127261259711,45.860927668244734,100.0,62.793845617901496,1.0000000000000002,62.793845617901496,120,137.0,104.0,183.0,0.07466666666666667,No major trend sign conflict,False,False,Targets Set,1.5
Regency Centers Corp,REG UW Equity,REG UW Equity,1,US7588491032,Real Estate,Equity Real Estate Investment,0.01750528182049759,0.20211375985364233,,,-0.10794925567822544,-0.1800006376462473,55.86446327451222,,,72.23824719090453,0.5700000000000002,62.67580089881559,121,119.0,101.0,142.0,0.096,No major trend sign conflict,False,False,Targets Set,Well-below 2
Tapestry Inc,TPR UN Equity,TPR UN Equity,1,US8760301072,Consumer Discretionary,Consumer Durables & Apparel,0.006321051564201175,0.09737423961862184,-0.023838237465583778,-0.09345913432168862,0.5489892432691337,0.4385136802263192,64.43200883002207,46.68325642715886,100.0,62.67123086258606,1.0000000000000002,62.67123086258606,122,139.0,109.0,174.0,0.044,Scope3_Intensity: 2020-2024 vs 2021-2024 sign mismatch,False,False,Targets Set,1.5
Edison International,EIX UN Equity,EIX UN Equity,1,US2810201077,Utilities,Utilities,0.11932496164554804,0.31819989772146146,-0.034916284481962157,-0.0920794229595866,-0.10716257223307635,-0.16004647100868807,61.47325873487097,68.41067707052568,,65.80914519465517,0.8000000000000002,62.64731615572414,123,94.0,73.0,127.0,0.64,No major trend sign conflict,False,False,#N/A Field Not Applicable,#N/A Field Not Applicable
Simon Property Group Inc,SPG UN Equity,SPG UN Equity,1,US8288061091,Real Estate,Equity Real Estate Investment,0.027893467637212652,0.14736783661642192,-0.013695349646650756,-0.07268633169302852,0.030294763906308253,-0.031327271332296514,50.038214525660536,55.13857227515764,100.0,62.58075049527698,1.0000000000000002,62.58075049527699,124,139.0,117.9,163.0,0.0,No major trend sign conflict,False,False,Targets Set,1.5
Allstate Corp/The,ALL UN Equity,ALL UN Equity,1,US0200021014,Financials,Insurance,0.0008326053723520419,0.08211649699326116,-0.14632469994265895,-0.21495087175834338,1.0056089953881395,0.8443799338194815,61.69068034324221,67.82522127957452,,65.52476842844989,0.8000000000000002,62.41981474275991,125,98.0,66.0,138.10000000000002,0.5453333333333333,No major trend sign conflict,False,False,#N/A Field Not Applicable,#N/A Field Not Applicable
Advanced Micro Devices Inc,AMD UW Equity,AMD UW Equity,1,US0079031078,Information Technology,Semiconductors & Semiconductor,0.004033275239569794,0.709009144124491,0.0854289290153849,-0.13452476321750728,0.32111860071401277,0.053404237906127916,65.20820887434792,53.67612243712825,,63.47883030529185,0.9200000000000002,62.400523880868505,126,125.0,98.0,153.0,0.124,Scope3_Intensity: 2020-2024 vs 2021-2024 sign mismatch,True,False,Targets Set,Well-below 2
Nasdaq Inc,NDAQ UW Equity,NDAQ UW Equity,1,US6311031081,Financials,Financial Services,0.004155517267101322,0.01866637960406472,-0.01792075704156737,-0.11774141243454994,0.1267678734402249,0.012240753140095428,48.347658003598795,55.55792227599974,100.0,62.28325853907952,1.0000000000000002,62.283258539079526,127,143.0,122.0,166.10000000000002,0.0,Scope12_Absolute: 2020-2024 vs 2021-2024 sign mismatch; Scope3_Intensity: 2020-2024 vs 2021-2024 sign mismatch,False,False,Targets Set,1.5
Applied Materials Inc,AMAT UW Equity,AMAT UW Equity,1,US0382221051,Information Technology,Semiconductors & Semiconductor,0.008332425999858992,0.6831468655707241,0.06817450810413095,-0.038697587365138286,-0.0646006115312252,-0.11202561941798705,56.69247017036163,50.54861282238764,100.0,62.282047462302316,1.0000000000000002,62.282047462302316,128,141.0,108.9,181.0,0.036,Scope12_Intensity: 2020-2024 vs 2021-2024 sign mismatch,True,False,Targets Set,1.5
Church & Dwight Co Inc,CHD UN Equity,CHD UN Equity,1,US1713401024,Consumer Staples,Household & Personal Products,0.021895170504588793,0.33241144672415096,-0.0036834533624403587,-0.05840450378528217,-0.031222961841888885,-0.08443144997997254,53.06671033161099,52.42974033217936,100.0,62.13488326557298,1.0000000000000002,62.13488326557298,129,144.0,116.0,176.0,0.0026666666666666666,No major trend sign conflict,False,False,Targets Set,1.5
Welltower Inc,WELL UN Equity,WELL UN Equity,1,US95040Q1040,Real Estate,Equity Real Estate Investment,0.05617799700264191,0.0762485266918964,-0.03976758286400628,-0.16840372505440238,0.15370611989200023,-0.0008484461025565215,41.78889528745561,67.03572308450356,,63.102750139661374,0.9200000000000002,62.054530128488466,130,123.5,101.0,151.0,0.09866666666666667,Scope3_Intensity: 2020-2024 vs 2021-2024 sign mismatch,False,False,Targets Set,Well-below 2
Live Nation Entertainment Inc,LYV UN Equity,LYV UN Equity,1,US5380341090,Communication Services,Media & Entertainment,0.004622807742522993,,-0.007441057372646442,-0.15755336411329068,,,,,,71.50150285831113,0.5600000000000002,62.04084160065423,131,99.0,80.0,133.10000000000002,0.5253333333333333,No major trend sign conflict,False,False,#N/A Field Not Applicable,#N/A Field Not Applicable
Las Vegas Sands Corp,LVS UN Equity,LVS UN Equity,1,US5178341070,Consumer Discretionary,Consumer Services,0.04636263125637903,0.21450256250414895,-0.02195396367361191,-0.31684809466190844,0.7523340206613507,0.2239815719717997,42.62764900662252,58.43959795294086,100.0,62.00809367845718,1.0000000000000002,62.008093678457186,132,143.0,112.0,185.0,0.030666666666666665,No major trend sign conflict,False,False,Targets Set,1.5
Paramount Skydance Corp,PSKY UW Equity,PSKY UW Equity,1,US69932A2042,Communication Services,Media & Entertainment,,,-0.2616456638985314,-0.2750391923788673,0.07132439703160642,0.05189089048638351,,73.69840732767561,,73.69840732767562,0.5,61.84920366383781,133,101.0,71.0,141.10000000000002,0.492,No major trend sign conflict,False,False,#N/A Field Not Applicable,#N/A Field Not Applicable
Comfort Systems USA Inc,FIX UN Equity,FIX UN Equity,1,US1999081045,Industrials,Capital Goods,0.012454258295080551,,0.012122487211536415,-0.22312230884428086,,,,,,70.94850452340317,0.5600000000000002,61.73116253310578,134,103.0,78.0,141.0,0.45866666666666667,No major trend sign conflict,True,False,#N/A Field Not Applicable,#N/A Field Not Applicable
KeyCorp,KEY UN Equity,KEY UN Equity,1,US4932671088,Financials,Banks,0.0038438718935378756,0.0062420961917763204,-0.07896789263578585,-0.14798192442344593,-0.007639907422019032,-0.08199863001853658,65.75360599665235,63.93134406792943,,64.61469229120051,0.8000000000000002,61.691753832960416,135,103.0,82.0,137.0,0.452,No major trend sign conflict,False,False,#N/A Field Not Applicable,#N/A Field Not Applicable
eBay Inc,EBAY UW Equity,EBAY UW Equity,1,US2786421030,Consumer Discretionary,Consumer Discretionary Distrib,0.012381017550088478,0.17291840854976054,-0.033738593995914945,-0.05855889350422605,0.04254573170426457,0.01576592123970255,59.39991090587117,47.48246032148471,100.0,61.5612034325037,1.0000000000000002,61.5612034325037,136,152.0,125.0,185.0,0.0013333333333333333,Scope12_Absolute: 2020-2024 vs 2021-2024 sign mismatch; Scope12_Intensity: 2020-2024 vs 2021-2024 sign mismatch; Scope3_Absolute: OLS/Theil-Sen sign mismatch; Scope3_Absolute: 2020-2024 vs 2021-2024 sign mismatch; Scope3_Intensity: OLS/Theil-Sen sign mismatch; Scope3_Intensity: 2020-2024 vs 2021-2024 sign mismatch,False,False,Targets Set,1.5
Kraft Heinz Co/The,KHC UW Equity,KHC UW Equity,1,US5007541064,Consumer Staples,"Food, Beverage & Tobacco",0.03591054638758778,0.9344463057629807,-0.08443263833557024,-0.08412509074948604,-0.018384685966609693,-0.018054952259473733,39.357426679280984,59.31725547463674,100.0,61.465855741102665,1.0000000000000002,61.465855741102665,137,150.0,125.0,183.0,0.0,No major trend sign conflict,False,False,Targets Set,1.5
Everest Group Ltd,EG UN Equity,EG UN Equity,1,BMG3223R1088,Financials,Insurance,0.00010903304073381642,0.005411382392285964,0.034242006997537766,-0.13600467611665357,0.46337588715974976,0.2224894319078643,90.63261464920579,48.229160943772435,,64.13045608330994,0.8000000000000002,61.30436486664795,138,112.0,73.9,159.0,0.38533333333333336,No major trend sign conflict,True,False,#N/A Field Not Applicable,#N/A Field Not Applicable
Kimco Realty Corp,KIM UN Equity,KIM UN Equity,1,US49446R1095,Real Estate,Equity Real Estate Investment,0.020210956111804387,0.389663018240179,-0.04419195893657257,-0.18372704258252515,0.8099638127424409,0.5457335058639032,49.19967093085434,60.82883016053748,,62.145996042962004,0.9200000000000002,61.174316359525044,139,136.0,109.0,163.0,0.032,No major trend sign conflict,False,False,Targets Set,Well-below 2
Broadcom Inc,AVGO UW Equity,AVGO UW Equity,1,US11135F1012,Information Technology,Semiconductors & Semiconductor,0.0058368363034458455,0.04675107404075939,-0.08405764882757627,-0.2476706810229231,8.419295736269033,6.557735475685515,80.87427743491958,65.69874437396903,,62.0778863233265,0.9200000000000002,61.11165541746038,140,87.0,44.0,152.0,0.6266666666666667,No major trend sign conflict,False,False,Removed,
Ball Corp,BALL UN Equity,BALL UN Equity,1,US0584981064,Materials,Materials,0.08459575890787277,0.6236591825853116,-0.032706442473594666,-0.019752558334280357,-0.08746677027532412,-0.07524623015164467,50.36672082596354,51.79366494615699,100.0,61.006848720867566,1.0000000000000002,61.006848720867566,141,155.0,120.0,198.0,0.008,Scope12_Intensity: 2020-2024 vs 2021-2024 sign mismatch,False,False,Targets Set,1.5
KLA Corp,KLAC UW Equity,KLAC UW Equity,1,US4824801009,Information Technology,Semiconductors & Semiconductor,0.008820100323332351,0.359889031366554,0.12475766858422044,-0.028624675327941884,-0.06764385602486833,-0.17131111644670782,58.63974525327732,46.72984650367418,100.0,60.956846827820286,1.0000000000000002,60.956846827820286,142,156.0,118.0,208.0,0.018666666666666668,Scope12_Intensity: 2020-2024 vs 2021-2024 sign mismatch,True,False,Targets Set,1.5
Deere & Co,DE UN Equity,DE UN Equity,1,US2441991054,Industrials,Capital Goods,0.017361745008949117,1.5848383479000696,-0.02497013842667295,-0.12482672401986394,1.2673379671122156,1.0351311017590925,51.13131635786955,50.818698079983285,100.0,60.748743947352516,1.0000000000000002,60.748743947352516,143,160.0,132.0,199.0,0.0,Scope3_Absolute: OLS/Theil-Sen sign mismatch; Scope3_Absolute: 2020-2024 vs 2021-2024 sign mismatch; Scope3_Intensity: OLS/Theil-Sen sign mismatch; Scope3_Intensity: 2020-2024 vs 2021-2024 sign mismatch,False,False,Targets Set,1.5
CRH PLC,CRH UN Equity,CRH UN Equity,1,IE0001827041,Materials,Materials,0.8264927471044642,0.4891487686944788,-0.04891035113627151,-0.11214013184366045,0.10146653673019279,0.02823948851535496,21.475395911315864,67.88453703872581,100.0,60.38488729275766,1.0000000000000002,60.38488729275766,144,156.0,118.0,215.0,0.021333333333333333,No major trend sign conflict,False,False,Targets Set,1.5
Crowdstrike Holdings Inc,CRWD UW Equity,CRWD UW Equity,1,US22788C1053,Information Technology,Software & Services,,,,,,,,,100.0,100.0,0.20000000000000004,60.0,145,169.0,144.0,199.0,0.0,No major trend sign conflict,False,False,Targets Set,1.5
WW Grainger Inc,GWW UN Equity,GWW UN Equity,1,US3848021040,Industrials,Capital Goods,0.005248718581684038,2.446178937558248,-0.034498890677370775,-0.1251361504676567,0.25538403362288387,0.13753376116500693,67.10207519298056,59.6922846263781,,62.47095608885403,0.8000000000000002,59.976764871083226,146,124.0,94.0,156.0,0.17733333333333334,No major trend sign conflict,False,False,#N/A Field Not Applicable,#N/A Field Not Applicable
Zimmer Biomet Holdings Inc,ZBH UN Equity,ZBH UN Equity,1,US98956P1021,Health Care,Health Care Equipment & Servic,0.015554136978168093,0.09768538211362178,-0.008214753815946052,-0.033459409493398096,-0.11572377946363865,-0.1382319270662461,42.78979562771488,54.123219702308006,100.0,59.89854853946847,1.0000000000000002,59.89854853946847,147,168.0,135.0,207.0,0.0,Scope12_Absolute: 2020-2024 vs 2021-2024 sign mismatch,False,False,Targets Set,1.5
Visa Inc,V UN Equity,V UN Equity,1,US92826C8394,Financials,Financial Services,0.002420483682453317,0.017067360332480307,0.056687805759155996,-0.07197919386163976,0.07733002732535077,-0.053850460858438365,61.543502699092876,42.71784611009862,100.0,59.82197386477718,1.0000000000000002,59.82197386477718,148,172.0,140.0,213.0,0.0,No major trend sign conflict,True,False,Targets Set,1.5
Axon Enterprise Inc,AXON UW Equity,AXON UW Equity,1,US05464C1018,Industrials,Capital Goods,0.0013565256607969115,,,,,,,,,95.15931525677871,0.21000000000000002,59.48345620392353,149,135.0,93.0,168.0,0.168,No major trend sign conflict,False,False,#N/A Field Not Applicable,#N/A Field Not Applicable
Cencora Inc,COR UN Equity,COR UN Equity,1,US03073E1055,Health Care,Health Care Equipment & Servic,0.0007612840851537497,0.13778811076725808,0.023313551253112852,-0.08117256359020131,3.4222217305508282,2.9706878218723904,71.51609546189763,35.82175527924897,100.0,59.36570627819378,1.0000000000000002,59.36570627819378,150,177.0,133.0,249.30000000000007,0.0013333333333333333,No major trend sign conflict,True,False,Targets Set,1.5
Marvell Technology Inc,MRVL UW Equity,MRVL UW Equity,1,US5738741041,Information Technology,Semiconductors & Semiconductor,0.005856346503550259,3.565699072434955,0.09880394222921884,-0.11079431129964656,0.4414833844483739,0.1665185902210249,53.86076449401649,45.96596330804591,100.0,59.141211002227905,1.0000000000000002,59.141211002227905,151,180.0,146.0,224.0,0.0,Scope3_Absolute: OLS/Theil-Sen sign mismatch; Scope3_Intensity: OLS/Theil-Sen sign mismatch,True,False,Targets Set,1.5
Cooper Cos Inc/The,COO UW Equity,COO UW Equity,1,US2166485019,Health Care,Health Care Equipment & Servic,0.02263875298231493,,-0.0685616183022758,-0.1697202430431124,,,,,,66.25061952002554,0.5600000000000002,59.100346931214304,152,129.0,88.0,172.0,0.23733333333333334,Scope12_Absolute: 2020-2024 vs 2021-2024 sign mismatch,False,False,#N/A Field Not Applicable,#N/A Field Not Applicable
PACCAR Inc,PCAR UW Equity,PCAR UW Equity,1,US6937181088,Industrials,Capital Goods,0.00674837644214399,3.334026461659111,,,0.16424100797479713,-0.005295135857168898,64.58983282271653,,,65.94738728879423,0.5700000000000002,59.09001075461271,153,163.0,138.0,189.0,0.0,No major trend sign conflict,False,False,Targets Set,Well-below 2
Motorola Solutions Inc,MSI UN Equity,MSI UN Equity,1,US6200763075,Information Technology,Technology Hardware & Equipmen,,0.12320791256673523,0.018621924572913562,-0.07831632735218164,-0.09846701264928248,-0.180603803318647,,63.5790615449152,,65.32597593815848,0.5900000000000002,59.042325803513506,154,132.5,103.0,160.10000000000002,0.084,No major trend sign conflict,True,False,#N/A Field Not Applicable,#N/A Field Not Applicable
Allegion plc,ALLE UN Equity,ALLE UN Equity,1,IE00BFRT3W74,Industrials,Capital Goods,0.01879089059774598,,-0.046310119463334076,-0.12801534257058456,,,,,,66.01276978906483,0.5600000000000002,58.96715108187631,155,130.0,102.0,161.0,0.08933333333333333,No major trend sign conflict,False,False,#N/A Field Not Applicable,#N/A Field Not Applicable
ConocoPhillips,COP UN Equity,COP UN Equity,1,US20825C1045,Energy,Energy,,4.767558681158096,0.006255231299763686,-0.31342185309406556,0.10993518783669542,-0.12184451196147827,,71.92539172797422,,65.07108400248491,0.5900000000000002,58.8919395614661,156,132.5,94.0,169.0,0.16,Scope12_Absolute: 2020-2024 vs 2021-2024 sign mismatch; Scope3_Intensity: 2020-2024 vs 2021-2024 sign mismatch,True,False,#N/A Field Not Applicable,#N/A Field Not Applicable
Lululemon Athletica Inc,LULU UW Equity,LULU UW Equity,1,US5500211090,Consumer Discretionary,Consumer Durables & Apparel,0.0036759515769805595,0.17918080398760827,0.16514869761171158,-0.081301391261825,0.18609996126918515,-0.06478169998732852,66.50908230842005,37.591454425600766,100.0,58.74845190532639,1.0000000000000002,58.74845190532639,157,185.5,146.0,257.1,0.0,No major trend sign conflict,True,False,Targets Set,1.5
Bunge Global SA,BG UN Equity,BG UN Equity,1,CH1300646267,Consumer Staples,"Food, Beverage & Tobacco",0.05177487448557068,2.5736047299841833,-0.08117017944970684,-0.1263698518658638,-0.18344188757947277,-0.2236105438036018,17.617596972563856,74.88633572304946,,59.48744234053682,0.9200000000000002,58.72844695329388,158,159.0,111.0,215.0,0.037333333333333336,Scope3_Intensity: 2020-2024 vs 2021-2024 sign mismatch,False,False,Targets Set,Well-below 2
Take-Two Interactive Software,TTWO UW Equity,TTWO UW Equity,1,US8740541094,Communication Services,Media & Entertainment,,0.09296302572928933,,,,,,,100.0,79.6923076923077,0.29000000000000004,58.610769230769236,159,185.5,155.0,218.0,0.0,No major trend sign conflict,False,False,Targets Set,1.5
ExxonMobil Holdings Corp,XOM UN Equity,XOM UN Equity,1,US30233Q1085,Energy,Energy,0.29477047696810876,2.151824481867194,-0.014530448386591122,-0.149570864176102,0.029269912307855472,-0.11177253460501746,39.674683787770945,73.09148045576347,,60.560181705266274,0.8000000000000002,58.44814536421302,160,137.5,99.0,171.0,0.108,No major trend sign conflict,False,False,#N/A Field Not Applicable,#N/A Field Not Applicable
Pinnacle West Capital Corp,PNW UN Equity,PNW UN Equity,1,US7234841010,Utilities,Utilities,2.1760695322202905,0.00032904740359662184,-0.009903309158109441,-0.09731639109004575,-0.761053629106867,-0.7821495876020516,49.04833458389065,66.92112050884127,,60.21882578698479,0.8000000000000002,58.17506062958783,161,141.0,103.0,176.0,0.08666666666666667,No major trend sign conflict,False,False,#N/A Field Not Applicable,#N/A Field Not Applicable
Starbucks Corp,SBUX UW Equity,SBUX UW Equity,1,US8552441094,Consumer Discretionary,Consumer Services,0.032294520424620506,0.344082562827909,0.020504299365568412,-0.0834841502515864,-0.003803938276327079,-0.10531540083240087,49.358861557868174,46.55500944051877,100.0,58.08516318761984,1.0000000000000002,58.08516318761984,162,193.0,157.0,248.70000000000016,0.0,Scope3_Absolute: OLS/Theil-Sen sign mismatch,True,False,Targets Set,1.5
NextEra Energy Inc,NEE UN Equity,NEE UN Equity,1,US65339F1012,Utilities,Utilities,1.754714916890228,0.0026349332873635265,-0.001280890231577514,-0.10857182071223792,-0.5221415772726906,-0.5734772073922769,49.54929479441924,66.34192712476984,,60.04469000088837,0.8000000000000002,58.0357520007107,163,145.0,105.0,177.10000000000002,0.068,Scope12_Absolute: 2020-2024 vs 2021-2024 sign mismatch,False,False,#N/A Field Not Applicable,#N/A Field Not Applicable
FedEx Corp,FDX UN Equity,FDX UN Equity,1,US31428X1063,Industrials,Transportation,0.17949646628766336,0.11219915019585372,-0.010577496297030753,-0.06300106618513068,0.27747562029284145,0.20978984176028637,46.774494820852425,47.15484094020679,100.0,57.60976891635912,1.0000000000000002,57.60976891635912,164,196.0,163.0,263.0,0.0,No major trend sign conflict,False,False,Targets Set,1.5
Cboe Global Markets Inc,CBOE UF Equity,CBOE UF Equity,1,US12503M1080,Financials,Financial Services,0.006367979239391281,0.018384481023992035,-0.07306459682609079,-0.1833015049623069,0.09830268375120421,0.006866586898630178,41.99998515962677,69.93842676640381,,59.46151116386241,0.8000000000000002,57.56920893108993,165,147.0,111.0,180.0,0.032,No major trend sign conflict,False,False,#N/A Field Not Applicable,#N/A Field Not Applicable
Globe Life Inc,GL UN Equity,GL UN Equity,1,US37959E1029,Financials,Insurance,0.0011735754658035082,0.006602725058590075,-0.04109078079173245,-0.07966330534881272,-0.049110435676420705,-0.08736036626028354,66.64566714800246,55.00682702706413,,59.371392072416,0.8000000000000002,57.4971136579328,166,152.0,116.0,179.0,0.010666666666666666,No major trend sign conflict,False,False,#N/A Field Not Applicable,#N/A Field Not Applicable
Essex Property Trust Inc,ESS UN Equity,ESS UN Equity,1,US2971781057,Real Estate,Equity Real Estate Investment,0.024839246083926313,,0.002108566217039698,-0.04573101001327862,,,,,100.0,59.815635999368325,0.7600000000000001,57.45988335951993,167,201.0,164.9,265.0,0.0,Scope12_Absolute: 2020-2024 vs 2021-2024 sign mismatch,True,False,Targets Set,1.5
T-Mobile US Inc,TMUS UW Equity,TMUS UW Equity,1,US8725901040,Communication Services,Telecommunication Services,0.03543765281283592,0.06233009732033169,-0.003953018079951409,-0.03613475304624769,-0.09439664110784085,-0.12365619192167387,32.23608665065618,55.454195112731696,100.0,57.397923551562705,1.0000000000000002,57.397923551562705,168,196.0,160.9,269.0,0.0,No major trend sign conflict,False,False,Targets Set,1.5
Marathon Petroleum Corp,MPC UN Equity,MPC UN Equity,1,US56585A1025,Energy,Energy,0.29453278027422514,2.9165226408572416,0.0033066545321422947,-0.14407554594930283,0.0004663657353631834,-0.14649860636333323,37.340297569010175,72.34119632252984,,59.215859289959965,0.8000000000000002,57.372687431967975,169,152.0,110.0,183.10000000000002,0.052,Scope3_Absolute: 2020-2024 vs 2021-2024 sign mismatch,True,False,#N/A Field Not Applicable,#N/A Field Not Applicable
L3Harris Technologies Inc,LHX UN Equity,LHX UN Equity,1,US5024311095,Industrials,Capital Goods,0.014019179349767366,0.012251019494614596,-0.042091050155716236,-0.08000488852010978,0.2479763680987661,0.19858172123763018,75.5957362480298,49.178460012530834,,59.08493860084295,0.8000000000000002,57.26795088067436,170,157.0,116.0,191.0,0.02,No major trend sign conflict,False,False,#N/A Field Not Applicable,#N/A Field Not Applicable
Viatris Inc,VTRS UW Equity,VTRS UW Equity,1,US92556V1061,Health Care,"Pharmaceuticals, Biotechnology",0.027382711348265407,0.14613991166473306,-0.03884863750245926,-0.06466949019535839,0.01664945769050763,-0.010662323691282505,24.98667955520821,59.272861988374174,100.0,57.132434860749555,1.0000000000000002,57.132434860749555,171,195.0,162.9,276.1,0.0,Scope12_Intensity: OLS/Theil-Sen sign mismatch; Scope12_Intensity: 2020-2024 vs 2021-2024 sign mismatch; Scope3_Intensity: OLS/Theil-Sen sign mismatch; Scope3_Intensity: 2020-2024 vs 2021-2024 sign mismatch,False,False,Targets Set,1.5
Snap-on Inc,SNA UN Equity,SNA UN Equity,1,US8330341012,Industrials,Capital Goods,0.017438923945750657,,-0.0645561261770311,-0.08922709576870147,,,,,,62.28627752593299,0.5600000000000002,56.88031541452248,172,156.0,131.0,181.0,0.0,No major trend sign conflict,False,False,#N/A Field Not Applicable,#N/A Field Not Applicable
State Street Corp,STT UN Equity,STT UN Equity,1,US8574771031,Financials,Financial Services,0.0027060396729456588,0.014051328579318094,-0.07227921523860747,-0.21160488906284025,1.123004308048329,0.8041702249824219,57.18683658894022,59.446848374394996,,58.599343954849466,0.8000000000000002,56.879475163879576,173,158.0,117.0,193.0,0.009333333333333334,No major trend sign conflict,False,False,#N/A Field Not Applicable,#N/A Field Not Applicable
Vivmark Residential,VMRK UN Equity,VMRK UN Equity,1,US29476L1070,Real Estate,Equity Real Estate Investment,0.03616412519607157,0.061067587681989,-0.01996032221308064,-0.06296163362941476,0.04704697534661251,0.001105577181915729,50.2699436469088,51.39968305334159,,57.37046154428634,0.9200000000000002,56.78082462074344,174,188.0,170.0,206.0,0.0,Scope3_Intensity: OLS/Theil-Sen sign mismatch; Scope3_Intensity: 2020-2024 vs 2021-2024 sign mismatch,False,False,Targets Set,Well-below 2
Yum! Brands Inc,YUM UN Equity,YUM UN Equity,1,US9884981013,Consumer Discretionary,Consumer Services,0.021500728322679845,4.498556307126772,-0.013975458771478877,-0.07610956772861,-0.03924045229407713,-0.09978249351384905,44.57631661936298,46.38352384751238,100.0,56.56465690956508,1.0000000000000002,56.56465690956508,175,208.0,168.0,284.0,0.0,Scope12_Absolute: 2020-2024 vs 2021-2024 sign mismatch,False,False,Targets Set,1.5
Sysco Corp,SYY UN Equity,SYY UN Equity,1,US8718291078,Consumer Staples,Consumer Staples Distribution,0.020546902744660343,0.9512454974379788,0.038664446433486876,-0.07839441229118504,-0.00018432158135583965,-0.11286487269928114,49.248831962739246,51.468063116843595,,57.074653420916924,0.9200000000000002,56.50868114724357,176,190.0,165.9,223.0,0.0,No major trend sign conflict,True,False,Targets Set,Well-below 2
Ameren Corp,AEE UN Equity,AEE UN Equity,1,US0236081024,Utilities,Utilities,2.432073381712442,1.9770956828840351,-0.11250221338764987,-0.1731838905887113,0.005486431594356134,-0.06326258839470023,22.700860165943517,79.38240678785674,,58.12682680463928,0.8000000000000002,56.50146144371143,177,157.0,100.0,215.10000000000002,0.108,Scope3_Absolute: OLS/Theil-Sen sign mismatch; Scope3_Absolute: 2020-2024 vs 2021-2024 sign mismatch,False,False,#N/A Field Not Applicable,#N/A Field Not Applicable
Baxter International Inc,BAX UN Equity,BAX UN Equity,1,US0718131099,Health Care,Health Care Equipment & Servic,0.03479983045356352,0.25976775973844723,-0.1671716080854435,-0.13350301822429522,-0.0900191619679146,-0.05323154531765262,16.47123935666982,82.94672102793211,,58.018415401208756,0.8000000000000002,56.414732320967005,178,157.0,93.9,226.10000000000002,0.136,Scope3_Intensity: 2020-2024 vs 2021-2024 sign mismatch,False,False,#N/A Field Not Applicable,#N/A Field Not Applicable
Federal Realty Investment Trus,FRT UN Equity,FRT UN Equity,1,US3137451015,Real Estate,Equity Real Estate Investment,0.02161333661850736,0.17271042409430637,0.008681819198796736,-0.07834785174703318,0.6839359348797502,0.5386449347674946,53.05642301838674,40.885767363816136,100.0,56.35981058742409,1.0000000000000002,56.35981058742409,179,215.0,176.0,284.0,0.0,Scope12_Absolute: 2020-2024 vs 2021-2024 sign mismatch; Scope3_Intensity: 2020-2024 vs 2021-2024 sign mismatch,True,False,Targets Set,1.5
Zoetis Inc,ZTS UN Equity,ZTS UN Equity,1,US98978V1035,Health Care,"Pharmaceuticals, Biotechnology",0.024234118086568425,0.004153522006787405,-0.06978308911311693,-0.13682407958323228,0.23407176725050327,0.16470328574312432,44.5715691113762,65.81401234493917,,57.84809613235306,0.8000000000000002,56.27847690588245,180,163.0,121.0,203.0,0.018666666666666668,No major trend sign conflict,False,False,#N/A Field Not Applicable,#N/A Field Not Applicable
Huntington Ingalls Industries,HII UN Equity,HII UN Equity,1,US4464131063,Industrials,Capital Goods,0.025247594521683327,,-0.08550365363509516,-0.12021316730534559,,,,,,61.14009585162574,0.5600000000000002,56.23845367691042,181,163.0,122.9,199.0,0.008,No major trend sign conflict,False,False,#N/A Field Not Applicable,#N/A Field Not Applicable
Assurant Inc,AIZ UN Equity,AIZ UN Equity,1,US04621X1081,Financials,Insurance,0.0009789097010524767,0.25381603461771207,-0.09754484769902882,-0.14287221783990767,0.8849678770332703,0.7902921067768682,53.33200551046491,60.43099017959699,,57.768870928672456,0.8000000000000002,56.215096742937966,182,164.0,127.0,199.0,0.0026666666666666666,No major trend sign conflict,False,False,#N/A Field Not Applicable,#N/A Field Not Applicable
Cadence Design Systems Inc,CDNS UW Equity,CDNS UW Equity,1,US1273871087,Information Technology,Software & Services,0.0069653437328689415,0.06996477815170946,-0.019204139992604174,-0.1481926194312121,0.02803535500845289,-0.1071657838408383,41.01000315357931,65.27948198154773,,56.676893409617016,0.9200000000000002,56.142741936847656,183,172.0,141.0,194.10000000000002,0.0,Scope12_Absolute: 2020-2024 vs 2021-2024 sign mismatch; Scope3_Intensity: 2020-2024 vs 2021-2024 sign mismatch,False,False,Committed,
McCormick & Co Inc/MD,MKC UN Equity,MKC UN Equity,1,US5797802064,Consumer Staples,"Food, Beverage & Tobacco",0.019786724140105905,0.6029284340629973,-0.005013538429764708,-0.045779415760598186,-0.00582758196389177,-0.046560106882269636,55.81356039104384,38.285137185265555,100.0,55.88663670994593,1.0000000000000002,55.88663670994593,184,222.5,178.0,293.0,0.0,Scope12_Absolute: 2020-2024 vs 2021-2024 sign mismatch; Scope12_Intensity: 2020-2024 vs 2021-2024 sign mismatch; Scope3_Absolute: 2020-2024 vs 2021-2024 sign mismatch; Scope3_Intensity: 2020-2024 vs 2021-2024 sign mismatch,False,False,Targets Set,1.5
Molson Coors Beverage Co,TAP UN Equity,TAP UN Equity,1,US60871R2094,Consumer Staples,"Food, Beverage & Tobacco",0.07453857169902221,0.3266887341626709,-0.03011285090933491,-0.07755433774019505,-0.024259627489638058,-0.07198742146669024,27.518826868495744,55.137802197109,100.0,55.82454915910322,1.0000000000000002,55.82454915910322,185,215.0,178.9,288.0,0.0,No major trend sign conflict,False,False,Targets Set,1.5
Honeywell International Inc,HON UW Equity,HON UW Equity,1,US4385162056,Industrials,Capital Goods,0.036810563058876436,6.1184736869447764,-0.139792396649973,-0.17304511404372336,0.6644902653807474,0.6001466997300811,18.689781306947232,67.63659941063851,,55.896993584134165,0.9200000000000002,55.42523409740343,186,201.0,147.0,291.0,0.0,No major trend sign conflict,False,False,Targets Set,Well-below 2
Thermo Fisher Scientific Inc,TMO UN Equity,TMO UN Equity,1,US8835561023,Health Care,"Pharmaceuticals, Biotechnology",0.017899787632558697,0.19594019745242428,0.0034342670909499606,-0.060712962643352686,-0.07837522698458166,-0.0985532348468593,28.134312314041654,53.95901096662071,100.0,55.419799177522854,1.0000000000000002,55.419799177522854,187,223.0,182.9,293.0,0.0,Scope12_Absolute: 2020-2024 vs 2021-2024 sign mismatch,True,False,Targets Set,1.5
Apollo Global Management Inc,APO UN Equity,APO UN Equity,1,US03769M1062,Financials,Financial Services,0.00046017059013582257,0.2760639035250552,0.06483558512440268,-0.4340643519811508,13.376460903698408,6.640758659283228,69.65323612888865,48.78896475711396,,56.61306652152947,0.8000000000000002,55.29045321722357,188,178.0,132.0,231.0,0.012,No major trend sign conflict,True,False,#N/A Field Not Applicable,#N/A Field Not Applicable
Marsh & McLennan Cos Inc,MRSH UN Equity,MRSH UN Equity,1,US5717481023,Financials,Insurance,0.003319731795083025,0.0277123241844118,-0.05320498432343668,-0.1293621631346641,1.6393766425490157,1.4270735826589669,38.00503908778569,47.435608557559775,100.0,55.1193160051156,1.0000000000000002,55.1193160051156,189,228.0,184.0,305.0,0.0,No major trend sign conflict,False,False,Targets Set,1.5
Fortinet Inc,FTNT UW Equity,FTNT UW Equity,1,US34959E1091,Information Technology,Software & Services,0.0019216561494382314,0.3115316236182062,0.32649551711761116,0.07265853979403136,-0.3014575572792991,-0.39840238028541364,60.835294859665716,33.73515675050352,100.0,55.11816683315148,1.0000000000000002,55.11816683315148,190,229.5,166.0,331.1,0.0,No major trend sign conflict,True,False,Targets Set,1.5
Warner Bros Discovery Inc,WBD UW Equity,WBD UW Equity,1,US9344231041,Communication Services,Media & Entertainment,0.0068656440390074645,0.028518094284264453,,,,,66.86417291317953,,,66.86417291317954,0.30000000000000004,55.05925187395386,191,180.0,153.0,204.10000000000002,0.0,No major trend sign conflict,False,False,#N/A Field Not Applicable,#N/A Field Not Applicable
AMETEK Inc,AME UN Equity,AME UN Equity,1,US0311001004,Industrials,Capital Goods,0.018616387696655395,,-0.021224533615032626,-0.11635905567092975,,,,,,58.939268462014226,0.5600000000000002,55.00599033872797,192,176.0,156.0,201.0,0.0,No major trend sign conflict,False,False,#N/A Field Not Applicable,#N/A Field Not Applicable
Omnicom Group Inc,OMC UN Equity,OMC UN Equity,1,US6819191064,Communication Services,Media & Entertainment,0.004349835410991199,0.021423026286337927,0.07458709567397759,0.03475882825150034,0.0390690031129195,0.0005571707142322246,81.72754045071925,20.858381697406084,100.0,54.947452983918815,1.0000000000000002,54.947452983918815,193,238.0,161.0,345.0,0.0,No major trend sign conflict,True,False,Targets Set,1.5
PNC Financial Services Group I,PNC UN Equity,PNC UN Equity,1,US6934751057,Financials,Banks,0.004488356465108164,0.0022963414208814243,-0.010981696360380155,-0.16978796298232646,0.754427239733823,0.47271957165865675,65.08139873371661,50.822790656936995,,56.16976868572935,0.8000000000000002,54.935814948583484,194,181.0,153.0,209.0,0.0,No major trend sign conflict,False,False,#N/A Field Not Applicable,#N/A Field Not Applicable
Republic Services Inc,RSG UN Equity,RSG UN Equity,1,US7607591002,Industrials,Commercial & Professional Serv,0.8601022956376067,0.1255202074488718,-0.037491121777917136,-0.14589037522811288,0.019428990693513892,-0.0953806947410617,11.679791290387314,70.85684425001497,,55.361260339264874,0.9200000000000002,54.93235951212368,195,201.0,154.0,297.0,0.0,No major trend sign conflict,False,False,Targets Set,Well-below 2
Cummins Inc,CMI UN Equity,CMI UN Equity,1,US2310211063,Industrials,Capital Goods,0.02574699481948227,31.5688229429359,0.01281559006054156,-0.1226276245026755,0.07345761042553223,-0.07009522474033769,21.114677202815855,56.977092083880564,100.0,54.82294920278505,1.0000000000000002,54.82294920278505,196,230.0,183.0,311.1,0.0,Scope12_Absolute: 2020-2024 vs 2021-2024 sign mismatch; Scope3_Absolute: 2020-2024 vs 2021-2024 sign mismatch,True,False,Targets Set,1.5
Procter & Gamble Co/The,PG UN Equity,PG UN Equity,1,US7427181091,Consumer Staples,Household & Personal Products,0.050172419250660405,2.0005949618629444,-0.030992832912133172,-0.0702087218665648,-0.0405356601211011,-0.07936534919502736,13.37792979647284,61.52091310140091,100.0,54.77383548964231,1.0000000000000002,54.77383548964231,197,228.5,176.9,317.0,0.0,No major trend sign conflict,False,False,Targets Set,1.5
Robinhood Markets Inc,HOOD UW Equity,HOOD UW Equity,1,US7707001027,Financials,Financial Services,0.0006306336637837569,0.02243036304397609,0.15142219614109886,-0.03757967262834261,-0.15094460121667141,-0.29031403286098467,78.01850965551783,42.48228866665021,,55.80837153747557,0.8000000000000002,54.64669722998046,198,186.0,131.0,260.30000000000007,0.008,No major trend sign conflict,True,False,#N/A Field Not Applicable,#N/A Field Not Applicable
Wells Fargo & Co,WFC UN Equity,WFC UN Equity,1,US9497461015,Financials,Banks,0.004945565102032819,,-0.04316766808907657,-0.1496852405625263,-0.010561996671619056,-0.10719445967614538,,62.17277751911898,,56.47146946324991,0.7100000000000001,54.59474331890743,199,183.0,155.0,208.0,0.0,Scope3_Absolute: 2020-2024 vs 2021-2024 sign mismatch,False,False,#N/A Field Not Applicable,#N/A Field Not Applicable
NiSource Inc,NI UN Equity,NI UN Equity,1,US65473P1057,Utilities,Utilities,1.007008476416063,2.310425035173507,-0.09436525472195723,-0.13181870672733698,0.009688725943140408,-0.03206798495455665,32.32212616492133,69.70106913703212,,55.68396552249057,0.8000000000000002,54.547172417992456,200,183.0,138.0,225.0,0.0,Scope3_Absolute: OLS/Theil-Sen sign mismatch; Scope3_Absolute: 2020-2024 vs 2021-2024 sign mismatch,False,False,#N/A Field Not Applicable,#N/A Field Not Applicable
Zebra Technologies Corp,ZBRA UW Equity,ZBRA UW Equity,1,US9892071054,Information Technology,Technology Hardware & Equipmen,0.004853443265607428,0.1856775718433171,0.15385404796854374,0.15139345385563274,-0.0965447443316435,-0.09847136294280123,66.2622102726911,29.307916342062683,100.0,54.53262125283868,1.0000000000000002,54.53262125283868,201,248.5,178.0,336.0,0.0,No major trend sign conflict,True,False,Targets Set,1.5
Estee Lauder Cos Inc/The,EL UN Equity,EL UN Equity,1,US5184391044,Consumer Staples,Household & Personal Products,0.006387749676335353,0.10657995899538698,0.05137285191319463,0.03500569696198674,-0.026965503471614305,-0.04211313292444874,80.6583945855469,20.547988069939287,100.0,54.471512410633714,1.0000000000000002,54.471512410633714,202,253.5,165.0,357.1,0.0,No major trend sign conflict,True,False,Targets Set,1.5
Lockheed Martin Corp,LMT UN Equity,LMT UN Equity,1,US5398301094,Industrials,Capital Goods,0.011713328461586426,0.35157300200230845,-0.024158136501846506,-0.040935010665379856,-0.041842475687767555,-0.05831531705225279,68.76519237616719,47.3465044348681,,55.37851241285527,0.8000000000000002,54.30280993028422,203,189.0,152.0,225.10000000000002,0.0,No major trend sign conflict,False,False,#N/A Field Not Applicable,#N/A Field Not Applicable
Camden Property Trust,CPT UN Equity,CPT UN Equity,1,US1331311027,Real Estate,Equity Real Estate Investment,0.06753540846775939,,-0.05861848345199028,-0.1535841541136138,,,,,,57.341586539414024,0.5600000000000002,54.111288462071855,204,187.0,142.9,234.0,0.0,Scope12_Absolute: 2020-2024 vs 2021-2024 sign mismatch; Scope12_Intensity: 2020-2024 vs 2021-2024 sign mismatch,False,False,#N/A Field Not Applicable,#N/A Field Not Applicable
Intuitive Surgical Inc,ISRG UW Equity,ISRG UW Equity,1,US46120E6023,Health Care,Health Care Equipment & Servic,0.0030415703799299074,0.00029166318754790673,0.09814443226464165,-0.03342564461111053,-0.034400838631546415,-0.15009049853394518,79.29977009389528,40.63145510339454,,55.13207322483231,0.8000000000000002,54.105658579865846,205,193.0,138.0,275.30000000000007,0.004,No major trend sign conflict,True,False,#N/A Field Not Applicable,#N/A Field Not Applicable
Eli Lilly & Co,LLY UN Equity,LLY UN Equity,1,US5324571083,Health Care,"Pharmaceuticals, Biotechnology",0.01305419266034678,0.13706368948837777,-0.0458743821595512,-0.17061715268669375,1.1507881044533428,0.8695931947373803,43.049814898605575,61.83748738538982,,54.79211020284572,0.8000000000000002,53.83368816227657,206,193.0,149.0,243.0,0.0,No major trend sign conflict,False,False,#N/A Field Not Applicable,#N/A Field Not Applicable
Fastenal Co,FAST UW Equity,FAST UW Equity,1,US3119001044,Industrials,Capital Goods,0.02209408909453658,,-0.041376229787374874,-0.11333875771037993,,,,,,56.77571828459201,0.5600000000000002,53.79440223937153,207,193.0,163.0,222.0,0.0,No major trend sign conflict,False,False,#N/A Field Not Applicable,#N/A Field Not Applicable
Roper Technologies Inc,ROP UW Equity,ROP UW Equity,1,US7766961061,Information Technology,Software & Services,0.003771812235147984,0.044846147254781706,-0.0363100416254406,-0.1510237432674303,,,56.75508041627246,,,54.75981910421765,0.7700000000000001,53.66506071024759,208,161.0,113.0,222.10000000000002,0.014666666666666666,No major trend sign conflict,False,False,Removed,
Vulcan Materials Co,VMC UN Equity,VMC UN Equity,1,US9291601097,Materials,Materials,0.1667562718965279,0.24029550149052267,0.058710350863328875,-0.059559560546399326,-0.24460727609833632,-0.24984455304061848,54.513117518818646,54.557069939890724,,54.54058778198869,0.8000000000000002,53.63247022559095,209,196.0,158.0,237.0,0.0,No major trend sign conflict,True,False,#N/A Field Not Applicable,#N/A Field Not Applicable
US Bancorp,USB UN Equity,USB UN Equity,1,US9029733048,Financials,Banks,0.004540082421010745,0.45978415389703126,-0.06526801054404396,-0.20270204740548492,2.1274647137678406,1.6676322638214187,43.63167649127914,61.00001936099496,,54.48689078485153,0.8000000000000002,53.58951262788123,210,197.0,159.0,235.10000000000002,0.0,No major trend sign conflict,False,False,#N/A Field Not Applicable,#N/A Field Not Applicable
Flex Ltd,FLEX UW Equity,FLEX UW Equity,1,SG9999000020,Information Technology,Technology Hardware & Equipmen,0.027493016078529452,4.364111300397502,-0.021308234221736888,-0.054129455424741346,0.04552221203007978,0.010459777672715553,26.955981766577796,50.88025409001018,100.0,53.52692157497843,1.0000000000000002,53.52692157497843,211,275.0,205.9,322.0,0.0,Scope12_Absolute: 2020-2024 vs 2021-2024 sign mismatch,False,False,Targets Set,1.5
Agilent Technologies Inc,A UN Equity,A UN Equity,1,US00846U1016,Health Care,"Pharmaceuticals, Biotechnology",0.012242089255431098,0.012642243087932627,0.12610725921940413,0.07388861458672547,-0.2536032892533784,-0.28821440136049326,59.044872691374266,31.556470545933962,100.0,53.491697080379254,1.0000000000000002,53.491697080379254,212,277.0,188.0,350.1,0.0,No major trend sign conflict,True,False,Targets Set,1.5
Intuit Inc,INTU UW Equity,INTU UW Equity,1,US4612021034,Information Technology,Software & Services,0.0013479889701911193,0.040230151074848404,0.15293114930689455,-0.046889447507283966,2.1346599029632003,1.5913754119542318,77.91045096184169,20.03952489962246,100.0,53.392897738363736,1.0000000000000002,53.392897738363736,213,283.0,183.0,362.0,0.0,Scope12_Intensity: 2020-2024 vs 2021-2024 sign mismatch,True,False,Targets Set,1.5
PPG Industries Inc,PPG UN Equity,PPG UN Equity,1,US6935061076,Materials,Materials,0.044177974124329444,1.1158094035973494,0.0014194699943803624,-0.022089106838937722,0.0010041537238787424,-0.022494673454326652,49.14304841429804,37.25310773030816,100.0,53.3694683894435,1.0000000000000002,53.3694683894435,214,283.0,206.0,326.0,0.0,Scope12_Intensity: 2020-2024 vs 2021-2024 sign mismatch; Scope3_Absolute: OLS/Theil-Sen sign mismatch; Scope3_Absolute: 2020-2024 vs 2021-2024 sign mismatch,True,False,Targets Set,1.5
Phillips 66,PSX UN Equity,PSX UN Equity,1,US7185461040,Energy,Energy,,2.563690596774081,,,0.03439011713824214,-0.14334915168646778,,,,63.92351289410112,0.24000000000000002,53.34164309458427,215,199.0,174.0,224.0,0.0,No major trend sign conflict,False,False,#N/A Field Not Applicable,#N/A Field Not Applicable
Stanley Black & Decker Inc,SWK UN Equity,SWK UN Equity,1,US8545021011,Industrials,Capital Goods,0.025507071813630308,0.9098511620036834,-0.029304614106591576,-0.06786924972713793,0.08421122167671569,0.04113672960916959,34.72924658265681,45.834560968745066,100.0,53.336054459169574,1.0000000000000002,53.336054459169574,216,280.5,208.0,317.0,0.0,No major trend sign conflict,False,False,Targets Set,1.5
Texas Pacific Land Corp,TPL UN Equity,TPL UN Equity,1,US88262P1021,Energy,Energy,0.041948193529589915,,0.04931165017539896,-0.14356254050582906,,,,,,55.800583344088764,0.5600000000000002,53.24832667268971,217,201.0,178.0,229.10000000000002,0.0,No major trend sign conflict,True,False,#N/A Field Not Applicable,#N/A Field Not Applicable
Masco Corp,MAS UN Equity,MAS UN Equity,1,US5745991068,Industrials,Capital Goods,0.015968318855390906,,-0.04671040305603158,-0.05814227572231834,,,,,,55.659409326106854,0.5600000000000002,53.16926922261984,218,202.0,178.0,230.0,0.0,Scope12_Intensity: 2020-2024 vs 2021-2024 sign mismatch,False,False,#N/A Field Not Applicable,#N/A Field Not Applicable
General Mills Inc,GIS UN Equity,GIS UN Equity,1,US3703341046,Consumer Staples,"Food, Beverage & Tobacco",0.040287653848478135,0.7596438768116854,-0.01866725398890523,-0.05159918113941986,-0.046744519688173836,-0.07873421957443805,31.444465468306525,47.40867489031802,100.0,53.137677085650964,1.0000000000000002,53.137677085650964,219,284.0,209.0,322.0,0.0,No major trend sign conflict,False,False,Targets Set,1.5
Mettler-Toledo International I,MTD UN Equity,MTD UN Equity,1,US5926881054,Health Care,"Pharmaceuticals, Biotechnology",0.015527220400180782,0.24162546073111146,-0.0025398412358719202,-0.04864635028609021,0.029417461469243067,-0.018166239079249524,32.40805739514349,46.680554683286395,100.0,53.062694560186245,1.0000000000000002,53.062694560186245,220,286.0,214.0,322.0,0.0,Scope12_Absolute: 2020-2024 vs 2021-2024 sign mismatch; Scope3_Absolute: 2020-2024 vs 2021-2024 sign mismatch,False,False,Targets Set,1.5
Newmont Corp,NEM UN Equity,NEM UN Equity,1,US6516391066,Materials,Materials,0.23573493202012633,0.31870249437961673,0.04758940561215885,-0.04609480376255115,-0.008244940123906086,-0.09693597516121344,47.29966544636858,45.72034153115807,,53.3152939124887,0.9200000000000002,53.050070399489606,221,237.0,207.0,294.0,0.0,Scope12_Absolute: 2020-2024 vs 2021-2024 sign mismatch,True,False,Targets Set,Well-below 2
Costco Wholesale Corp,COST UW Equity,COST UW Equity,1,US22160K1051,Consumer Staples,Consumer Staples Distribution,0.011003996808840925,0.7062993951731754,0.019339060000947983,-0.08295135718181534,0.070072730086848,-0.037308798073546146,62.954108143512116,48.32621432621433,,53.811674507700985,0.8000000000000002,53.049339606160785,222,206.0,174.0,242.0,0.0,No major trend sign conflict,True,False,#N/A Field Not Applicable,#N/A Field Not Applicable
Atmos Energy Corp,ATO UN Equity,ATO UN Equity,1,US0495601058,Utilities,Utilities,,,,,0.004862578208568502,-0.13135253140526215,,,,70.06781326781328,0.15000000000000002,53.01017199017199,223,203.0,183.0,225.0,0.0,Scope3_Absolute: 2020-2024 vs 2021-2024 sign mismatch,False,False,#N/A Field Not Applicable,#N/A Field Not Applicable
Arch Capital Group Ltd,ACGL UW Equity,ACGL UW Equity,1,BMG0450A1053,Financials,Insurance,,0.005779185863809848,,,0.1411479223973362,-0.048681203931414285,,,,62.518484297896066,0.24000000000000002,53.004436231495056,224,203.0,184.0,226.0,0.0,Scope3_Intensity: 2020-2024 vs 2021-2024 sign mismatch,False,False,#N/A Field Not Applicable,#N/A Field Not Applicable
AT&T Inc,T UN Equity,T UN Equity,1,US00206R1023,Communication Services,Telecommunication Services,0.041068631630432784,0.07462880950057628,-0.06737007784885762,0.007204400439098091,-0.13539247037332613,-0.06625716395185965,22.986968439948573,52.11814079131152,100.0,52.95516092764033,1.0000000000000002,52.95516092764033,225,282.0,199.9,337.0,0.0,Scope12_Intensity: OLS/Theil-Sen sign mismatch; Scope12_Intensity: 2020-2024 vs 2021-2024 sign mismatch,False,False,Targets Set,1.5
Palantir Technologies Inc,PLTR UW Equity,PLTR UW Equity,1,US69608A1088,Information Technology,Software & Services,0.0006832996706657402,0.0073850807749302055,0.11656744737429658,-0.11240512678851566,0.27790133513156223,0.015844296912103983,93.5123683380637,41.49225637244301,,53.04330292134849,0.9200000000000002,52.799838687640616,226,180.5,110.0,268.1,0.064,No major trend sign conflict,True,False,Removed,
S&P Global Inc,SPGI UN Equity,SPGI UN Equity,1,US78409V1044,Financials,Financial Services,0.001980996631958463,0.03064379176578006,0.16178199994138853,-0.0201321263779608,0.05680540119306854,-0.10867128140083115,57.24003932698906,31.169411905710326,100.0,52.75671775095188,1.0000000000000002,52.75671775095188,227,290.0,206.0,349.0,0.0,Scope12_Intensity: 2020-2024 vs 2021-2024 sign mismatch; Scope3_Intensity: OLS/Theil-Sen sign mismatch; Scope3_Intensity: 2020-2024 vs 2021-2024 sign mismatch,True,False,Targets Set,1.5
Aflac Inc,AFL UN Equity,AFL UN Equity,1,US0010551028,Financials,Insurance,0.0005399693448613964,0.011502668068640368,-0.02792413416479056,0.020026181364986684,-0.08816298184673566,-0.04318411315050119,80.13165031784757,37.36051537866837,,53.39969098086057,0.8000000000000002,52.71975278468845,228,213.0,156.0,298.1,0.0,Scope12_Absolute: 2020-2024 vs 2021-2024 sign mismatch; Scope3_Intensity: 2020-2024 vs 2021-2024 sign mismatch,False,False,#N/A Field Not Applicable,#N/A Field Not Applicable
NXP Semiconductors NV,NXPI UW Equity,NXPI UW Equity,1,NL0009538784,Information Technology,Semiconductors & Semiconductor,0.07998739484185478,0.7545584271444427,-0.017633942769249233,-0.10627449065334682,5.123850633956924,4.571285252285948,24.480773417767246,50.59700784856716,100.0,52.64273594961376,1.0000000000000002,52.64273594961376,229,287.0,209.0,345.0,0.0,No major trend sign conflict,False,False,Targets Set,1.5
United Parcel Service Inc,UPS UN Equity,UPS UN Equity,1,US9113121068,Industrials,Transportation,0.16621280333809157,0.10797188975513342,-0.016165503387210234,-0.023951978606382318,-0.10002433300174784,-0.10714711458042359,51.661024185527495,54.24785208199842,,53.277791620821816,0.8000000000000002,52.622233296657456,230,210.0,171.0,254.0,0.0,No major trend sign conflict,False,False,#N/A Field Not Applicable,#N/A Field Not Applicable
Automatic Data Processing Inc,ADP UW Equity,ADP UW Equity,1,US0530151036,Industrials,Commercial & Professional Serv,0.004268119774028836,0.012510388938420124,-0.03914559552161845,-0.10697518404958961,0.997390935217209,0.856389130329994,67.66504687365614,44.24752801582069,,53.029097587508986,0.8000000000000002,52.423278070007186,231,213.0,179.0,266.0,0.0,No major trend sign conflict,False,False,#N/A Field Not Applicable,#N/A Field Not Applicable
Hewlett Packard Enterprise Co,HPE UN Equity,HPE UN Equity,1,US42824C1099,Information Technology,Technology Hardware & Equipmen,0.013712317856442233,0.5314468878622166,0.004103673604596958,-0.02244729707559434,0.030309522035476544,0.003065604270608091,42.295413598782446,39.46632708096123,100.0,52.421787620115346,1.0000000000000002,52.421787620115346,232,298.0,222.0,332.0,0.0,Scope12_Intensity: 2020-2024 vs 2021-2024 sign mismatch; Scope3_Intensity: 2020-2024 vs 2021-2024 sign mismatch,True,False,Targets Set,1.5
Broadridge Financial Solutions,BR UN Equity,BR UN Equity,1,US11133T1034,Industrials,Commercial & Professional Serv,0.007902040620511756,0.08379480281385915,0.0016677712411783396,-0.08622513879758475,0.8605926889946793,0.6973320645363787,54.07859866402912,32.36968298675616,100.0,52.40842109258682,1.0000000000000002,52.40842109258682,233,298.0,220.9,342.0,0.0,No major trend sign conflict,True,False,Targets Set,1.5
Teradyne Inc,TER UW Equity,TER UW Equity,1,US8807701029,Information Technology,Semiconductors & Semiconductor,0.011611132509686725,0.08145594817705286,0.011071398160347412,0.06587931295438132,1.8601971942958833,2.015242074810091,63.56625045277782,26.622722309741867,100.0,52.38123629070428,1.0000000000000002,52.38123629070428,234,298.0,210.0,358.0,0.0,No major trend sign conflict,True,False,Targets Set,1.5
Verizon Communications Inc,VZ UN Equity,VZ UN Equity,1,US92343V1044,Communication Services,Telecommunication Services,0.028658181222839293,0.1019616004044314,-0.013557735059551934,-0.02351818446009679,-0.026447664587079256,-0.03627795990218041,32.04399000557941,45.35269924538217,100.0,52.28954662436491,1.0000000000000002,52.28954662436491,235,296.0,221.9,334.0,0.0,Scope12_Absolute: 2020-2024 vs 2021-2024 sign mismatch,False,False,Targets Set,1.5
Skyworks Solutions Inc,SWKS UW Equity,SWKS UW Equity,1,US83088M1027,Information Technology,Semiconductors & Semiconductor,0.04082000900421946,,-0.039849304112547834,-0.07474147316081392,,,,,,53.4468908022836,0.5600000000000002,51.930258849278815,236,217.0,188.0,249.10000000000002,0.0,No major trend sign conflict,False,False,#N/A Field Not Applicable,#N/A Field Not Applicable
Garmin Ltd,GRMN UN Equity,GRMN UN Equity,1,CH0114405324,Consumer Discretionary,Consumer Durables & Apparel,,0.15250274347725482,,,,,,,,71.33333333333334,0.09000000000000001,51.92,237,218.0,200.9,242.0,0.0,No major trend sign conflict,False,False,#N/A Field Not Applicable,#N/A Field Not Applicable
Chevron Corp,CVX UN Equity,CVX UN Equity,1,US1667641005,Energy,Energy,0.2843641101471455,3.1848780336480296,,,0.0017832491041971377,-0.1521655061328281,38.49666765277041,,,54.127132388063636,0.45000000000000007,51.857209574628634,238,219.0,183.0,268.0,0.0,Scope3_Absolute: 2020-2024 vs 2021-2024 sign mismatch,False,False,#N/A Field Not Applicable,#N/A Field Not Applicable
Hilton Worldwide Holdings Inc,HLT UN Equity,HLT UN Equity,1,US43300A2033,Consumer Discretionary,Consumer Services,0.23069857953592043,0.3721093784958385,0.09851151005148928,-0.1424846157343752,0.00832475226517726,-0.2128858191365819,25.657757805108798,48.17336268756642,100.0,51.78400868531585,1.0000000000000002,51.78400868531585,239,300.5,223.0,348.0,0.0,Scope3_Absolute: 2020-2024 vs 2021-2024 sign mismatch,True,False,Targets Set,1.5
SBA Communications Corp,SBAC UW Equity,SBAC UW Equity,1,US78410G1040,Real Estate,Equity Real Estate Investment,0.012053884686140177,0.07986165274809919,0.06411721335257292,-0.0042852388202991865,0.36686742268394035,0.2790039032016971,71.1920954848971,20.64668038326575,100.0,51.680968837102,1.0000000000000002,51.680968837102,240,311.0,211.0,376.0,0.0,Scope12_Intensity: 2020-2024 vs 2021-2024 sign mismatch,True,False,Targets Set,1.5
Old Dominion Freight Line Inc,ODFL UW Equity,ODFL UW Equity,1,US6795801009,Industrials,Transportation,0.20348420508758275,0.09384331221027642,0.001616306738160933,-0.08004391601650929,0.10465034072910107,0.014589913115133912,46.69895446716639,55.243982648860694,,52.03959708072532,0.8000000000000002,51.63167766458026,241,220.0,199.0,252.0,0.0,Scope12_Absolute: OLS/Theil-Sen sign mismatch; Scope12_Absolute: 2020-2024 vs 2021-2024 sign mismatch; Scope3_Intensity: OLS/Theil-Sen sign mismatch,True,False,#N/A Field Not Applicable,#N/A Field Not Applicable
Palo Alto Networks Inc,PANW UW Equity,PANW UW Equity,1,US6974351057,Information Technology,Software & Services,0.0022716909804770375,0.1079338556062169,0.3415138249769656,0.0770886409750573,0.012758079006452094,-0.18686620842517276,61.99481551561021,26.018817084895556,100.0,51.607853197130844,1.0000000000000002,51.607853197130844,242,309.0,211.9,377.1,0.0,Scope3_Absolute: OLS/Theil-Sen sign mismatch,True,False,Targets Set,1.5
Generac Holdings Inc,GNRC UN Equity,GNRC UN Equity,1,US3687361044,Industrials,Capital Goods,0.013285895430842035,,-0.04919612634988069,-0.019889420325783336,,,,,,52.67403534650115,0.5600000000000002,51.497459794040644,243,226.5,191.0,291.0,0.0,No major trend sign conflict,False,False,#N/A Field Not Applicable,#N/A Field Not Applicable
3M Co,MMM UN Equity,MMM UN Equity,1,US88579Y1010,Industrials,Capital Goods,0.10335707019328585,1.177342796286877,-0.1586454446837562,-0.07924884596367665,0.36940374752289373,0.49863107402971085,17.774035927003563,52.301030575515206,100.0,51.48272606585867,1.0000000000000002,51.48272606585867,244,302.0,219.0,367.1,0.0,No major trend sign conflict,False,False,Targets Set,1.5
APA Corp,APA UW Equity,APA UW Equity,1,US03743Q1085,Energy,Energy,0.6857201603783284,,-0.00970317747718974,-0.1653795914117263,,,,,,52.58355623497297,0.5600000000000002,51.44679149158486,245,220.0,174.0,298.1,0.0,Scope12_Absolute: 2020-2024 vs 2021-2024 sign mismatch,False,False,#N/A Field Not Applicable,#N/A Field Not Applicable
General Motors Co,GM UN Equity,GM UN Equity,1,US37045V1008,Consumer Discretionary,Automobiles & Components,0.01928340445290243,1.9451350284354627,-0.01983807396959103,-0.12660674029169194,0.08551745010133449,-0.03272755344218414,21.384515925575528,57.86067597531012,,51.46270952753012,0.9200000000000002,51.34569276532771,246,278.5,217.0,331.0,0.0,Scope12_Absolute: 2020-2024 vs 2021-2024 sign mismatch,False,False,Targets Set,1.5/Well-below 2
Baker Hughes Co,BKR UW Equity,BKR UW Equity,1,US05722G1004,Energy,Energy,0.021518667660330445,13.490351791296849,-0.04946409213746683,-0.12340408636368494,1.9294113561852284,1.7015392085147396,54.43591292215736,49.85954777276985,,51.57568470379017,0.8000000000000002,51.260547763032136,247,228.0,186.9,302.0,0.0,No major trend sign conflict,False,False,#N/A Field Not Applicable,#N/A Field Not Applicable
Iron Mountain Inc,IRM UN Equity,IRM UN Equity,1,US46284V1017,Real Estate,Equity Real Estate Investment,0.05690588322818578,0.14848349351909618,0.0032184671622048633,-0.09106393429813453,1.9999514404970902,1.718016213691962,34.709374357286826,41.33197632222022,100.0,51.07880046829616,1.0000000000000002,51.07880046829616,248,312.0,234.9,364.0,0.0,Scope12_Absolute: 2020-2024 vs 2021-2024 sign mismatch,True,False,Targets Set,1.5
PG&E Corp,PCG UN Equity,PCG UN Equity,1,US69331C1080,Utilities,Utilities,0.1494737704246693,2.9901879043982147,-0.09141093221706464,-0.1551161773528259,0.09749707046439693,0.020546639968552327,42.78417120673343,68.47759044310767,,51.167441938667245,0.9200000000000002,51.07404658357387,249,194.0,139.0,284.1,0.004,Scope3_Intensity: OLS/Theil-Sen sign mismatch,False,False,Removed,
Workday Inc,WDAY UW Equity,WDAY UW Equity,1,US98138H1014,Information Technology,Software & Services,0.00968067181933138,0.03819437811305362,0.1764461272419635,-0.012608182392112366,-0.006276856659923391,-0.16596767333335305,40.65951434878587,37.680462573052175,100.0,51.03808559116185,1.0000000000000002,51.03808559116185,250,316.5,234.9,359.0,0.0,Scope12_Intensity: 2020-2024 vs 2021-2024 sign mismatch; Scope3_Absolute: OLS/Theil-Sen sign mismatch; Scope3_Absolute: 2020-2024 vs 2021-2024 sign mismatch,True,False,Targets Set,1.5
Charter Communications Inc,CHTR UW Equity,CHTR UW Equity,1,US16119P1084,Communication Services,Media & Entertainment,,,,,-0.025178302677147824,-0.065750329096948,,,,56.800604800604795,0.15000000000000002,51.02009072009072,251,230.0,214.0,253.0,0.0,No major trend sign conflict,False,False,#N/A Field Not Applicable,#N/A Field Not Applicable
Colgate-Palmolive Co,CL UN Equity,CL UN Equity,1,US1941621039,Consumer Staples,Household & Personal Products,0.029351773543604794,2.0112929704989804,0.0007811558688131104,-0.04887127023822002,-0.021423367982147612,-0.06997414616816777,29.869820245979184,43.97806860245884,100.0,50.94998037502318,1.0000000000000002,50.94998037502318,252,315.5,240.0,355.0,0.0,Scope12_Absolute: OLS/Theil-Sen sign mismatch,True,False,Targets Set,1.5
Synchrony Financial,SYF UN Equity,SYF UN Equity,1,US87165B1035,Financials,Financial Services,,0.000628486291704949,,,0.3898121584581722,0.25077193563096456,,,,53.83492143786261,0.24000000000000002,50.92038114508703,253,237.0,203.9,295.0,0.0,No major trend sign conflict,False,False,#N/A Field Not Applicable,#N/A Field Not Applicable
Lowe's Cos Inc,LOW UN Equity,LOW UN Equity,1,US5486611073,Consumer Discretionary,Consumer Discretionary Distrib,0.014828519369486379,1.389235560392234,-0.1163214014948809,-0.1543603481473429,0.08216815660309229,0.03558500199500947,34.78617320868976,72.83582152850445,,50.92800296397734,0.9200000000000002,50.85376272685915,254,195.0,133.0,301.0,0.02266666666666667,Scope3_Intensity: OLS/Theil-Sen sign mismatch,False,False,Removed,
PPL Corp,PPL UN Equity,PPL UN Equity,1,US69351T1060,Utilities,Utilities,,0.9719380807211652,0.004998313608301164,-0.14061706157248632,0.11466468838698796,-0.0147297638514019,,52.02296332267737,,51.3040893149516,0.5900000000000002,50.769412695821444,255,237.0,207.0,291.0,0.0,Scope12_Absolute: 2020-2024 vs 2021-2024 sign mismatch; Scope3_Intensity: OLS/Theil-Sen sign mismatch,True,False,#N/A Field Not Applicable,#N/A Field Not Applicable
HCA Healthcare Inc,HCA UN Equity,HCA UN Equity,1,US40412C1018,Health Care,Health Care Equipment & Servic,,,-0.0035165604920819327,-0.07828734313144159,,,,,,51.433595840660615,0.35000000000000003,50.501758544231215,256,237.0,222.0,261.0,0.0,No major trend sign conflict,False,False,#N/A Field Not Applicable,#N/A Field Not Applicable
Willis Towers Watson PLC,WTW UW Equity,WTW UW Equity,1,IE00BDB6Q211,Financials,Insurance,0.0032129909096647725,0.032369890625983444,-0.06392441038816543,-0.09729023616731458,0.04203721495420165,0.004894453669326282,39.26280602167671,57.39112625630786,,50.59300616832118,0.8000000000000002,50.474404934656945,257,239.0,211.0,289.0,0.0,No major trend sign conflict,False,False,#N/A Field Not Applicable,#N/A Field Not Applicable
Keurig Dr Pepper Inc,KDP UW Equity,KDP UW Equity,1,US49271V1008,Consumer Staples,"Food, Beverage & Tobacco",0.031037978276112408,0.7352354640984301,0.009252849737179991,-0.060160076124408324,0.06527484119776905,-0.0079910837818159,45.80391043834753,33.30083929185341,100.0,50.39159277743096,1.0000000000000002,50.39159277743096,258,327.0,251.0,362.0,0.0,No major trend sign conflict,True,False,Targets Set,1.5
JB Hunt Transport Services Inc,JBHT UW Equity,JBHT UW Equity,1,US4456581077,Industrials,Transportation,0.15224993393950376,0.19575081864465926,-0.0053869274483049345,-0.05447071999241904,0.08896281790343985,0.035222899821427234,48.14342963879387,51.73153859983128,,50.385997739442246,0.8000000000000002,50.3087981915538,259,248.0,220.0,283.0,0.0,Scope12_Absolute: 2020-2024 vs 2021-2024 sign mismatch; Scope12_Intensity: 2020-2024 vs 2021-2024 sign mismatch,False,False,#N/A Field Not Applicable,#N/A Field Not Applicable
TJX Cos Inc/The,TJX UN Equity,TJX UN Equity,1,US8725401090,Consumer Discretionary,Consumer Discretionary Distrib,0.01319903322302838,0.0024469632669880123,0.0002509210862531308,-0.09175380415952594,0.22703667041236386,0.11417181885573102,62.94307987817921,42.82464562464562,,50.36905846972072,0.8000000000000002,50.295246775776576,260,255.5,205.0,313.1,0.0,Scope12_Absolute: OLS/Theil-Sen sign mismatch,True,False,#N/A Field Not Applicable,#N/A Field Not Applicable
Caterpillar Inc,CAT UN Equity,CAT UN Equity,1,US1491231015,Industrials,Capital Goods,0.022373435788239287,10.492369886898425,-0.01959754868841035,-0.12644466611387428,0.0667700841117067,-0.04948962973394044,27.414932182386494,63.99757925052798,,50.27908659997492,0.8000000000000002,50.22326927997993,261,243.5,194.9,314.1,0.0,No major trend sign conflict,False,False,#N/A Field Not Applicable,#N/A Field Not Applicable
FirstEnergy Corp,FE UN Equity,FE UN Equity,1,US3379321074,Utilities,Utilities,1.1001770490705258,1.3594344404134502,-0.01723971049914419,-0.07345836660960225,-0.10326665015491376,-0.15456414798454732,35.723629008579906,58.80069821025246,,50.146797259625245,0.8000000000000002,50.1174378077002,262,254.5,206.0,305.0,0.0,No major trend sign conflict,False,False,#N/A Field Not Applicable,#N/A Field Not Applicable
Seagate Technology Holdings PL,STX UW Equity,STX UW Equity,1,IE00BKVD2N49,Information Technology,Technology Hardware & Equipmen,0.1421117431752428,0.7764310643174707,-0.06562951946432105,0.06561884105486748,-0.184226270428697,-0.06963685778005713,13.437262344144003,52.0931863126985,100.0,50.07777185959245,1.0000000000000002,50.07777185959245,263,326.0,233.0,386.1,0.0,Scope3_Intensity: 2020-2024 vs 2021-2024 sign mismatch,False,False,Targets Set,1.5
Lennar Corp,LEN UN Equity,LEN UN Equity,1,US5260571048,Consumer Discretionary,Consumer Durables & Apparel,,,,,,,,,,,0.0,50.0,264,246.0,231.0,269.0,0.0,No major trend sign conflict,False,False,#N/A Field Not Applicable,#N/A Field Not Applicable
Brown & Brown Inc,BRO UN Equity,BRO UN Equity,1,US1152361010,Financials,Insurance,,,,,,,,,,,0.0,50.0,265,246.0,231.0,269.0,0.0,No major trend sign conflict,False,False,#N/A Field Not Applicable,#N/A Field Not Applicable
Reddit Inc,RDDT UN Equity,RDDT UN Equity,1,US75734B1008,Communication Services,Media & Entertainment,,,,,,,,,,,0.0,50.0,266,246.0,231.0,269.0,0.0,No major trend sign conflict,False,False,#N/A Field Not Applicable,#N/A Field Not Applicable
Loews Corp,L UN Equity,L UN Equity,1,US5404241086,Financials,Insurance,,,,,,,,,,,0.0,50.0,267,246.0,231.0,269.0,0.0,No major trend sign conflict,False,False,#N/A Field Not Applicable,#N/A Field Not Applicable
DoorDash Inc,DASH UW Equity,DASH UW Equity,1,US25809K1051,Consumer Discretionary,Consumer Services,,,,,,,,,,,0.0,50.0,268,246.0,231.0,269.0,0.0,No major trend sign conflict,False,False,#N/A Field Not Applicable,#N/A Field Not Applicable
Sandisk Corp,SNDK UW Equity,SNDK UW Equity,1,US80004C2008,Information Technology,Technology Hardware & Equipmen,,,,,,,,,,,0.0,50.0,269,246.0,231.0,269.0,0.0,No major trend sign conflict,False,False,#N/A Field Not Applicable,#N/A Field Not Applicable
Fair Isaac Corp,FICO UN Equity,FICO UN Equity,1,US3032501047,Information Technology,Software & Services,,,,,,,,,,,0.0,50.0,270,246.0,231.0,269.0,0.0,No major trend sign conflict,False,False,#N/A Field Not Applicable,#N/A Field Not Applicable
TKO Group Holdings Inc,TKO UN Equity,TKO UN Equity,1,US87256C1018,Communication Services,Media & Entertainment,,,,,,,,,,,0.0,50.0,271,246.0,231.0,269.0,0.0,No major trend sign conflict,False,False,#N/A Field Not Applicable,#N/A Field Not Applicable
Trade Desk Inc/The,TTD UQ Equity,TTD UQ Equity,1,US88339J1051,Communication Services,Media & Entertainment,,,,,,,,,,,0.0,50.0,272,246.0,231.0,269.0,0.0,No major trend sign conflict,False,False,#N/A Field Not Applicable,#N/A Field Not Applicable
EchoStar Corp,ECHO UW Equity,ECHO UW Equity,1,US2787681061,Communication Services,Media & Entertainment,,,,,,,,,,,0.0,50.0,273,246.0,231.0,269.0,0.0,No major trend sign conflict,False,False,#N/A Field Not Applicable,#N/A Field Not Applicable
Vertiv Holdings Co,VRT UN Equity,VRT UN Equity,1,US92537N1081,Industrials,Capital Goods,,,,,,,,,,,0.0,50.0,274,246.0,231.0,269.0,0.0,No major trend sign conflict,False,False,#N/A Field Not Applicable,#N/A Field Not Applicable
Erie Indemnity Co,ERIE UW Equity,ERIE UW Equity,1,US29530P1021,Financials,Insurance,,,,,,,,,,,0.0,50.0,275,246.0,231.0,269.0,0.0,No major trend sign conflict,False,False,#N/A Field Not Applicable,#N/A Field Not Applicable
Fedex Freight Holding Co Inc,FDXF UN Equity,FDXF UN Equity,1,US3143521058,Industrials,Transportation,,,,,,,,,,,0.0,50.0,276,246.0,231.0,269.0,0.0,No major trend sign conflict,False,False,#N/A Field Not Applicable,#N/A Field Not Applicable
Rollins Inc,ROL UN Equity,ROL UN Equity,1,US7757111049,Industrials,Commercial & Professional Serv,,,,,,,,,,,0.0,50.0,277,246.0,231.0,269.0,0.0,No major trend sign conflict,False,False,#N/A Field Not Applicable,#N/A Field Not Applicable
Corpay Inc,CPAY UN Equity,CPAY UN Equity,1,US2199481068,Financials,Financial Services,,,,,,,,,,,0.0,50.0,278,246.0,231.0,269.0,0.0,No major trend sign conflict,False,False,#N/A Field Not Applicable,#N/A Field Not Applicable
Carvana Co,CVNA UN Equity,CVNA UN Equity,1,US1468691027,Consumer Discretionary,Consumer Discretionary Distrib,,,,,,,,,,,0.0,50.0,279,246.0,231.0,269.0,0.0,No major trend sign conflict,False,False,#N/A Field Not Applicable,#N/A Field Not Applicable
Qnity Electronics Inc,Q UN Equity,Q UN Equity,1,US74743L1008,Information Technology,Semiconductors & Semiconductor,,,,,,,,,,,0.0,50.0,280,246.0,231.0,269.0,0.0,No major trend sign conflict,False,False,#N/A Field Not Applicable,#N/A Field Not Applicable
NVR Inc,NVR UN Equity,NVR UN Equity,1,US62944T1051,Consumer Discretionary,Consumer Durables & Apparel,,,,,,,,,,,0.0,50.0,281,246.0,231.0,269.0,0.0,No major trend sign conflict,False,False,#N/A Field Not Applicable,#N/A Field Not Applicable
Coinbase Global Inc,COIN UW Equity,COIN UW Equity,1,US19260Q1076,Financials,Financial Services,,,,,,,,,,,0.0,50.0,282,246.0,231.0,269.0,0.0,No major trend sign conflict,False,False,#N/A Field Not Applicable,#N/A Field Not Applicable
Universal Health Services Inc,UHS UN Equity,UHS UN Equity,1,US9139031002,Health Care,Health Care Equipment & Servic,,,,,,,,,,,0.0,50.0,283,246.0,231.0,269.0,0.0,No major trend sign conflict,False,False,#N/A Field Not Applicable,#N/A Field Not Applicable
VeriSign Inc,VRSN UW Equity,VRSN UW Equity,1,US92343E1029,Information Technology,Software & Services,,,,,,,,,,,0.0,50.0,284,246.0,231.0,269.0,0.0,No major trend sign conflict,False,False,#N/A Field Not Applicable,#N/A Field Not Applicable
Align Technology Inc,ALGN UW Equity,ALGN UW Equity,1,US0162551016,Health Care,Health Care Equipment & Servic,,,,,,,,,,,0.0,50.0,285,246.0,231.0,269.0,0.0,No major trend sign conflict,False,False,#N/A Field Not Applicable,#N/A Field Not Applicable
Berkshire Hathaway Inc,BRK/B UN Equity,BRK/B UN Equity,1,US0846707026,Financials,Financial Services,,,,,,,,,,,0.0,50.0,286,246.0,231.0,269.0,0.0,No major trend sign conflict,False,False,#N/A Field Not Applicable,#N/A Field Not Applicable
AppLovin Corp,APP UW Equity,APP UW Equity,1,US03831W1080,Communication Services,Media & Entertainment,,,,,,,,,,,0.0,50.0,287,246.0,231.0,269.0,0.0,No major trend sign conflict,False,False,#N/A Field Not Applicable,#N/A Field Not Applicable
Dollar General Corp,DG UN Equity,DG UN Equity,1,US2566771059,Consumer Staples,Consumer Staples Distribution,,,,,,,,,,,0.0,50.0,288,246.0,231.0,269.0,0.0,No major trend sign conflict,False,False,#N/A Field Not Applicable,#N/A Field Not Applicable
Honeywell Aerospace Inc,HONA UW Equity,HONA UW Equity,1,US43849R1059,Industrials,Capital Goods,,,,,,,,,,,0.0,50.0,289,246.0,231.0,269.0,0.0,No major trend sign conflict,False,False,#N/A Field Not Applicable,#N/A Field Not Applicable
Principal Financial Group Inc,PFG UW Equity,PFG UW Equity,1,US74251V1026,Financials,Insurance,0.0013416544045237477,0.007679458160524333,-0.0960714672657812,-0.10836770468522527,0.3990634930725283,0.3800318813325376,59.86308818403624,56.07048797371232,,49.99366352398591,0.9200000000000002,49.99417044206704,290,210.0,159.0,303.0,0.0,Scope3_Absolute: OLS/Theil-Sen sign mismatch; Scope3_Absolute: 2020-2024 vs 2021-2024 sign mismatch; Scope3_Intensity: OLS/Theil-Sen sign mismatch; Scope3_Intensity: 2020-2024 vs 2021-2024 sign mismatch,False,False,Removed,
Domino's Pizza Inc,DPZ UW Equity,DPZ UW Equity,1,US25754A2015,Consumer Discretionary,Consumer Services,0.03296521230263362,1.1828172601242644,-0.02765358390829087,-0.04865474013064963,0.08169207033157844,0.05024669650297131,37.66024124881741,37.370637288571295,100.0,49.983391018930874,1.0000000000000002,49.983391018930874,291,330.0,251.9,375.0,0.0,No major trend sign conflict,False,False,Targets Set,1.5
Carrier Global Corp,CARR UN Equity,CARR UN Equity,1,US14448C1045,Industrials,Capital Goods,0.019230587525076368,25.369696700168994,0.010530866156844176,-0.03126052763452125,-0.06689752494325207,-0.0843164399021924,31.813371051018773,40.76704540584326,100.0,49.92753401822726,1.0000000000000002,49.92753401822726,292,330.0,252.0,376.0,0.0,Scope12_Absolute: 2020-2024 vs 2021-2024 sign mismatch,True,False,Targets Set,1.5
TE Connectivity PLC,TEL UN Equity,TEL UN Equity,1,IE000IVNQZ81,Information Technology,Technology Hardware & Equipmen,0.03000296715796276,0.20909435769367307,-0.007958527433735485,-0.06565945671742734,0.026452400235403628,-0.03325000031630532,41.47938369337736,54.964307544795346,,49.90746110051359,0.8000000000000002,49.92596888041088,293,258.0,222.0,299.0,0.0,Scope3_Absolute: 2020-2024 vs 2021-2024 sign mismatch,False,False,#N/A Field Not Applicable,#N/A Field Not Applicable
Vistra Corp,VST UN Equity,VST UN Equity,1,US92840M1027,Utilities,Utilities,5.016788177029565,1.203309381168718,-0.031076067509836047,-0.12501166929805096,0.4659019338740604,0.32378512191022213,14.962043954370973,50.76662568218498,100.0,49.87192602740379,1.0000000000000002,49.87192602740379,294,325.0,241.0,392.0,0.0,Scope3_Absolute: OLS/Theil-Sen sign mismatch; Scope3_Intensity: OLS/Theil-Sen sign mismatch,False,False,Targets Set,1.5
Travelers Cos Inc/The,TRV UN Equity,TRV UN Equity,1,US89417E1091,Financials,Insurance,0.0008187105523012821,0.00043534452931677525,0.027583190458108087,-0.06251485863258,0.4747317808115017,0.3454279369797266,81.90587395641421,30.331501005306038,,49.671890861971605,0.8000000000000002,49.73751268957729,295,278.0,196.0,340.0,0.0,No major trend sign conflict,True,False,#N/A Field Not Applicable,#N/A Field Not Applicable
Ferguson Enterprises Inc,FERG UN Equity,FERG UN Equity,1,US31488V1070,Industrials,Capital Goods,0.008371655454679064,1.6071807248608065,0.00025511952075008004,-0.10019637747205834,2.2111058550310854,1.8886277353541874,65.8646806946142,39.22815339279886,,49.21685113097962,0.8000000000000002,49.3734809047837,296,280.0,214.0,332.0,0.0,Scope12_Absolute: OLS/Theil-Sen sign mismatch,True,False,#N/A Field Not Applicable,#N/A Field Not Applicable
Regions Financial Corp,RF UN Equity,RF UN Equity,1,US7591EP1005,Financials,Banks,0.00606945501400976,0.0025094420045286745,-0.06525340415642034,-0.15540790468942367,1.0346868285542383,0.8384452208446711,46.35287582174999,50.75328837280057,,49.10313366615661,0.8000000000000002,49.28250693292529,297,278.0,225.0,315.1,0.0,No major trend sign conflict,False,False,#N/A Field Not Applicable,#N/A Field Not Applicable
EMCOR Group Inc,EME UN Equity,EME UN Equity,1,US29084Q1004,Industrials,Capital Goods,0.013911189631939706,0.09638602155187594,0.05706988120507672,-0.07039378701536925,-0.06724365500474827,-0.17971734042793996,70.49360825530024,48.14824264861265,,49.154569348800436,0.9200000000000002,49.2222038008964,298,226.0,165.0,318.0,0.0,No major trend sign conflict,True,False,Removed,
Boston Scientific Corp,BSX UN Equity,BSX UN Equity,1,US1011371077,Health Care,Health Care Equipment & Servic,0.011967994351454505,0.09935271901543934,0.1774287182328833,0.041233475601269554,-0.030823834542802686,-0.14293013954725764,46.28291675567898,30.64432825883457,100.0,49.207039156120985,1.0000000000000002,49.207039156120985,299,343.0,258.0,390.1,0.0,No major trend sign conflict,True,False,Targets Set,1.5
Equinix Inc,EQIX UW Equity,EQIX UW Equity,1,US29444U7000,Real Estate,Equity Real Estate Investment,0.3092249602992403,0.16403749428440786,0.04202628502314543,-0.05381685743354059,-0.0015673871758419278,-0.09340088554309445,19.016027038514796,47.00404439916635,100.0,49.206830311137615,1.0000000000000002,49.206830311137615,300,337.0,261.0,386.0,0.0,No major trend sign conflict,True,False,Targets Set,1.5
Fidelity National Information,FIS UN Equity,FIS UN Equity,1,US31620M1062,Financials,Financial Services,0.005207366412232374,0.044384811429995306,-0.11301505774667175,-0.041631654967532516,-0.030679709917528997,0.047329935334359474,39.51406681878049,54.575635019393985,,48.927546944163915,0.8000000000000002,49.14203755533113,301,283.0,218.0,319.0,0.0,No major trend sign conflict,False,False,#N/A Field Not Applicable,#N/A Field Not Applicable
JPMorgan Chase & Co,JPM UN Equity,JPM UN Equity,1,US46625H1005,Financials,Banks,0.0031332276531207256,0.42523287415831856,0.0022649022851104483,-0.19248131452838813,10.50567977516935,8.270055637306031,63.344494578269405,40.201920426310664,,48.880385733295185,0.8000000000000002,49.10430858663615,302,286.5,214.0,341.0,0.0,No major trend sign conflict,True,False,#N/A Field Not Applicable,#N/A Field Not Applicable
Charles River Laboratories Int,CRL UN Equity,CRL UN Equity,1,US1598641074,Health Care,"Pharmaceuticals, Biotechnology",0.0453307415196934,0.08034713150561566,0.02765016951479171,-0.05188392071721626,0.0331598720541888,-0.04680063680929425,24.220679253561485,43.56514604182897,100.0,49.048776796982935,1.0000000000000002,49.048776796982935,303,340.0,290.5,385.0,0.0,Scope3_Absolute: 2020-2024 vs 2021-2024 sign mismatch,True,False,Targets Set,1.5
UnitedHealth Group Inc,UNH UN Equity,UNH UN Equity,1,US91324P1021,Health Care,Health Care Equipment & Servic,0.0011461284514074242,0.04491278463811401,0.19737022860449072,0.06821499644212348,1.5102989290664506,1.2395236640438774,80.53117364014608,9.49267419816789,100.0,48.90568919112776,1.0000000000000002,48.90568919112776,304,352.0,232.0,420.0,0.0,Scope12_Absolute: OLS/Theil-Sen sign mismatch; Scope12_Absolute: 2020-2024 vs 2021-2024 sign mismatch; Scope12_Intensity: OLS/Theil-Sen sign mismatch; Scope12_Intensity: 2020-2024 vs 2021-2024 sign mismatch,True,False,Targets Set,1.5
Keysight Technologies Inc,KEYS UN Equity,KEYS UN Equity,1,US49338L1035,Information Technology,Technology Hardware & Equipmen,0.01917453251777583,0.510293231572605,0.004565634277568398,-0.037804373488222964,1.0595103623435467,0.9726454855563009,39.81208880379626,33.82733864685085,100.0,48.8572959645643,1.0000000000000002,48.8572959645643,305,347.0,301.9,386.0,0.0,Scope12_Intensity: 2020-2024 vs 2021-2024 sign mismatch; Scope3_Absolute: 2020-2024 vs 2021-2024 sign mismatch; Scope3_Intensity: 2020-2024 vs 2021-2024 sign mismatch,True,False,Targets Set,1.5
Norfolk Southern Corp,NSC UN Equity,NSC UN Equity,1,US6558441084,Industrials,Transportation,0.3456642649939359,0.14628144808357565,0.008711124759426925,-0.041902512030176586,-0.05541754648638675,-0.10281342826708317,32.24874948451107,46.28399998156095,,48.713722647971515,0.9200000000000002,48.81662483613379,306,324.0,278.0,353.0,0.0,Scope12_Absolute: OLS/Theil-Sen sign mismatch; Scope12_Absolute: 2020-2024 vs 2021-2024 sign mismatch,True,False,Targets Set,Well-below 2
Danaher Corp,DHR UN Equity,DHR UN Equity,1,US2358511028,Health Care,"Pharmaceuticals, Biotechnology",0.013538429459976277,0.14676691344895287,0.015813571133688642,0.005659637447858579,,,39.282689591817146,,100.0,48.55605556742627,0.8500000000000001,48.77264723231233,307,351.0,300.0,381.1,0.0,No major trend sign conflict,True,False,Targets Set,1.5
Abbott Laboratories,ABT UN Equity,ABT UN Equity,1,US0028241000,Health Care,Health Care Equipment & Servic,0.023218116805721098,0.23768772348033373,-0.006526105148395578,-0.037183082980387194,-0.03196839085377545,-0.061840261404229824,26.560696228929512,49.55391114702132,,48.63604830672773,0.9200000000000002,48.74516444218951,308,323.0,279.0,356.0,0.0,No major trend sign conflict,False,False,Targets Set,Well-below 2
Fox Corp,FOX UW Equity,"FOX UW Equity, FOXA UW Equity",2,US35137L2043,Communication Services,Media & Entertainment,0.004880042887893699,0.0007568669762563638,0.013943641118931982,-0.025801750818657543,0.117946260647672,0.07412408898774592,77.66108725711373,30.875889568572497,,48.42033870177546,0.8000000000000002,48.73627096142037,309,295.0,214.0,348.0,0.0,No major trend sign conflict,True,False,#N/A Field Not Applicable,#N/A Field Not Applicable
Corteva Inc,CTVA UN Equity,CTVA UN Equity,1,US22052L1044,Materials,Materials,,0.3224053690837917,,,-0.05234922266587283,-0.0933527868760421,,,,46.44448853144505,0.36000000000000004,48.72001587132022,310,224.0,181.9,315.0,0.0,No major trend sign conflict,False,False,Removed,
Medtronic PLC,MDT UN Equity,MDT UN Equity,1,IE00BTN1Y115,Health Care,Health Care Equipment & Servic,0.011093776610000454,0.17170869409780157,-0.007818651704445845,-0.03344761695561749,1.3866428287259578,1.3249936289809177,42.94680623798333,31.54562784575232,100.0,48.65685579427116,1.0000000000000002,48.65685579427116,311,351.0,302.9,388.0,0.0,Scope12_Absolute: 2020-2024 vs 2021-2024 sign mismatch,False,False,Targets Set,1.5
American Water Works Co Inc,AWK UN Equity,AWK UN Equity,1,US0304201033,Utilities,Utilities,0.10668765979379187,0.16189688561209037,-0.017160842097061924,-0.06555737552969709,0.1377601308790224,0.06756704246764933,65.32298741830598,38.05523126613118,,48.280639823196715,0.8000000000000002,48.62451185855737,312,294.0,234.0,332.0,0.0,No major trend sign conflict,False,False,#N/A Field Not Applicable,#N/A Field Not Applicable
Mosaic Co/The,MOS UN Equity,MOS UN Equity,1,US61945C1036,Materials,Materials,0.40457438774409327,,-0.01260295954608992,-0.06995712699460788,0.1315881609287468,-0.055237027592755616,,56.07176218925952,,47.97843526992906,0.7100000000000001,48.56468904164963,313,290.0,237.9,324.0,0.0,Scope12_Absolute: 2020-2024 vs 2021-2024 sign mismatch; Scope12_Intensity: 2020-2024 vs 2021-2024 sign mismatch; Scope3_Intensity: 2020-2024 vs 2021-2024 sign mismatch,False,False,#N/A Field Not Applicable,#N/A Field Not Applicable
Teledyne Technologies Inc,TDY UN Equity,TDY UN Equity,1,US8793601050,Information Technology,Technology Hardware & Equipmen,0.01956631426668251,,,,,,,,,43.08850090307044,0.21000000000000002,48.54858518964479,314,291.0,275.0,317.0,0.0,No major trend sign conflict,False,False,#N/A Field Not Applicable,#N/A Field Not Applicable
ONEOK Inc,OKE UN Equity,OKE UN Equity,1,US30609A1097,,Energy,0.34565397732509906,3.433496174762651,0.04016850176479503,-0.14247332745246233,0.04347857263561461,-0.139744467604337,30.19283092811889,58.97942748855684,,48.184453778392594,0.8000000000000002,48.54756302271407,315,290.0,223.0,331.1,0.0,No major trend sign conflict,True,False,#N/A Field Not Applicable,#N/A Field Not Applicable
Pentair PLC,PNR UN Equity,PNR UN Equity,1,IE00BLS09M33,Industrials,Capital Goods,0.020400778698596522,9.392181453291858,-0.07632700428189831,-0.13798885381031978,5.664133897236996,5.2192547857834795,30.91264785730414,58.384426059031505,,48.082509233383746,0.8000000000000002,48.466007386707,316,293.0,206.0,349.1,0.0,Scope3_Absolute: OLS/Theil-Sen sign mismatch; Scope3_Intensity: OLS/Theil-Sen sign mismatch,False,False,#N/A Field Not Applicable,#N/A Field Not Applicable
Bio-Techne Corp,TECH UW Equity,TECH UW Equity,1,US09073M1045,Health Care,"Pharmaceuticals, Biotechnology",0.01597156323565936,,0.0582659214625838,-0.009289644756847681,,,,,100.0,47.96671580678543,0.7600000000000001,48.45470401315693,317,355.5,303.0,385.0,0.0,No major trend sign conflict,True,False,Targets Set,1.5
Fifth Third Bancorp,FITB UN Equity,FITB UN Equity,1,US3167731005,Financials,Banks,0.0045847079893065485,1.2857175435499058,-0.07529291731568433,-0.19061536322088368,7.038405253971931,6.035916387579503,37.09623996312738,54.60464571684084,,48.03899355919829,0.8000000000000002,48.43119484735863,318,295.0,219.0,343.0,0.0,No major trend sign conflict,False,False,#N/A Field Not Applicable,#N/A Field Not Applicable
Marriott International Inc/MD,MAR UW Equity,MAR UW Equity,1,US5719032022,Consumer Discretionary,Consumer Services,0.26469800971893676,0.4819800874626494,0.0632460492489133,-0.1524008363717385,0.15352815703461076,-0.08042968810948004,18.953374329864396,45.28548275176682,100.0,48.32875367484273,1.0000000000000002,48.32875367484273,319,351.0,303.0,396.0,0.0,No major trend sign conflict,True,False,Targets Set,1.5
Coherent Corp,COHR UN Equity,COHR UN Equity,1,US19247G1076,Information Technology,Technology Hardware & Equipmen,0.0704184327560063,0.17195128074694654,0.04306090198506807,-0.11909934007663403,,,32.41858118846313,,,47.277277962814466,0.6500000000000001,48.230230675829404,320,296.0,227.0,339.0,0.0,No major trend sign conflict,True,False,#N/A Field Not Applicable,#N/A Field Not Applicable
Fiserv Inc,FISV UW Equity,FISV UW Equity,1,US3377381088,Financials,Financial Services,0.005803822911620187,0.03279864177323432,-0.04244085711334833,-0.11632578586565567,0.37379563094532475,0.2677940402690173,40.145817797317605,52.20341407012856,,47.68181546782445,0.8000000000000002,48.14545237425956,321,298.0,264.9,329.0,0.0,Scope3_Absolute: 2020-2024 vs 2021-2024 sign mismatch; Scope3_Intensity: OLS/Theil-Sen sign mismatch; Scope3_Intensity: 2020-2024 vs 2021-2024 sign mismatch,False,False,#N/A Field Not Applicable,#N/A Field Not Applicable
GE Vernova Inc,GEV UN Equity,GEV UN Equity,1,US36828A1016,Industrials,Capital Goods,0.01680801542289475,22.813797051667382,,,,,43.7300962640263,,,43.7300962640263,0.30000000000000004,48.11902887920789,322,297.0,274.9,329.0,0.0,No major trend sign conflict,False,False,#N/A Field Not Applicable,#N/A Field Not Applicable
GE HealthCare Technologies Inc,GEHC UW Equity,GEHC UW Equity,1,US36266G1076,Health Care,Health Care Equipment & Servic,0.014538430256201707,0.2862444082960553,-0.008507099054473333,-0.045361983075586254,-0.036125209661405644,-0.0693039531680989,35.044066693116044,55.18069884671735,,47.62946178911687,0.8000000000000002,48.103569431293494,323,296.0,252.9,333.0,0.0,No major trend sign conflict,False,False,#N/A Field Not Applicable,#N/A Field Not Applicable
Truist Financial Corp,TFC UN Equity,TFC UN Equity,1,US89832Q1094,Financials,Banks,0.00560301831543915,0.01553708878919296,-0.08550010623853166,-0.1078079013710026,0.4790949508907323,0.4430147420563415,45.92126725371758,48.54257805477317,,47.55958650437732,0.8000000000000002,48.047669203501854,324,301.0,260.0,334.1,0.0,No major trend sign conflict,False,False,#N/A Field Not Applicable,#N/A Field Not Applicable
Cincinnati Financial Corp,CINF UW Equity,CINF UW Equity,1,US1720621010,Financials,Insurance,0.001806033333741957,,-0.000577133798446372,-0.08254655166311187,,,,,,46.425539388477944,0.5600000000000002,47.99830205754765,325,301.0,281.0,324.0,0.0,Scope12_Absolute: OLS/Theil-Sen sign mismatch,False,False,#N/A Field Not Applicable,#N/A Field Not Applicable
ON Semiconductor Corp,ON UW Equity,ON UW Equity,1,US6821891057,Information Technology,Semiconductors & Semiconductor,0.2092116984887722,0.10541772808069942,-0.0740861534480235,0.003937874144219311,6.52074177754785,5.942947386908181,28.777266110347934,38.48630191908905,100.0,47.87633079264891,1.0000000000000002,47.87633079264891,326,357.0,306.0,407.0,0.0,No major trend sign conflict,False,False,Targets Set,1.5
Chipotle Mexican Grill Inc,CMG UN Equity,CMG UN Equity,1,US1696561059,Consumer Discretionary,Consumer Services,0.028523350942759207,0.4300665706844079,0.07352941865909113,-0.07989333102143092,0.27062298276551355,0.08903273620603991,49.078871018606115,26.18556022286295,100.0,47.81644141701331,1.0000000000000002,47.81644141701331,327,365.0,312.0,399.0,0.0,Scope3_Intensity: 2020-2024 vs 2021-2024 sign mismatch,True,False,Targets Set,1.5
Vertex Pharmaceuticals Inc,VRTX UW Equity,VRTX UW Equity,1,US92532F1003,Health Care,"Pharmaceuticals, Biotechnology",0.0022770211170486023,0.05005825470333754,0.12254161482061687,-0.02539165199497717,0.322416134346335,0.1481425606447806,83.6080985287867,24.895161023551264,,46.91251258801454,0.8000000000000002,47.530010070411635,328,316.0,221.0,376.0,0.0,No major trend sign conflict,True,False,#N/A Field Not Applicable,#N/A Field Not Applicable
A O Smith Corp,AOS UN Equity,AOS UN Equity,1,US8318652091,Industrials,Capital Goods,0.040232314517963164,,-0.03649410393553609,-0.09607413506657148,,,,,,45.49529766627067,0.5600000000000002,47.47736669311158,329,306.0,238.0,350.0,0.0,No major trend sign conflict,False,False,#N/A Field Not Applicable,#N/A Field Not Applicable
Labcorp Holdings Inc,LH UN Equity,LH UN Equity,1,US5049221055,Health Care,Health Care Equipment & Servic,0.026068076808533486,0.08884533121915573,-0.004175821590606588,0.039121959219407865,0.021794212499078203,0.06622115332350376,33.96880296232999,34.27781209820571,100.0,47.32954693780185,1.0000000000000002,47.32954693780185,330,369.0,318.0,400.0,0.0,No major trend sign conflict,False,False,Targets Set,1.5
Tyler Technologies Inc,TYL UN Equity,TYL UN Equity,1,US9022521051,Information Technology,Software & Services,0.004016272876446662,0.02459768233297112,0.048231220472591874,-0.0979976411718868,0.5425641809959041,0.32737558539303513,63.027839798170916,36.8214424037457,,46.64884142665515,0.8000000000000002,47.319073141324125,331,313.0,275.0,352.0,0.0,No major trend sign conflict,True,False,#N/A Field Not Applicable,#N/A Field Not Applicable
M&T Bank Corp,MTB UN Equity,MTB UN Equity,1,US55261F1049,Financials,Banks,0.0038368394097847308,0.0005065041351148225,0.09857615775991446,-0.12362389555011899,0.437833059331757,0.14701427523771415,74.28904252480412,29.905083183131964,,46.549067936259014,0.8000000000000002,47.23925434900721,332,318.0,238.0,365.0,0.0,No major trend sign conflict,True,False,#N/A Field Not Applicable,#N/A Field Not Applicable
Waste Management Inc,WM UN Equity,WM UN Equity,1,US94106L1098,Industrials,Commercial & Professional Serv,0.6924443635904675,0.09779268901129719,-0.02564087101432,-0.10710625673144114,-0.07757553641222625,-0.15469870638684835,17.577681259138213,61.492141187750946,,46.977581490887964,0.9200000000000002,47.21937497161693,333,315.0,242.9,369.1,0.0,Scope3_Absolute: OLS/Theil-Sen sign mismatch; Scope3_Absolute: 2020-2024 vs 2021-2024 sign mismatch; Scope3_Intensity: 2020-2024 vs 2021-2024 sign mismatch,False,False,Committed,
American Electric Power Co Inc,AEP UW Equity,AEP UW Equity,1,US0255371017,Utilities,Utilities,2.433821844265068,1.84774837358592,-0.03015481418813326,-0.09398435430411989,-0.008246405920456334,-0.0735178293853086,21.89717809023586,61.19590943187242,,46.45888517875871,0.8000000000000002,47.16710814300697,334,309.0,240.0,361.0,0.0,Scope3_Absolute: 2020-2024 vs 2021-2024 sign mismatch,False,False,#N/A Field Not Applicable,#N/A Field Not Applicable
ServiceNow Inc,NOW UN Equity,NOW UN Equity,1,US81762P1021,Information Technology,Software & Services,0.006889593987593404,0.026018755330018378,0.3131186309562115,0.054244371174680284,0.12408717791234092,-0.09752054986779368,52.90609902239041,22.557939598906724,100.0,47.150799506170486,1.0000000000000002,47.150799506170486,335,374.0,313.0,413.0,0.0,No major trend sign conflict,True,False,Targets Set,1.5
Delta Air Lines Inc,DAL UN Equity,DAL UN Equity,1,US2473617023,Industrials,Transportation,0.6075334552817927,0.3750612460559188,0.2094985340505613,-0.12423143143259996,0.1789548359785207,-0.1463473827845404,15.570220507968848,52.87562035854718,,46.85747427354809,0.9200000000000002,47.10887633166424,336,342.0,289.0,397.1,0.0,No major trend sign conflict,True,False,Targets Set,Well-below 2
Hershey Co/The,HSY UN Equity,HSY UN Equity,1,US4278661081,Consumer Staples,"Food, Beverage & Tobacco",0.03673266717743423,0.5694759997935238,0.0451777569293339,-0.04047253967355091,0.05231287046676392,-0.033922134896639755,43.55294859665721,27.99724147066894,100.0,47.06450531433163,1.0000000000000002,47.06450531433163,337,376.0,328.0,405.0,0.0,No major trend sign conflict,True,False,Targets Set,1.5
Ventas Inc,VTR UN Equity,VTR UN Equity,1,US92276F1003,Real Estate,Equity Real Estate Investment,0.09039600773531686,0.08729240320965476,0.055707398436148914,-0.01389584581645742,0.02412259110527648,-0.04339825317307666,32.98223986398475,34.2731867122111,100.0,47.03126531530098,1.0000000000000002,47.03126531530098,338,373.0,322.0,404.0,0.0,No major trend sign conflict,True,False,Targets Set,1.5
Union Pacific Corp,UNP UN Equity,UNP UN Equity,1,US9078181081,Industrials,Transportation,0.39150602045747424,0.1994362918814433,0.006656977296446653,-0.04564349718823102,0.10495831109822173,0.04755062877983196,24.906459985930184,38.86608737340444,100.0,46.90498168248128,1.0000000000000002,46.90498168248128,339,372.0,327.0,407.0,0.0,No major trend sign conflict,True,False,Targets Set,1.5
Norwegian Cruise Line Holdings,NCLH UN Equity,NCLH UN Equity,1,BMG667211046,Consumer Discretionary,Consumer Services,0.3426601855595011,0.20018247867771582,0.2725119702383061,-0.34128205595095695,0.28818688642315515,-0.3331679094408142,26.44379533270262,57.53170265307999,,45.87373740793847,0.8000000000000002,46.69898992635078,340,321.0,224.0,376.0,0.0,No major trend sign conflict,True,False,#N/A Field Not Applicable,#N/A Field Not Applicable
Constellation Brands Inc,STZ UN Equity,STZ UN Equity,1,US21036P1084,Consumer Staples,"Food, Beverage & Tobacco",0.03676474169780711,0.49030597664327735,0.004642977557841821,-0.039308962067379105,-0.5086584923485196,-0.5301541009996236,43.4720908230842,47.22767423743034,,45.81933045705053,0.8000000000000002,46.65546436564043,341,320.0,272.0,358.0,0.0,No major trend sign conflict,True,False,#N/A Field Not Applicable,#N/A Field Not Applicable
Northrop Grumman Corp,NOC UN Equity,NOC UN Equity,1,US6668071029,Industrials,Capital Goods,0.01862939617936135,0.018583578535016784,0.005220174732787797,-0.025907496808941444,-0.025188603499886497,-0.05537463610059923,59.94787224214478,37.327545088490496,,45.81016777111086,0.8000000000000002,46.64813421688869,342,324.0,279.9,355.0,0.0,Scope3_Absolute: OLS/Theil-Sen sign mismatch; Scope3_Absolute: 2020-2024 vs 2021-2024 sign mismatch; Scope3_Intensity: 2020-2024 vs 2021-2024 sign mismatch,True,False,#N/A Field Not Applicable,#N/A Field Not Applicable
Eversource Energy,ES UN Equity,ES UN Equity,1,US30040W1080,Utilities,Utilities,0.05073058611974536,2.3978285517711444,-0.029107106494514978,-0.10094806347566598,0.10131716831162962,0.01982550240231218,53.45196011265891,53.08601211349739,,46.28108053320256,0.9200000000000002,46.57859409054636,343,281.0,208.0,351.1,0.0,Scope3_Absolute: 2020-2024 vs 2021-2024 sign mismatch; Scope3_Intensity: 2020-2024 vs 2021-2024 sign mismatch,False,False,Removed,
Dollar Tree Inc,DLTR UW Equity,DLTR UW Equity,1,US2567461080,Consumer Staples,Consumer Staples Distribution,0.03994273347758742,0.7935415437605402,-0.13412884288049498,-0.08261017433314666,0.34211997630695357,0.4219750836651386,22.716071125342648,59.32583724778846,,45.59717495187128,0.8000000000000002,46.47773996149702,344,324.0,235.0,379.0,0.0,No major trend sign conflict,False,False,#N/A Field Not Applicable,#N/A Field Not Applicable
Quest Diagnostics Inc,DGX UN Equity,DGX UN Equity,1,US74834L1008,Health Care,Health Care Equipment & Servic,0.020011750380455773,0.063918455300107,-0.04772275324831299,-0.04165981199465707,0.6943111297460096,0.7050984386732213,42.083240251879424,47.21302071610566,,45.28935304202083,0.8000000000000002,46.23148243361666,345,327.0,296.0,357.0,0.0,Scope3_Absolute: OLS/Theil-Sen sign mismatch; Scope3_Absolute: 2020-2024 vs 2021-2024 sign mismatch; Scope3_Intensity: OLS/Theil-Sen sign mismatch; Scope3_Intensity: 2020-2024 vs 2021-2024 sign mismatch,False,False,#N/A Field Not Applicable,#N/A Field Not Applicable
STERIS PLC,STE UN Equity,STE UN Equity,1,IE00BFY8C754,Health Care,Health Care Equipment & Servic,0.029936359331626625,0.06246967871613492,,,,,33.322638630329294,,,40.94474187880664,0.42000000000000004,46.19679158909879,346,331.0,304.0,359.0,0.0,No major trend sign conflict,False,False,Committed,
Devon Energy Corp,DVN UN Equity,DVN UN Equity,1,US25179M1036,Energy,Energy,0.40213299874529485,6.838143036386449,0.049176457623113956,-0.19199899433616663,0.1904066063728962,-0.08323358944097925,20.61343151411837,60.01641388218448,,45.24029549415969,0.8000000000000002,46.192236395327754,347,327.0,247.0,380.1,0.0,Scope12_Intensity: 2020-2024 vs 2021-2024 sign mismatch; Scope3_Intensity: 2020-2024 vs 2021-2024 sign mismatch,True,False,#N/A Field Not Applicable,#N/A Field Not Applicable
Exelon Corp,EXC UW Equity,EXC UW Equity,1,US30161N1019,Utilities,Utilities,0.1658433228705272,3.4618725030397774,,,-0.00838446505743995,0.04562240888224567,40.353679357104795,,,41.52882473110836,0.45000000000000007,46.18797112899876,348,325.0,300.0,356.1,0.0,Scope3_Intensity: OLS/Theil-Sen sign mismatch; Scope3_Intensity: 2020-2024 vs 2021-2024 sign mismatch,False,False,#N/A Field Not Applicable,#N/A Field Not Applicable
RTX Corp,RTX UN Equity,RTX UN Equity,1,US75513E1010,Industrials,Capital Goods,0.01882609202688209,0.3362443857755951,-0.0010846179805966694,-0.0759352492401072,0.13147999006085853,0.04669604035097685,49.68295529527305,42.55348879320789,,45.227038731482324,0.8000000000000002,46.18163098518586,349,328.0,306.0,349.0,0.0,Scope12_Absolute: OLS/Theil-Sen sign mismatch; Scope12_Absolute: 2020-2024 vs 2021-2024 sign mismatch; Scope3_Intensity: 2020-2024 vs 2021-2024 sign mismatch,False,False,#N/A Field Not Applicable,#N/A Field Not Applicable
Arista Networks Inc,ANET UN Equity,ANET UN Equity,1,US0404132054,Information Technology,Technology Hardware & Equipmen,0.004276935020284081,0.513023722380895,0.5648605738365193,0.17107226986658985,0.23229454888071865,-0.0778053977269354,58.181723449791406,17.41529334212261,100.0,46.16216370599873,1.0000000000000002,46.16216370599873,350,385.0,320.0,430.0,0.0,No major trend sign conflict,True,False,Targets Set,1.5
Citizens Financial Group Inc,CFG UN Equity,CFG UN Equity,1,US1746101054,Financials,Banks,0.0031058890517524406,1.8403736627366123,-0.01062593725389327,-0.1492480696710009,3.222342434264146,2.6307460562386757,59.998884118089414,35.916769848477166,,44.94756269958176,0.8000000000000002,45.958050159665405,351,333.0,286.0,374.1,0.0,No major trend sign conflict,False,False,#N/A Field Not Applicable,#N/A Field Not Applicable
Stryker Corp,SYK UN Equity,SYK UN Equity,1,US8636671013,Health Care,Health Care Equipment & Servic,0.008139898102218584,0.0806412908085998,-0.004131948844745659,-0.10684971971654844,1.0793477936620808,0.8649238602616645,57.132104454685106,48.935447697257615,,45.225386070689495,0.9200000000000002,45.607355185034336,352,297.5,223.9,364.0,0.0,No major trend sign conflict,False,False,Removed,
Hubbell Inc,HUBB UN Equity,HUBB UN Equity,1,US4435106079,Industrials,Capital Goods,0.025021586503293784,0.0,0.037251316619188124,-0.07044088426820438,,,52.885892852836825,,,43.167027952124485,0.6500000000000001,45.55856816888092,353,338.0,303.9,365.0,0.0,No major trend sign conflict,True,False,#N/A Field Not Applicable,#N/A Field Not Applicable
Albemarle Corp,ALB UN Equity,ALB UN Equity,1,US0126531013,Materials,Materials,0.22872971697393932,0.4386775628792869,0.0968478489027651,-0.07578760042548227,0.12084975596759517,-0.05556340967291651,46.144412680131076,43.42376179322096,,44.44400587581226,0.8000000000000002,45.55520470064981,354,336.0,303.0,366.0,0.0,No major trend sign conflict,True,False,#N/A Field Not Applicable,#N/A Field Not Applicable
Expeditors International of Wa,EXPD UN Equity,EXPD UN Equity,1,US3021301094,Industrials,Transportation,0.004169111666618744,0.00032279376137909506,-0.0020594041157387943,0.035890046815201915,0.41894346757969747,0.47290271697668285,82.16186594862091,21.60603325481374,,44.314470514991434,0.8000000000000002,45.451576411993145,355,346.0,266.0,401.0,0.0,Scope12_Absolute: OLS/Theil-Sen sign mismatch,False,False,#N/A Field Not Applicable,#N/A Field Not Applicable
Mondelez International Inc,MDLZ UW Equity,MDLZ UW Equity,1,US6092071058,Consumer Staples,"Food, Beverage & Tobacco",0.04578579019425235,0.8019264015806372,0.013440428752093059,-0.06982786119308204,0.07258011828372024,-0.015547323393985235,25.073982970671707,35.80380819610602,100.0,45.42409898925452,1.0000000000000002,45.42409898925452,356,391.0,349.0,422.0,0.0,No major trend sign conflict,True,False,Targets Set,1.5
Jabil Inc,JBL UN Equity,JBL UN Equity,1,US4663131039,Information Technology,Technology Hardware & Equipmen,0.03880054197974083,0.28460962790612127,-0.09786906639168358,-0.12320943374577031,1.3414505752919408,1.2756805018924866,33.24916891343612,62.89252711691735,,45.02284155705382,0.9200000000000002,45.42101423248952,357,301.0,197.9,378.0,0.0,Scope3_Absolute: 2020-2024 vs 2021-2024 sign mismatch; Scope3_Intensity: 2020-2024 vs 2021-2024 sign mismatch,False,False,Removed,
United Rentals Inc,URI UN Equity,URI UN Equity,1,US9113631090,Industrials,Capital Goods,0.03387944012365655,0.48848483575676116,0.07561118633015962,-0.08003816978968026,-0.07380719619004039,-0.20783454304918636,30.85537891962193,51.86081540273189,,43.983776721565654,0.8000000000000002,45.18702137725252,358,340.0,294.9,377.0,0.0,Scope3_Absolute: OLS/Theil-Sen sign mismatch; Scope3_Absolute: 2020-2024 vs 2021-2024 sign mismatch,True,False,#N/A Field Not Applicable,#N/A Field Not Applicable
Clorox Co/The,CLX UN Equity,CLX UN Equity,1,US1890541097,Consumer Staples,Household & Personal Products,0.0316362605517764,0.43866064033201746,-0.02338361063188399,-0.03447893992468554,0.5860707969237069,0.5680514620393609,39.761880503602356,26.4893260990822,100.0,45.17322720062181,1.0000000000000002,45.17322720062181,359,394.0,350.9,427.0,0.0,No major trend sign conflict,False,False,Targets Set,1.5
DTE Energy Co,DTE UN Equity,DTE UN Equity,1,US2333311072,Utilities,Utilities,1.9478205025286988,0.887934494661636,-0.02572085475377206,-0.026967077411144014,-0.12834549829169717,-0.12946045142882356,36.92787872856381,48.03703638802041,,43.87110226572418,0.8000000000000002,45.09688181257935,360,342.0,303.0,377.0,0.0,Scope12_Intensity: 2020-2024 vs 2021-2024 sign mismatch; Scope3_Intensity: 2020-2024 vs 2021-2024 sign mismatch,False,False,#N/A Field Not Applicable,#N/A Field Not Applicable
Kroger Co/The,KR UN Equity,KR UN Equity,1,US5010441013,Consumer Staples,Consumer Staples Distribution,0.03351615233685075,0.012809536545237822,-0.027573103986832437,-0.07698109419984567,0.021622624321707695,-0.03028494922528746,48.710244281105204,52.90101460833168,,44.6343267266276,0.9200000000000002,45.06358058849739,361,304.0,233.0,368.0,0.0,Scope3_Absolute: OLS/Theil-Sen sign mismatch; Scope3_Absolute: 2020-2024 vs 2021-2024 sign mismatch,False,False,Removed,
CSX Corp,CSX UW Equity,CSX UW Equity,1,US1264081035,Industrials,Transportation,0.3059897536916615,0.12320082295875602,0.028458232598935318,-0.04992388932842984,0.12243167066187954,0.03688752965905917,37.63966232443053,35.371173322392835,,44.5407449549191,0.9200000000000002,44.97748535852557,362,379.0,358.9,393.0,0.0,Scope3_Absolute: OLS/Theil-Sen sign mismatch; Scope3_Intensity: OLS/Theil-Sen sign mismatch,True,False,Targets Set,Well-below 2
Realty Income Corp,O UN Equity,O UN Equity,1,US7561091049,Real Estate,Equity Real Estate Investment,0.00015859941125125995,0.9999958485632715,0.28130211406197003,-0.05076310281212537,0.3863811534207404,0.02708340987658797,71.44003537493315,26.91231231231231,,43.61020846079513,0.8000000000000002,44.888166768636104,363,355.0,285.0,397.0,0.0,Scope12_Intensity: 2020-2024 vs 2021-2024 sign mismatch; Scope3_Intensity: 2020-2024 vs 2021-2024 sign mismatch,True,False,#N/A Field Not Applicable,#N/A Field Not Applicable
Nucor Corp,NUE UN Equity,NUE UN Equity,1,US6703461052,Materials,Materials,0.4132231404958678,0.1724474523329212,0.04439906361111601,-0.03547518589266896,-0.052488797868688986,-0.12495319275716188,41.58732192560295,44.70376471139992,,43.53509866672605,0.8000000000000002,44.82807893338084,364,346.0,310.0,377.0,0.0,Scope12_Intensity: 2020-2024 vs 2021-2024 sign mismatch,True,False,#N/A Field Not Applicable,#N/A Field Not Applicable
Casey's General Stores Inc,CASY UW Equity,CASY UW Equity,1,US1475281036,Consumer Staples,Consumer Staples Distribution,0.03992683052668657,,,,,,,,,24.954273099968464,0.21000000000000002,44.740397350993376,365,346.0,315.0,376.0,0.0,No major trend sign conflict,False,False,#N/A Field Not Applicable,#N/A Field Not Applicable
Walmart Inc,WMT UW Equity,WMT UW Equity,1,US9311421039,Consumer Staples,Consumer Staples Distribution,0.02809643201542912,0.9647845708775313,0.0036038204397592644,-0.04672304688800666,0.44938439249384543,0.3767033459071445,37.0145792397448,27.257072525365203,100.0,44.73291003460604,1.0000000000000002,44.73291003460604,366,400.5,357.0,426.0,0.0,No major trend sign conflict,True,False,Targets Set,1.5
Xylem Inc/NY,XYL UN Equity,XYL UN Equity,1,US98419M1009,Industrials,Capital Goods,0.014710114676661092,7.436451581114226,0.10839575637513832,-0.043599650253566935,1.0112167590765142,0.7354166151693962,49.85531929285916,19.34115149795887,100.0,44.62717153683718,1.0000000000000002,44.62717153683718,367,402.0,349.0,438.0,0.0,Scope3_Intensity: OLS/Theil-Sen sign mismatch; Scope3_Intensity: 2020-2024 vs 2021-2024 sign mismatch,True,False,Targets Set,1.5
O'Reilly Automotive Inc,ORLY UW Equity,ORLY UW Equity,1,US67103H1077,Consumer Discretionary,Consumer Discretionary Distrib,0.02952961903541609,0.17839564993935864,-0.0072292414057051335,-0.08090641717410241,0.028190464111511382,-0.04811533850398553,29.34267542611913,51.32767930816711,,43.083302852399115,0.8000000000000002,44.46664228191929,368,350.0,314.0,384.0,0.0,No major trend sign conflict,False,False,#N/A Field Not Applicable,#N/A Field Not Applicable
Franklin Templeton Inc,BEN UN Equity,BEN UN Equity,1,US3546131018,Financials,Financial Services,0.00376303360748471,0.019789927690258058,-0.0027519407609714053,-0.07671265657047743,0.6270269694096307,0.506358818507705,49.596386369117184,39.16283299081003,,43.07541550767522,0.8000000000000002,44.460332406140175,369,353.0,323.0,377.0,0.0,No major trend sign conflict,False,False,#N/A Field Not Applicable,#N/A Field Not Applicable
PulteGroup Inc,PHM UN Equity,PHM UN Equity,1,US7458671010,Consumer Discretionary,Consumer Durables & Apparel,0.009671057993848275,0.30426506357974475,0.10840027738063629,-0.00855632285175767,-0.10147713136871472,-0.19628780770174215,46.07275307473983,41.10019176604543,,42.96490225680582,0.8000000000000002,44.37192180544466,370,353.0,317.0,383.0,0.0,Scope12_Intensity: 2020-2024 vs 2021-2024 sign mismatch,True,False,#N/A Field Not Applicable,#N/A Field Not Applicable
Wynn Resorts Ltd,WYNN UW Equity,WYNN UW Equity,1,US9831341071,Consumer Discretionary,Consumer Services,0.05227203262598244,,0.09440698308981044,-0.18919682716305686,,,,,,39.939786396416395,0.5600000000000002,44.36628038199318,371,352.0,323.9,378.0,0.0,Scope12_Absolute: OLS/Theil-Sen sign mismatch; Scope12_Absolute: 2020-2024 vs 2021-2024 sign mismatch,True,False,#N/A Field Not Applicable,#N/A Field Not Applicable
Sherwin-Williams Co/The,SHW UN Equity,SHW UN Equity,1,US8243481061,Materials,Materials,0.030130701085500682,0.8238846678355738,0.009434584817090919,-0.04971064907452716,0.1927525647642303,0.12286628339554784,55.20238438018455,35.463439647108785,,42.86554392201219,0.8000000000000002,44.29243513760976,372,356.5,319.0,387.0,0.0,Scope3_Intensity: OLS/Theil-Sen sign mismatch,True,False,#N/A Field Not Applicable,#N/A Field Not Applicable
United Airlines Holdings Inc,UAL UW Equity,UAL UW Equity,1,US9100471096,Industrials,Transportation,0.6778509365535235,0.3647617613974905,0.2634477204284582,-0.10116776550720197,0.18357034524674343,-0.15799351180373478,13.533968900856316,48.39819297380272,,43.76009473604158,0.9200000000000002,44.259287157158255,373,382.0,331.0,426.0,0.0,No major trend sign conflict,True,False,Targets Set,Well-below 2
Synopsys Inc,SNPS UW Equity,SNPS UW Equity,1,US8716071076,Information Technology,Software & Services,0.008784823071678903,0.036091441019558135,0.13242617426007675,-0.0008249508239697168,0.3769059331555824,0.21488719065542683,46.130091453800055,20.802983712913722,100.0,44.24051929259688,1.0000000000000002,44.24051929259688,374,406.5,361.9,434.0,0.0,Scope12_Intensity: OLS/Theil-Sen sign mismatch,True,False,Targets Set,1.5
Evergy Inc,EVRG UW Equity,EVRG UW Equity,1,US30034W1062,Utilities,Utilities,3.5877007149484696,0.0025690147659943444,-0.0832664312136423,-0.09011763475895462,0.20933216004564215,0.20029422245453277,29.748250850922695,50.049044414090666,,42.43624682790268,0.8000000000000002,43.94899746232214,375,358.0,305.0,401.0,0.0,No major trend sign conflict,False,False,#N/A Field Not Applicable,#N/A Field Not Applicable
J M Smucker Co/The,SJM UN Equity,SJM UN Equity,1,US8326964058,Consumer Staples,"Food, Beverage & Tobacco",0.04081259935535675,0.6772800102132674,-0.011514160170869259,-0.027036661747824153,-0.0489589326809331,-0.06389342731138814,31.277893409019235,37.04781030300928,,43.377470841533054,0.9200000000000002,43.90727317421041,376,390.0,362.0,409.0,0.0,Scope12_Absolute: 2020-2024 vs 2021-2024 sign mismatch; Scope12_Intensity: 2020-2024 vs 2021-2024 sign mismatch,False,False,Targets Set,Well-below 2
Steel Dynamics Inc,STLD UW Equity,STLD UW Equity,1,US8581191009,Materials,Materials,0.3428703600082082,0.36231920811588286,0.03883963971736204,-0.08102008215437939,0.18982124021777036,0.0525414932027326,40.964438594326296,43.0294782973468,,42.25508840871411,0.8000000000000002,43.80407072697128,377,363.0,326.0,390.0,0.0,Scope12_Intensity: 2020-2024 vs 2021-2024 sign mismatch,True,False,#N/A Field Not Applicable,#N/A Field Not Applicable
Digital Realty Trust Inc,DLR UN Equity,DLR UN Equity,1,US2538681030,Real Estate,Equity Real Estate Investment,0.6054157408811823,0.26218691834160884,0.07839297423920444,-0.016218037699252896,-0.1361969920526529,-0.21198131061707803,11.257162052843018,40.78646451329378,100.0,43.7703808724998,1.0000000000000002,43.7703808724998,378,406.0,353.9,444.1,0.0,Scope12_Intensity: 2020-2024 vs 2021-2024 sign mismatch,True,False,Targets Set,1.5
Raymond James Financial Inc,RJF UN Equity,RJF UN Equity,1,US7547301090,Financials,Financial Services,,,0.08165632552185409,-0.07126888677886722,,,,,,32.17664449371767,0.35000000000000003,43.761825572801186,379,362.5,338.0,381.0,0.0,Scope12_Absolute: 2020-2024 vs 2021-2024 sign mismatch,True,False,#N/A Field Not Applicable,#N/A Field Not Applicable
Biogen Inc,BIIB UW Equity,BIIB UW Equity,1,US09062X1037,Health Care,"Pharmaceuticals, Biotechnology",0.009246581896259732,0.027600533031407287,-0.020597442357200735,0.05759504745232702,-0.07888344429101735,-0.005344329722021035,69.76876036910589,37.64727512434829,,43.21115834011512,0.9200000000000002,43.75426567290591,380,329.0,262.9,389.0,0.0,No major trend sign conflict,False,False,Removed,
Genuine Parts Co,GPC UN Equity,GPC UN Equity,1,US3724601055,Consumer Discretionary,Consumer Discretionary Distrib,0.016243326132480227,,0.007935251673209187,-0.0602558630205432,,,,,,38.428016419051794,0.5600000000000002,43.519689194669,381,365.0,345.0,382.0,0.0,No major trend sign conflict,True,False,#N/A Field Not Applicable,#N/A Field Not Applicable
Smurfit Westrock PLC,SW UN Equity,SW UN Equity,1,IE00028FXN24,Materials,Materials,0.5009952989542376,0.5363731017427401,,,,,28.36214882152112,,,28.362148821521128,0.30000000000000004,43.50864464645634,382,363.0,327.9,396.0,0.0,No major trend sign conflict,False,False,#N/A Field Not Applicable,#N/A Field Not Applicable
Kimberly-Clark Corp,KMB UW Equity,KMB UW Equity,1,US4943681035,Consumer Staples,Household & Personal Products,0.19095507289497174,0.6223742933650699,-0.03347552759794914,-0.012915796538950142,-0.0653338257936299,-0.045451778602553894,16.081643742570893,44.83034144497559,,42.6518085274555,0.9200000000000002,43.23966384525906,383,395.0,349.0,428.1,0.0,Scope12_Intensity: 2020-2024 vs 2021-2024 sign mismatch,False,False,Targets Set,Well-below 2
Revvity Inc,RVTY UN Equity,RVTY UN Equity,1,US7140461093,Health Care,"Pharmaceuticals, Biotechnology",0.010150902589284385,,-0.074378913906479,0.019347450210861927,,,,,,39.9117928647502,0.6800000000000002,43.140019148030134,384,336.0,280.9,393.0,0.0,No major trend sign conflict,False,False,Removed,
Waters Corp,WAT UN Equity,WAT UN Equity,1,US9418481035,Health Care,"Pharmaceuticals, Biotechnology",0.011747279617482464,0.1307837671616429,0.06890098558656321,0.016074860589397666,0.9293091058460969,0.8339607757782221,47.94119054474655,17.144153892251452,100.0,42.954434109549695,1.0000000000000002,42.954434109549695,385,418.5,376.9,450.0,0.0,No major trend sign conflict,True,False,Targets Set,1.5
International Business Machine,IBM UN Equity,IBM UN Equity,1,US4592001014,Information Technology,Software & Services,0.009975618695520532,0.04361544467993562,-0.04512913537364427,-0.07639640075784782,0.48709509889424885,0.4384001404122251,37.15408388520971,43.57182544078832,,41.165172357446345,0.8000000000000002,42.932137885957076,386,373.0,333.0,403.0,0.0,No major trend sign conflict,False,False,#N/A Field Not Applicable,#N/A Field Not Applicable
Microchip Technology Inc,MCHP UW Equity,MCHP UW Equity,1,US5950171042,Information Technology,Semiconductors & Semiconductor,0.09743018631513896,0.14183171550195497,0.011219577889131305,-0.10124490391584595,2.300317443198224,1.9182412981433354,33.02293892112439,45.96409878400363,,41.11116383542392,0.8000000000000002,42.88893106833914,387,374.0,333.0,406.0,0.0,No major trend sign conflict,True,False,#N/A Field Not Applicable,#N/A Field Not Applicable
Walt Disney Co/The,DIS UN Equity,DIS UN Equity,1,US2546871060,Communication Services,Media & Entertainment,0.01824791771383748,0.1356552534382833,0.08994763031050157,-0.008388714498968608,0.07937106366121371,0.0270719341407466,36.65179632729301,23.466728130142762,100.0,42.72890296325929,1.0000000000000002,42.72890296325929,388,421.0,384.0,445.0,0.0,Scope12_Intensity: 2020-2024 vs 2021-2024 sign mismatch,True,False,Targets Set,1.5
Halliburton Co,HAL UN Equity,HAL UN Equity,1,US4062161017,Energy,Energy,0.19036480040397272,0.009281293451370388,0.10620047173931235,-0.031963547782884794,0.13865428172637162,-0.003563206358870863,65.50626136826287,23.383713504199797,,41.89536430715083,0.9200000000000002,42.54373516257876,389,386.0,342.0,415.1,0.0,Scope3_Intensity: OLS/Theil-Sen sign mismatch,True,False,Committed,
CH Robinson Worldwide Inc,CHRW UW Equity,CHRW UW Equity,1,US12541W2098,Industrials,Transportation,0.0021570152701823387,1.0067443890974963,0.02525126529427335,0.034849285067181546,-0.008845650793079196,0.11015256175978982,65.12766659389176,25.993714130299495,,40.668946304146594,0.8000000000000002,42.53515704331728,390,383.5,325.0,416.0,0.0,Scope3_Absolute: OLS/Theil-Sen sign mismatch,True,False,#N/A Field Not Applicable,#N/A Field Not Applicable
ResMed Inc,RMD UN Equity,RMD UN Equity,1,US7611521078,Health Care,Health Care Equipment & Servic,0.006113618680458318,0.3382709835500423,0.059832447866557725,-0.07053022484094562,0.013325485861847008,-0.11131668651690674,47.121125929542934,48.52169450098465,,41.73607068408175,0.9200000000000002,42.397185029355214,391,343.0,290.9,398.0,0.0,No major trend sign conflict,True,False,Removed,
Packaging Corp of America,PKG UN Equity,PKG UN Equity,1,US6951561090,Materials,Materials,0.36858993475123164,0.3065618551167202,0.010410651402134263,-0.03598654570194326,0.014065989397366474,-0.032499057716220636,41.70568946841621,39.76904489566207,,40.49528661044488,0.8000000000000002,42.396229288355904,392,379.0,359.9,396.0,0.0,No major trend sign conflict,True,False,#N/A Field Not Applicable,#N/A Field Not Applicable
WEC Energy Group Inc,WEC UN Equity,WEC UN Equity,1,US92939U1060,Utilities,Utilities,2.2374678775334598,2.817242060954197,-0.020257581783322043,-0.05969670962797935,-0.03698785011341199,-0.07575350789157265,20.245896540849728,52.35699646431354,,40.31533399301461,0.8000000000000002,42.25226719441169,393,378.0,335.9,417.0,0.0,No major trend sign conflict,False,False,#N/A Field Not Applicable,#N/A Field Not Applicable
Solventum Corp,SOLV UN Equity,SOLV UN Equity,1,US83444M1018,Health Care,Health Care Equipment & Servic,0.03028834504482675,0.20823358490012417,,,,,20.06808374279,,,31.47720267342143,0.42000000000000004,42.220425122837,394,383.0,346.9,418.0,0.0,No major trend sign conflict,False,False,Committed,
Weyerhaeuser Co,WY UN Equity,WY UN Equity,1,US9621661043,Real Estate,Equity Real Estate Investment,0.11229646266142616,1.2633352049410445,-0.029250878269808878,0.009965134799663433,-0.011879618861383223,0.028038152799206406,12.210438347524438,36.876306905575206,100.0,42.10128495704493,1.0000000000000002,42.10128495704493,395,422.0,377.0,455.1,0.0,Scope12_Intensity: OLS/Theil-Sen sign mismatch,False,False,Targets Set,1.5
Henry Schein Inc,HSIC UW Equity,HSIC UW Equity,1,US8064071025,Health Care,Health Care Equipment & Servic,0.0044614535560267765,0.11765091061582696,0.2231515498818586,0.16990225071251297,1.128473998535609,1.035811933288548,59.32910041606901,8.430596933809715,100.0,42.01402859172556,1.0000000000000002,42.01402859172556,396,426.5,377.0,463.1,0.0,No major trend sign conflict,True,False,Targets Set,1.5
Nordson Corp,NDSN UW Equity,NDSN UW Equity,1,US6556631025,Industrials,Capital Goods,0.014821253480749768,,0.04240354846148153,-0.016534662430989,,,,,,35.675465609356976,0.5600000000000002,41.97826074123991,397,388.0,349.0,409.0,0.0,No major trend sign conflict,True,False,#N/A Field Not Applicable,#N/A Field Not Applicable
Alphabet Inc,GOOG UW Equity,"GOOG UW Equity, GOOGL UW Equity",2,US02079K1079,Communication Services,Media & Entertainment,0.032444903387216145,0.034435371895159675,0.17855519298003886,0.016549562775879156,0.11644387343907603,-0.03702385924023177,39.730567886859276,20.07011999207121,100.0,41.954230362093384,1.0000000000000002,41.954230362093384,398,428.5,389.0,454.0,0.0,Scope3_Intensity: 2020-2024 vs 2021-2024 sign mismatch,True,False,Targets Set,1.5
Howmet Aerospace Inc,HWM UN Equity,HWM UN Equity,1,US4432011082,Industrials,Capital Goods,0.10497981157469717,0.24091520861372812,0.0003105597532422344,-0.09311121986187332,0.10159315812945136,-0.001287684465748229,24.240073694169197,49.170764398084486,,39.82175538411626,0.8000000000000002,41.85740430729301,399,383.0,344.0,417.0,0.0,Scope12_Absolute: OLS/Theil-Sen sign mismatch; Scope3_Absolute: 2020-2024 vs 2021-2024 sign mismatch,True,False,#N/A Field Not Applicable,#N/A Field Not Applicable
Blackstone Inc,BX UN Equity,BX UN Equity,1,US09260D1072,Financials,Financial Services,0.0009931996643588728,0.0014907065627120422,0.15754821471785707,0.09965086896839304,0.505517264752172,0.4302154738627182,85.23215908880107,12.431787102088395,,39.731926597105655,0.8000000000000002,41.78554127768452,400,394.0,313.9,440.0,0.0,No major trend sign conflict,True,False,#N/A Field Not Applicable,#N/A Field Not Applicable
TransDigm Group Inc,TDG UN Equity,TDG UN Equity,1,US8936411003,Industrials,Capital Goods,0.017543576526401625,,0.08021956368230154,-0.04200443603031745,,,,,,35.13646575667032,0.5600000000000002,41.67642082373538,401,391.0,362.9,408.0,0.0,No major trend sign conflict,True,False,#N/A Field Not Applicable,#N/A Field Not Applicable
FactSet Research Systems Inc,FDS UN Equity,FDS UN Equity,1,US3030751057,Financials,Financial Services,0.006196846647941547,0.040263163296350116,0.10576598231489487,-0.004152888782266384,0.30197845519712474,0.19112892041668417,37.1110913239468,21.0230024076509,100.0,41.64482860100949,1.0000000000000002,41.64482860100949,402,431.0,395.9,454.0,0.0,Scope12_Intensity: OLS/Theil-Sen sign mismatch; Scope12_Intensity: 2020-2024 vs 2021-2024 sign mismatch,True,False,Targets Set,1.5
IDEXX Laboratories Inc,IDXX UW Equity,IDXX UW Equity,1,US45168D1046,Health Care,Health Care Equipment & Servic,0.009928662165206254,,0.054643347441325485,-0.03217144993398968,,,,,,35.03590986586549,0.5600000000000002,41.62010952488467,403,391.0,366.9,404.0,0.0,No major trend sign conflict,True,False,#N/A Field Not Applicable,#N/A Field Not Applicable
Valero Energy Corp,VLO UN Equity,VLO UN Equity,1,US91913Y1001,Energy,Energy,0.24791924915884542,,0.010086458837215817,-0.009352738271575012,,,,,,34.79016847267874,0.5600000000000002,41.482494344700086,404,391.0,367.9,407.0,0.0,Scope12_Intensity: OLS/Theil-Sen sign mismatch,True,False,#N/A Field Not Applicable,#N/A Field Not Applicable
KKR & Co Inc,KKR UN Equity,KKR UN Equity,1,US48251W1045,Financials,Financial Services,0.00027707091050935425,0.0010274949672527103,0.36360964943574836,0.10777470997939975,0.9060185191526906,0.5484190165003853,93.49674068302818,6.666232020464446,,39.22767276892584,0.8000000000000002,41.38213821514067,405,400.5,304.8,454.0,0.0,No major trend sign conflict,True,False,#N/A Field Not Applicable,#N/A Field Not Applicable
Darden Restaurants Inc,DRI UN Equity,DRI UN Equity,1,US2371941053,Consumer Discretionary,Consumer Services,0.07182765622427842,0.3083836690284789,0.025336800105272506,-0.08441471844506443,,,34.39254178492589,,,36.65962724553943,0.6500000000000001,41.32875770960063,406,390.0,370.0,411.0,0.0,No major trend sign conflict,True,False,#N/A Field Not Applicable,#N/A Field Not Applicable
Leidos Holdings Inc,LDOS UN Equity,LDOS UN Equity,1,US5253271028,Industrials,Commercial & Professional Serv,0.008295030585858962,0.005417350903663182,0.036060558611021865,-0.036327122934945444,0.12200133326007845,0.04360912487887458,61.77031908488861,24.893719662012348,,38.722444445590945,0.8000000000000002,40.97795555647275,407,400.0,362.0,421.0,0.0,Scope12_Absolute: OLS/Theil-Sen sign mismatch; Scope12_Absolute: 2020-2024 vs 2021-2024 sign mismatch,True,False,#N/A Field Not Applicable,#N/A Field Not Applicable
Royal Caribbean Cruises Ltd,RCL UN Equity,RCL UN Equity,1,LR0008862868,Consumer Discretionary,Consumer Services,0.3462623815691549,0.4450109232342726,0.26888708674930695,-0.3191207509945697,,,13.953697571743927,,,36.10632978193621,0.6500000000000001,40.96911435825854,408,395.0,336.0,434.0,0.0,No major trend sign conflict,True,False,#N/A Field Not Applicable,#N/A Field Not Applicable
AutoZone Inc,AZO UN Equity,AZO UN Equity,1,US0533321024,Consumer Discretionary,Consumer Discretionary Distrib,0.025580916463657143,,0.022128351567394455,-0.06945643616254771,,,,,,33.78843414701918,0.5600000000000002,40.92152312233074,409,395.0,373.0,416.0,0.0,No major trend sign conflict,True,False,#N/A Field Not Applicable,#N/A Field Not Applicable
Lam Research Corp,LRCX UW Equity,LRCX UW Equity,1,US5128073062,Information Technology,Semiconductors & Semiconductor,0.02131028344306422,0.48057394399036363,0.19276639152557995,0.08308219096934844,0.22186194241552215,0.10950217834427223,41.450601572103224,16.783473907962318,100.0,40.82691742561212,1.0000000000000002,40.82691742561212,410,438.0,401.0,463.0,0.0,No major trend sign conflict,True,False,Targets Set,1.5
EOG Resources Inc,EOG UN Equity,EOG UN Equity,1,US26875P1012,Energy,Energy,0.2661551624139016,5.360543643423941,0.0647071833195283,-0.1039256573406041,0.07304398360573772,0.12644964116115331,39.61706174278703,37.763238248717364,,38.45842205899349,0.8000000000000002,40.76673764719479,411,399.0,377.0,417.0,0.0,Scope12_Intensity: 2020-2024 vs 2021-2024 sign mismatch,True,False,#N/A Field Not Applicable,#N/A Field Not Applicable
Textron Inc,TXT UN Equity,TXT UN Equity,1,US8832031012,Industrials,Capital Goods,0.036960225960683206,0.016230185490214134,0.00229778472720632,-0.039331466805158866,0.02394687394611883,-0.01858154686934199,39.97987922448881,37.46211357128823,,38.40627569123845,0.8000000000000002,40.725020552990756,412,397.0,376.0,417.0,0.0,Scope12_Absolute: OLS/Theil-Sen sign mismatch; Scope12_Absolute: 2020-2024 vs 2021-2024 sign mismatch; Scope3_Absolute: 2020-2024 vs 2021-2024 sign mismatch,True,False,#N/A Field Not Applicable,#N/A Field Not Applicable
Chubb Ltd,CB UN Equity,CB UN Equity,1,CH0044328745,Financials,Insurance,0.0015625570365252336,0.0008182061876013725,0.11208869839126034,-0.0017951508184826936,0.07878265804151408,-0.031690473945356845,63.777317465850054,23.180762169843195,,38.40447040584577,0.8000000000000002,40.723576324676614,413,404.0,360.0,428.0,0.0,Scope12_Intensity: 2020-2024 vs 2021-2024 sign mismatch,True,False,#N/A Field Not Applicable,#N/A Field Not Applicable
Lennox International Inc,LII UN Equity,LII UN Equity,1,US5261071071,Industrials,Capital Goods,,,0.1738903415401425,0.03021670714885083,0.1095400140717031,-0.0262577182063356,,19.30788264942158,,34.92571181404967,0.62,40.65394132471079,414,425.0,399.0,448.1,0.0,No major trend sign conflict,True,False,Targets Set,Well-below 2
Carnival Corp Ltd,CCL UN Equity,CCL UN Equity,1,BMG2004J1036,Consumer Discretionary,Consumer Services,0.38823388353782823,0.3465488989249031,0.1786326299647667,-0.3146631496186204,,,14.970742667928096,,,35.34191594556118,0.6500000000000001,40.472245364614764,415,400.0,348.0,437.0,0.0,No major trend sign conflict,True,False,#N/A Field Not Applicable,#N/A Field Not Applicable
DR Horton Inc,DHI UN Equity,DHI UN Equity,1,US23331A1097,Consumer Discretionary,Consumer Durables & Apparel,0.00301637981080835,,0.20973987754700762,0.04822764805763624,,,,,,32.863742823159704,0.5600000000000002,40.40369598096943,416,408.0,354.9,438.0,0.0,No major trend sign conflict,True,False,#N/A Field Not Applicable,#N/A Field Not Applicable
International Paper Co,IP UN Equity,IP UN Equity,1,US4601461035,Materials,Materials,0.6221603986175798,0.8559646476357752,0.00808985343138402,0.031619623776663275,-0.08792004357572292,-0.0666312350055892,18.417694322186115,37.64785605040112,,39.510039480278685,0.9200000000000002,40.34923632185639,417,425.0,393.0,448.0,0.0,No major trend sign conflict,True,False,Targets Set,Well-below 2
Incyte Corp,INCY UW Equity,INCY UW Equity,1,US45337C1027,Health Care,"Pharmaceuticals, Biotechnology",0.003794193979612313,0.002986642705830551,0.18215253464126446,0.054663966427500155,0.9339501499578478,0.7253843952096757,85.2363758518092,9.144684604782165,,37.6790688224173,0.8000000000000002,40.143255057933835,418,413.0,335.9,456.0,0.0,Scope12_Intensity: 2020-2024 vs 2021-2024 sign mismatch,True,False,#N/A Field Not Applicable,#N/A Field Not Applicable
International Flavors & Fragra,IFF UN Equity,IFF UN Equity,1,US4595061015,Materials,Materials,0.14110597340083214,0.4954231923899556,0.3972514215050038,0.1889556723343595,0.14211041183552364,-0.028150101202731315,48.78244347551862,10.7026130729206,100.0,39.98603957911589,1.0000000000000002,39.98603957911589,419,447.0,409.0,471.0,0.0,Scope12_Absolute: 2020-2024 vs 2021-2024 sign mismatch; Scope12_Intensity: 2020-2024 vs 2021-2024 sign mismatch; Scope3_Absolute: 2020-2024 vs 2021-2024 sign mismatch,True,False,Targets Set,1.5
Cintas Corp,CTAS UW Equity,CTAS UW Equity,1,US1729081059,Industrials,Commercial & Professional Serv,0.06694464438289854,0.13151720633965075,-0.0239533287341418,-0.10088330655008793,0.05742676842770211,-0.02591742015666998,21.992907313437115,46.55356864625158,,37.34332064644615,0.8000000000000002,39.87465651715692,420,405.0,373.9,432.0,0.0,Scope12_Absolute: 2020-2024 vs 2021-2024 sign mismatch,False,False,#N/A Field Not Applicable,#N/A Field Not Applicable
Crown Castle Inc,CCI UN Equity,CCI UN Equity,1,US22822V1017,Real Estate,Equity Real Estate Investment,0.0142349771320018,0.2918609755990751,-0.0415312400069503,0.0018684995541071725,43.85421898194971,55.137124135988934,56.40687754514417,25.87257945306726,,37.322941237596105,0.8000000000000002,39.85835299007688,421,409.0,371.0,440.0,0.0,Scope12_Intensity: OLS/Theil-Sen sign mismatch,False,False,#N/A Field Not Applicable,#N/A Field Not Applicable
Southwest Airlines Co,LUV UN Equity,LUV UN Equity,1,US8447411088,Industrials,Transportation,0.7684954920957752,0.2132103539005931,0.14183066120613375,-0.13046206785094594,0.2540042470940691,-0.04503855346422758,12.697717293743782,51.492378682622586,,36.94438066179303,0.8000000000000002,39.55550452943442,422,411.0,357.0,446.0,0.0,Scope3_Intensity: 2020-2024 vs 2021-2024 sign mismatch,True,False,#N/A Field Not Applicable,#N/A Field Not Applicable
Monster Beverage Corp,MNST UW Equity,MNST UW Equity,1,US61174X1090,Consumer Staples,"Food, Beverage & Tobacco",0.0037162794213720044,0.31799578795116024,0.350002862592961,0.19378013944340533,-0.13612794854918975,-0.2205600492303592,79.29965310627563,23.38433511116438,,38.56746031246183,0.9200000000000002,39.482063487464885,423,393.0,301.0,442.0,0.0,No major trend sign conflict,True,False,Removed,
Dover Corp,DOV UN Equity,DOV UN Equity,1,US2600031080,Industrials,Capital Goods,0.02133009784347963,1.9938266767657613,0.0633921785000513,0.035436203602583705,-0.0024039303064891104,-0.028630162966487127,35.397922458276135,25.548040715404603,,38.47108379911429,0.9200000000000002,39.39339709518514,424,435.0,417.0,452.1,0.0,Scope3_Absolute: OLS/Theil-Sen sign mismatch; Scope3_Intensity: 2020-2024 vs 2021-2024 sign mismatch,True,False,Targets Set,Well-below 2
Boeing Co/The,BA UN Equity,BA UN Equity,1,US0970231058,Industrials,Capital Goods,0.019543876001623644,5.610009471262986,-0.004951004032803907,-0.05261989218825469,0.13411705398248452,0.07978596152313155,34.55127723093814,37.52181615209631,,36.40786405666199,0.8000000000000002,39.12629124532959,425,414.0,397.0,431.0,0.0,No major trend sign conflict,False,False,#N/A Field Not Applicable,#N/A Field Not Applicable
Ross Stores Inc,ROST UW Equity,ROST UW Equity,1,US7782961038,Consumer Discretionary,Consumer Discretionary Distrib,0.013100985462562807,0.005035397747268209,0.05350460434576387,-0.03512611596560955,0.1871982074044407,0.08731992320845339,64.3135813413959,19.411667304350228,,36.24988506824236,0.8000000000000002,38.99990805459388,426,420.0,384.0,445.0,0.0,No major trend sign conflict,True,False,#N/A Field Not Applicable,#N/A Field Not Applicable
Becton Dickinson & Co,BDX UN Equity,BDX UN Equity,1,US0758871091,Health Care,Health Care Equipment & Servic,0.02863336344376843,0.29912131637798595,0.016876173036404873,-0.029549112229305563,0.9756637310562926,0.8854651850233697,20.16729127882728,25.783545200372785,100.0,38.94195998383458,1.0000000000000002,38.94195998383458,427,452.0,420.0,472.0,0.0,Scope12_Absolute: 2020-2024 vs 2021-2024 sign mismatch; Scope3_Absolute: OLS/Theil-Sen sign mismatch; Scope3_Absolute: 2020-2024 vs 2021-2024 sign mismatch; Scope3_Intensity: OLS/Theil-Sen sign mismatch; Scope3_Intensity: 2020-2024 vs 2021-2024 sign mismatch,True,False,Targets Set,1.5
Insulet Corp,PODD UW Equity,PODD UW Equity,1,US45784P1012,Health Care,Health Care Equipment & Servic,0.00600502035935014,,0.2715291902172441,0.03147424055526282,,,,,,30.08577233621742,0.5600000000000002,38.848032508281754,428,421.0,391.0,443.0,0.0,Scope12_Intensity: OLS/Theil-Sen sign mismatch,True,False,#N/A Field Not Applicable,#N/A Field Not Applicable
Global Payments Inc,GPN UN Equity,GPN UN Equity,1,US37940X1028,Financials,Financial Services,0.00639712949034514,0.05394953570736362,0.02842771172839087,0.007357799906384743,-0.09180002725804182,-0.07178246313631731,32.15068914983212,38.25884750016745,,35.96828811879169,0.8000000000000002,38.77463049503335,429,418.0,393.0,437.0,0.0,Scope12_Absolute: 2020-2024 vs 2021-2024 sign mismatch,True,False,#N/A Field Not Applicable,#N/A Field Not Applicable
Public Storage,PSA UN Equity,PSA UN Equity,1,US74460D1090,Real Estate,Equity Real Estate Investment,0.02977415419883766,0.061783158024753836,0.11682271275194922,-0.012735850601994225,,,53.63315645866754,,,32.65279232085185,0.6500000000000001,38.7243150085537,430,421.0,397.0,438.0,0.0,Scope12_Intensity: 2020-2024 vs 2021-2024 sign mismatch,True,False,#N/A Field Not Applicable,#N/A Field Not Applicable
Extra Space Storage Inc,EXR UN Equity,EXR UN Equity,1,US30225T1025,Real Estate,Equity Real Estate Investment,0.0663065717651524,,0.16711864878221583,-0.0667788162023264,,,,,,29.65077707294231,0.5600000000000002,38.60443516084769,431,420.0,398.0,436.0,0.0,No major trend sign conflict,True,False,#N/A Field Not Applicable,#N/A Field Not Applicable
Occidental Petroleum Corp,OXY UN Equity,OXY UN Equity,1,US6745991058,Energy,Energy,1.0260243328559993,12.580044507016668,-0.016772254568538925,-0.06559815958309723,0.051870476409330735,-0.0003641439087154197,9.214489476515599,50.97965547048081,,35.317718222743856,0.8000000000000002,38.254174578195084,432,420.0,372.0,453.0,0.0,Scope12_Intensity: 2020-2024 vs 2021-2024 sign mismatch; Scope3_Intensity: OLS/Theil-Sen sign mismatch; Scope3_Intensity: 2020-2024 vs 2021-2024 sign mismatch,False,False,#N/A Field Not Applicable,#N/A Field Not Applicable
Linde PLC,LIN UW Equity,LIN UW Equity,1,IE000S9YS762,Materials,Materials,1.135191637630662,0.7382669292531434,0.0064431132078184294,-0.037699644929006126,0.13079436615122408,0.08119754189714468,12.317569550135058,36.78684630837335,,37.052928281768686,0.9200000000000002,38.08869401922719,433,444.0,415.0,467.0,0.0,Scope12_Absolute: 2020-2024 vs 2021-2024 sign mismatch,True,False,Targets Set,Well-below 2
Monolithic Power Systems Inc,MPWR UW Equity,MPWR UW Equity,1,US6098391054,Information Technology,Semiconductors & Semiconductor,0.016966154943599876,,0.29900609033737835,0.02879417764691783,,,,,,28.6250530365502,0.5600000000000002,38.030029700468106,434,428.0,407.0,444.1,0.0,No major trend sign conflict,True,False,#N/A Field Not Applicable,#N/A Field Not Applicable
Invitation Homes Inc,INVH UN Equity,INVH UN Equity,1,US46187W1071,Real Estate,Equity Real Estate Investment,0.011991483846013203,,0.6531273073748773,0.511276292702457,,,,,,28.11612793602779,0.5600000000000002,37.74503164417556,435,433.0,391.0,461.0,0.0,No major trend sign conflict,True,False,#N/A Field Not Applicable,#N/A Field Not Applicable
Moderna Inc,MRNA UW Equity,MRNA UW Equity,1,US60770K1079,Health Care,"Pharmaceuticals, Biotechnology",0.009543572132313355,0.22076082170672706,0.19308037892651342,1.2311578116677881,0.12712551525687088,1.1078168265227553,50.390792233968156,5.138131479594894,100.0,37.68630340998789,1.0000000000000002,37.686303409987886,436,463.0,425.0,483.0,0.0,No major trend sign conflict,True,False,Targets Set,1.5
UDR Inc,UDR UN Equity,UDR UN Equity,1,US9026531049,Real Estate,Equity Real Estate Investment,0.030489723297483742,0.165278178347081,0.02675941989243502,-0.05479020677615587,0.0848217957909112,0.004363048864065133,42.69491313945676,41.7521690204617,,36.61365049137813,0.9200000000000002,37.684558452067876,437,403.0,361.0,441.0,0.0,No major trend sign conflict,True,False,Removed,
Texas Instruments Inc,TXN UW Equity,TXN UW Equity,1,US8825081040,Information Technology,Semiconductors & Semiconductor,0.1552982558360239,0.15695032973734896,0.016613499537426524,0.0807806412765133,6.280170727032145,6.199905544865679,28.65967548399632,18.054287601942967,100.0,37.62504644617038,1.0000000000000002,37.62504644617037,438,461.0,431.0,478.1,0.0,No major trend sign conflict,True,False,Targets Set,1.5
Western Digital Corp,WDC UW Equity,WDC UW Equity,1,US9581021055,Information Technology,Technology Hardware & Equipmen,0.1594628821223979,1.121381988211374,-0.0021954912421655592,0.2515977369062927,-0.10571963982833177,0.12174204979690151,9.926893549870801,29.14974531072092,100.0,37.5529407203217,1.0000000000000002,37.5529407203217,439,460.0,425.0,481.0,0.0,No major trend sign conflict,False,False,Targets Set,1.5
General Electric Co,GE UN Equity,GE UN Equity,1,US3696043013,Industrials,Capital Goods,0.01825941798545416,0.9727301318407318,-0.020052650116531012,0.20733912090797335,0.06867453609284735,0.3166549969205035,47.75564633187366,26.406523162484802,,34.412444351005625,0.8000000000000002,37.529955480804496,440,431.0,411.0,450.0,0.0,No major trend sign conflict,False,False,#N/A Field Not Applicable,#N/A Field Not Applicable
Duke Energy Corp,DUK UN Equity,DUK UN Equity,1,US26441C2044,Utilities,Utilities,2.6356359324043876,0.9094343716029252,0.005123777454937972,-0.05782410167996088,-0.00748556397772715,-0.06964375798301492,22.626033340945423,41.36343013247975,,34.336906335654376,0.8000000000000002,37.469525068523495,441,430.0,405.0,447.0,0.0,Scope12_Absolute: 2020-2024 vs 2021-2024 sign mismatch; Scope3_Absolute: OLS/Theil-Sen sign mismatch,True,False,#N/A Field Not Applicable,#N/A Field Not Applicable
Regeneron Pharmaceuticals Inc,REGN UW Equity,REGN UW Equity,1,US75886F1075,Health Care,"Pharmaceuticals, Biotechnology",0.009667652658200099,0.09469089204535452,0.1040475691080951,0.01670298292209904,0.12512554501893547,0.036113415572047725,55.17089863299192,21.765262539701563,,34.29237607468545,0.8000000000000002,37.433900859748356,442,435.0,411.0,451.0,0.0,No major trend sign conflict,True,False,#N/A Field Not Applicable,#N/A Field Not Applicable
Kinder Morgan Inc,KMI UN Equity,KMI UN Equity,1,US49456B1017,Energy,Energy,1.218543046357616,,0.0049378627852709744,-0.03738547706360518,,,,,,27.117352399957028,0.5600000000000002,37.18571734397593,443,431.0,400.0,452.0,0.0,Scope12_Intensity: 2020-2024 vs 2021-2024 sign mismatch,True,False,#N/A Field Not Applicable,#N/A Field Not Applicable
Air Products and Chemicals Inc,APD UN Equity,APD UN Equity,1,US0091581068,Materials,Materials,2.305670793183809,0.7024445068839561,0.015962993234426737,-0.06435627339411099,0.031636256198520396,-0.04992209590393293,10.908172569344465,47.70543172112631,,33.906459539208115,0.8000000000000002,37.12516763136649,444,432.0,393.0,459.0,0.0,Scope3_Absolute: 2020-2024 vs 2021-2024 sign mismatch,True,False,#N/A Field Not Applicable,#N/A Field Not Applicable
Dow Inc,DOW UN Equity,DOW UN Equity,1,US2605571031,Materials,Materials,0.6998882785587934,1.6381156316916488,-0.023595169059774324,-0.02444464384248657,-0.03395263959361006,-0.03479310334959207,12.15771187254055,46.94506788674339,,33.89980938141733,0.8000000000000002,37.11984750513386,445,432.0,392.9,458.0,0.0,Scope12_Intensity: 2020-2024 vs 2021-2024 sign mismatch; Scope3_Intensity: 2020-2024 vs 2021-2024 sign mismatch,False,False,#N/A Field Not Applicable,#N/A Field Not Applicable
Corning Inc,GLW UN Equity,GLW UN Equity,1,US2193501051,Information Technology,Technology Hardware & Equipmen,0.2717207594422382,0.363701005119397,0.08697489134654535,0.06697806918456095,-0.002847305362849273,-0.02119168963680451,14.293099145791341,25.61640798226164,100.0,37.096133734868225,1.0000000000000002,37.09613373486822,446,463.0,435.9,479.0,0.0,Scope3_Absolute: OLS/Theil-Sen sign mismatch,True,False,Targets Set,1.5
Illinois Tool Works Inc,ITW UN Equity,ITW UN Equity,1,US4523081093,Industrials,Capital Goods,0.046500880368206696,,0.07554230690285357,0.015205669901845908,-0.8337381558725222,-0.8522953484617971,,38.8256365005591,,31.532785145180988,0.7100000000000001,36.8882774530785,447,435.0,399.9,459.0,0.0,Scope12_Absolute: 2020-2024 vs 2021-2024 sign mismatch; Scope12_Intensity: OLS/Theil-Sen sign mismatch; Scope12_Intensity: 2020-2024 vs 2021-2024 sign mismatch,True,False,#N/A Field Not Applicable,#N/A Field Not Applicable
Constellation Energy Corp,CEG UW Equity,CEG UW Equity,1,US21037T1097,Utilities,Utilities,0.3664182791156341,3.588802547415988,0.009181972315496223,-0.04625208229717381,0.01845051099768269,-0.03749266158734632,33.26271273067345,33.7698064361479,,33.57964629659498,0.8000000000000002,36.86371703727598,448,435.0,420.0,450.0,0.0,No major trend sign conflict,True,False,#N/A Field Not Applicable,#N/A Field Not Applicable
General Dynamics Corp,GD UN Equity,GD UN Equity,1,US3695501086,Industrials,Capital Goods,0.01884617398956194,0.042100762949174544,0.036105535198906136,-0.019692972733788006,0.545815438184251,0.4625669735638531,55.65425622033341,20.257006353177914,,33.53097505336122,0.8000000000000002,36.82478004268897,449,439.0,414.9,457.0,0.0,No major trend sign conflict,True,False,#N/A Field Not Applicable,#N/A Field Not Applicable
Xcel Energy Inc,XEL UW Equity,XEL UW Equity,1,US98389B1008,Utilities,Utilities,2.4864221412097316,1.6442229000818391,-0.03134446863457252,-0.06592354841639136,0.28011792120206236,0.234420252325918,19.583409997933856,41.12663113759834,,33.047923210224155,0.8000000000000002,36.43833856817932,450,439.0,404.0,461.0,0.0,Scope3_Absolute: 2020-2024 vs 2021-2024 sign mismatch; Scope3_Intensity: 2020-2024 vs 2021-2024 sign mismatch,False,False,#N/A Field Not Applicable,#N/A Field Not Applicable
CoStar Group Inc,CSGP UW Equity,CSGP UW Equity,1,US22160N1090,Real Estate,Real Estate Management & Devel,0.0044243843371944295,0.07109896950742305,0.07647647786567413,-0.03861420216144629,0.4851229920846303,0.32634217467018845,37.97754651529486,10.013974950560318,100.0,36.40025142986862,1.0000000000000002,36.40025142986862,451,469.5,441.0,484.0,0.0,No major trend sign conflict,True,False,Targets Set,1.5
T Rowe Price Group Inc,TROW UW Equity,TROW UW Equity,1,US74144T1088,Financials,Financial Services,0.002664937414552416,60.815241908198935,-0.028746052679083367,-0.03795521690095727,43.599950240192676,43.17706571325471,37.328569573524774,30.316254169912703,,32.94587244626724,0.8000000000000002,36.356697957013786,452,440.0,414.0,461.0,0.0,Scope12_Intensity: 2020-2024 vs 2021-2024 sign mismatch,False,False,#N/A Field Not Applicable,#N/A Field Not Applicable
Charles Schwab Corp/The,SCHW UN Equity,SCHW UN Equity,1,US8085131055,Financials,Financial Services,,,0.21678855255404472,-0.04258463680444857,0.7791663623468217,0.3999155444190723,,22.33925340496359,,22.339253404963593,0.5,36.16962670248179,453,443.0,424.9,459.1,0.0,No major trend sign conflict,True,False,#N/A Field Not Applicable,#N/A Field Not Applicable
Intel Corp,INTC UW Equity,INTC UW Equity,1,US4581401001,Information Technology,Semiconductors & Semiconductor,0.08058228658594001,0.47191201672284894,0.0019081024512821454,0.1231340127390459,-0.06247254721665407,0.05096362383073605,27.329445350813728,35.66960491482125,,32.54204507831843,0.8000000000000002,36.03363606265474,454,443.0,418.0,460.0,0.0,Scope12_Absolute: 2020-2024 vs 2021-2024 sign mismatch,True,False,#N/A Field Not Applicable,#N/A Field Not Applicable
Microsoft Corp,MSFT UW Equity,MSFT UW Equity,1,US5949181045,Information Technology,Software & Services,0.04119940320205586,0.06645670319269588,0.2350704391462517,0.08350043027022758,0.07335322422783785,-0.05837056460786694,20.67636707663198,19.603348151776572,100.0,36.00458419887788,1.0000000000000002,36.00458419887788,455,471.0,445.0,483.0,0.0,No major trend sign conflict,True,False,Targets Set,1.5
Southern Co/The,SO UN Equity,SO UN Equity,1,US8425871071,Utilities,Utilities,2.975533773042256,1.281353780777578,0.0070977081657592755,-0.05449207666379596,-0.010583131973511684,-0.07109163230509408,18.09033156080427,40.936761509579,,32.369350278788474,0.8000000000000002,35.89548022303077,456,444.0,416.0,461.0,0.0,Scope12_Absolute: 2020-2024 vs 2021-2024 sign mismatch,True,False,#N/A Field Not Applicable,#N/A Field Not Applicable
Sempra,SRE UN Equity,SRE UN Equity,1,US8168511090,Utilities,Utilities,0.5473186054598621,5.007478313424346,0.0129863894493214,-0.042078295922805875,0.0008647363373075478,-0.0535410309864075,30.49459867984645,32.922435015488,,32.01199638962242,0.8000000000000002,35.60959711169793,457,445.0,430.0,460.0,0.0,Scope3_Absolute: 2020-2024 vs 2021-2024 sign mismatch,True,False,#N/A Field Not Applicable,#N/A Field Not Applicable
Copart Inc,CPRT UW Equity,CPRT UW Equity,1,US2172041061,Industrials,Commercial & Professional Serv,0.02490073407858269,,0.11935761979598469,-0.05263892092980016,,,,,,23.95659571812455,0.5600000000000002,35.415693602149744,458,448.0,437.0,458.0,0.0,Scope12_Intensity: 2020-2024 vs 2021-2024 sign mismatch,True,False,#N/A Field Not Applicable,#N/A Field Not Applicable
Westinghouse Air Brake Technol,WAB UN Equity,WAB UN Equity,1,US9297401088,Industrials,Capital Goods,0.026779531778379825,5.350929196351208,0.003332220052314039,-0.09186585468376585,3.1753668622426474,2.7792000905011784,25.241461206433552,35.334639022126744,,31.549697341241803,0.8000000000000002,35.23975787299344,459,450.0,419.0,467.0,0.0,Scope12_Absolute: OLS/Theil-Sen sign mismatch,True,False,#N/A Field Not Applicable,#N/A Field Not Applicable
Diamondback Energy Inc,FANG UW Equity,FANG UW Equity,1,US25278X1090,Energy,Energy,0.2785129431102474,6.372991375397186,0.20764129686540045,-0.10212562986755191,0.24773081650908102,0.11480058329501941,36.076567148295354,28.71463820949587,,31.47536156154568,0.8000000000000002,35.18028924923654,460,450.0,431.0,464.0,0.0,No major trend sign conflict,True,False,#N/A Field Not Applicable,#N/A Field Not Applicable
Quanta Services Inc,PWR UN Equity,PWR UN Equity,1,US74762E1029,Industrials,Capital Goods,0.0374988240665614,0.015049174039773953,0.1266416758148461,-0.07498074444819391,0.6978918489255075,0.39403919437351265,39.68501473601535,26.49000896305888,,31.438136127917556,0.8000000000000002,35.15050890233404,461,450.0,428.9,465.0,0.0,No major trend sign conflict,True,False,#N/A Field Not Applicable,#N/A Field Not Applicable
Huntington Bancshares Inc/OH,HBAN UW Equity,HBAN UW Equity,1,US4461501045,Financials,Banks,0.006326561238831296,0.15800351182031708,0.07664667473832742,-0.13850600466757734,0.8465048071703267,0.47750681913944826,33.284484389782406,29.241753368582636,,30.75777750153254,0.8000000000000002,34.60622200122603,462,454.0,441.0,463.0,0.0,Scope3_Absolute: 2020-2024 vs 2021-2024 sign mismatch; Scope3_Intensity: OLS/Theil-Sen sign mismatch; Scope3_Intensity: 2020-2024 vs 2021-2024 sign mismatch,True,False,#N/A Field Not Applicable,#N/A Field Not Applicable
Dominion Energy Inc,D UN Equity,D UN Equity,1,US25746U1097,Utilities,Utilities,2.2246873226227772,1.1272563801092745,-0.006382731598735147,-0.013349002465431137,0.0019102306207749997,-0.005114182372618403,31.617066301286446,30.02660877866933,,30.62303034965075,0.8000000000000002,34.498424279720595,463,455.0,443.0,464.0,0.0,Scope3_Absolute: 2020-2024 vs 2021-2024 sign mismatch; Scope3_Intensity: OLS/Theil-Sen sign mismatch,False,False,#N/A Field Not Applicable,#N/A Field Not Applicable
Micron Technology Inc,MU UW Equity,MU UW Equity,1,US5951121038,Information Technology,Semiconductors & Semiconductor,0.2665437430464985,0.1839759397960555,0.018654180777744278,0.04565731975463261,0.01928871350746353,0.04630867308530662,18.22177082753631,37.78643785850612,,30.449687721892438,0.8000000000000002,34.359750177513945,464,456.0,431.0,472.0,0.0,Scope12_Absolute: 2020-2024 vs 2021-2024 sign mismatch,True,False,#N/A Field Not Applicable,#N/A Field Not Applicable
Meta Platforms Inc,META UW Equity,META UW Equity,1,US30303M1027,Communication Services,Media & Entertainment,0.03656402147197214,0.04955453170212491,0.23016466758527265,0.06599237195839636,0.12265134984825155,-0.027172697411196878,30.518788055211893,10.235379913428694,100.0,34.27332637327791,1.0000000000000002,34.27332637327791,465,481.0,458.0,489.0,0.0,No major trend sign conflict,True,False,Targets Set,1.5
Alliant Energy Corp,LNT UW Equity,LNT UW Equity,1,US0188021085,Utilities,Utilities,3.2963858327054703,,-0.006474137993931484,-0.045357155614760614,,,,,,21.356939287437676,0.5600000000000002,33.9598860009651,466,459.0,433.9,474.0,0.0,Scope12_Absolute: OLS/Theil-Sen sign mismatch,False,False,#N/A Field Not Applicable,#N/A Field Not Applicable
Builders FirstSource Inc,BLDR UN Equity,BLDR UN Equity,1,US12008R1077,Industrials,Capital Goods,0.01823651987113524,,0.22560816976718168,0.3361971615569661,,,,,,20.271776548317657,0.5600000000000002,33.35219486705788,467,464.0,442.0,477.0,0.0,No major trend sign conflict,True,False,#N/A Field Not Applicable,#N/A Field Not Applicable
Healthpeak Properties Inc,DOC UN Equity,DOC UN Equity,1,US42250P1030,Real Estate,Equity Real Estate Investment,0.13681835897341024,0.15778449778455822,0.07906763338167933,-0.036369646146183765,1.2244045841598377,0.9864406180273344,23.32903623873966,20.405619810497857,,31.740783453120468,0.9200000000000002,33.20152077687083,468,477.0,465.0,484.0,0.0,Scope12_Intensity: 2020-2024 vs 2021-2024 sign mismatch,True,False,Targets Set,Well-below 2
IDEX Corp,IEX UN Equity,IEX UN Equity,1,US45167R1041,Industrials,Capital Goods,0.01954998797315391,,0.14456317240864025,0.05364987135526267,,,,,,19.231722987145762,0.5600000000000002,32.76976487280162,469,466.0,453.0,476.0,0.0,No major trend sign conflict,True,False,#N/A Field Not Applicable,#N/A Field Not Applicable
Aon PLC,AON UN Equity,AON UN Equity,1,IE00BLP1HW54,Financials,Insurance,0.0031095043172166825,0.026511849529622603,0.0507189073380363,-0.02927939804796542,1.0044060383746145,0.8517971100917137,43.9159056581852,16.5223456237879,,31.126026640597292,0.9200000000000002,32.63594450934951,470,470.0,458.0,479.0,0.0,Scope12_Intensity: 2020-2024 vs 2021-2024 sign mismatch; Scope3_Intensity: 2020-2024 vs 2021-2024 sign mismatch,True,False,Committed,
Blackrock Inc,BLK UN Equity,BLK UN Equity,1,US09290D1019,Financials,Financial Services,0.0014596952312269653,130.41211349046895,0.07853241182443549,0.03834910033536976,0.8645409927907184,0.7950730466483271,51.41219507670617,13.923678406461764,,27.98187215780342,0.8000000000000002,32.38549772624273,471,471.0,447.0,482.0,0.0,No major trend sign conflict,True,False,#N/A Field Not Applicable,#N/A Field Not Applicable
Arthur J Gallagher & Co,AJG UN Equity,AJG UN Equity,1,US3635761097,Financials,Insurance,0.00407601966029597,0.016933422311300295,0.07045045024657504,-0.05114991921829504,0.6981513198709601,0.5052457744942453,37.705266477451914,22.039535048973995,,27.914184334653214,0.8000000000000002,32.331347467722566,472,468.0,461.0,474.0,0.0,No major trend sign conflict,True,False,#N/A Field Not Applicable,#N/A Field Not Applicable
W R Berkley Corp,WRB UN Equity,WRB UN Equity,1,US0844231029,Financials,Insurance,0.0018706990154938549,,0.8934524967517594,0.6638756988915675,,,,,,17.84957172744198,0.5600000000000002,31.995760167367504,473,472.0,456.0,481.0,0.0,Scope12_Intensity: OLS/Theil-Sen sign mismatch; Scope12_Intensity: 2020-2024 vs 2021-2024 sign mismatch,True,False,#N/A Field Not Applicable,#N/A Field Not Applicable
First Solar Inc,FSLR UW Equity,FSLR UW Equity,1,US3364331070,Information Technology,Semiconductors & Semiconductor,0.22548903052840635,1.0464569113801976,0.19050849510910406,0.07666893494053584,0.2997463677718466,0.1754611942970612,9.943585102217956,17.87930346030474,100.0,31.92272726081776,1.0000000000000002,31.922727260817755,474,486.0,470.0,494.0,0.0,No major trend sign conflict,True,False,Targets Set,1.5
Intercontinental Exchange Inc,ICE UN Equity,ICE UN Equity,1,US45866F1049,Financials,Financial Services,0.008040305753375502,0.023982864809082505,0.06703219365526536,-0.03174526458128035,0.6474872361450159,0.4949758099376338,35.87805665312483,22.158593692166146,,27.30339230252565,0.8000000000000002,31.84271384202052,475,471.0,465.0,476.0,0.0,Scope3_Intensity: 2020-2024 vs 2021-2024 sign mismatch,True,False,#N/A Field Not Applicable,#N/A Field Not Applicable
Consolidated Edison Inc,ED UN Equity,ED UN Equity,1,US2091151041,Utilities,Utilities,0.23370876622312534,2.097535395909806,0.08827246406417522,0.034241550193596426,0.019593665611295608,-0.031027460392294648,43.672056024967645,17.453636962905257,,27.285544111178652,0.8000000000000002,31.828435288942917,476,472.0,459.0,480.0,0.0,Scope12_Intensity: OLS/Theil-Sen sign mismatch,True,False,#N/A Field Not Applicable,#N/A Field Not Applicable
Alexandria Real Estate Equitie,ARE UN Equity,ARE UN Equity,1,US0152711091,Real Estate,Equity Real Estate Investment,0.10034001000096687,0.030572835279250987,0.11302403716514431,-0.02421493475315928,0.5481655391590672,0.3572724049059286,37.73531871717878,20.84926123462709,,27.181532790583972,0.8000000000000002,31.745226232467175,477,472.0,461.0,480.0,0.0,No major trend sign conflict,True,False,#N/A Field Not Applicable,#N/A Field Not Applicable
Amphenol Corp,APH UN Equity,APH UN Equity,1,US0320951017,Information Technology,Technology Hardware & Equipmen,0.035343532648334446,0.28705354375168335,0.09641687951874145,-0.035874790431893455,2.187452390730728,1.8028601726293432,35.0316586954652,22.240750284652727,,27.037340938707402,0.8000000000000002,31.62987275096592,478,473.0,461.0,481.0,0.0,No major trend sign conflict,True,False,#N/A Field Not Applicable,#N/A Field Not Applicable
Targa Resources Corp,TRGP UN Equity,TRGP UN Equity,1,US87612G1013,Energy,Energy,0.8645117968440008,2.362421023715777,0.09918572464928643,-0.03630278747171933,0.10899164819456786,-0.02770556775266908,23.198681549998877,28.366267358157412,,26.428422680097963,0.8000000000000002,31.14273814407837,479,474.0,464.0,481.0,0.0,Scope12_Intensity: OLS/Theil-Sen sign mismatch; Scope12_Intensity: 2020-2024 vs 2021-2024 sign mismatch; Scope3_Intensity: OLS/Theil-Sen sign mismatch; Scope3_Intensity: 2020-2024 vs 2021-2024 sign mismatch,True,False,#N/A Field Not Applicable,#N/A Field Not Applicable
Lumentum Holdings Inc,LITE UW Equity,LITE UW Equity,1,US55024U1097,Information Technology,Technology Hardware & Equipmen,0.05657887093946469,0.4866480476509619,0.12388861750117863,0.17073106816612138,1.8574440568744732,1.9765392057866262,22.911895974262805,7.423047881584466,100.0,30.585092733071072,1.0000000000000002,30.58509273307107,480,489.0,478.9,497.0,0.0,No major trend sign conflict,True,False,Targets Set,1.5
Archer-Daniels-Midland Co,ADM UN Equity,ADM UN Equity,1,US0394831020,Consumer Staples,"Food, Beverage & Tobacco",0.16801122413188355,1.33868817958611,-0.032653907643392044,-0.09497446777896135,0.22204160678326978,0.14331247555974902,7.730810469883317,48.15265712672644,,28.690838809052412,0.9200000000000002,30.395571704328216,481,465.0,413.0,485.0,0.0,Scope3_Absolute: 2020-2024 vs 2021-2024 sign mismatch; Scope3_Intensity: 2020-2024 vs 2021-2024 sign mismatch,False,False,Removed,
Veralto Corp,VLTO UN Equity,VLTO UN Equity,1,US92338C1036,Industrials,Commercial & Professional Serv,0.011092047321298277,0.3878413361436068,0.16915175755822043,0.12092329067830554,,,34.83626616209398,,,23.93914479146288,0.7700000000000001,29.933141489426415,482,482.0,474.0,486.0,0.0,No major trend sign conflict,True,False,Committed,
Jack Henry & Associates Inc,JKHY UW Equity,JKHY UW Equity,1,US4262811015,Financials,Financial Services,0.015728076176533472,0.04636876930770505,0.03429406150159098,-0.0356450556590322,,,26.063008514664144,,,23.00330689482936,0.7700000000000001,29.212546309018606,483,471.0,449.0,484.0,0.0,No major trend sign conflict,True,False,Removed,
Williams Cos Inc/The,WMB UN Equity,WMB UN Equity,1,US9694571004,Energy,Energy,1.5271827097019899,2.3871274873845567,0.03599736204854298,-0.028419652924972505,0.07476173036257983,0.007934395647336556,15.047036562969556,29.257405284438434,,23.928517013887607,0.8000000000000002,29.142813611110082,484,482.0,470.0,486.0,0.0,Scope12_Intensity: OLS/Theil-Sen sign mismatch; Scope12_Intensity: 2020-2024 vs 2021-2024 sign mismatch,True,False,#N/A Field Not Applicable,#N/A Field Not Applicable
Ares Management Corp,ARES UN Equity,ARES UN Equity,1,US03990B1017,Financials,Financial Services,0.0012935120797774396,8.273869242812038,0.39264998412955165,0.19261681374370831,19.135493751407562,16.243333698071655,57.995377223737165,0.9981359212349172,,22.372101409673263,0.8000000000000002,27.897681127738608,485,487.0,472.9,495.0,0.0,No major trend sign conflict,True,False,#N/A Field Not Applicable,#N/A Field Not Applicable
Oracle Corp,ORCL UN Equity,ORCL UN Equity,1,US68389X1054,Information Technology,Software & Services,0.023881724201249285,0.05074280871921084,0.20081483404968425,0.10640720497945155,0.04932038977991171,-0.033176800732039546,27.222882371491643,18.60012008306388,,21.83365594122429,0.8000000000000002,27.466924752979427,486,487.0,483.9,489.0,0.0,Scope3_Intensity: OLS/Theil-Sen sign mismatch; Scope3_Intensity: 2020-2024 vs 2021-2024 sign mismatch,True,False,#N/A Field Not Applicable,#N/A Field Not Applicable
LyondellBasell Industries NV,LYB UN Equity,LYB UN Equity,1,NL0009434992,Materials,Materials,0.6647900820506678,3.55453075402767,-0.008341612492353323,-0.03319782429328233,0.05598411215887977,0.02951555697809205,12.400915223561352,38.65351054322422,,25.051119389870124,0.9200000000000002,27.04702983868051,487,481.0,457.0,489.0,0.0,Scope12_Intensity: 2020-2024 vs 2021-2024 sign mismatch,False,False,Removed,
Freeport-McMoRan Inc,FCX UN Equity,FCX UN Equity,1,US35671D8570,Materials,Materials,0.3205657041838539,0.2579061088194854,0.029882412648018164,-0.0033324707835462597,0.33493756934234375,0.18777112540482732,46.91601812622543,17.812884281176967,,24.97961693310447,0.9200000000000002,26.98124757845611,488,482.0,466.9,490.0,0.0,Scope12_Intensity: OLS/Theil-Sen sign mismatch,True,False,Removed,
CF Industries Holdings Inc,CF UN Equity,CF UN Equity,1,US1252691001,Materials,Materials,4.623652291105121,7.462938005390836,0.08183247950785466,0.004411225168527988,-0.06394355221953762,-0.13093235657910618,0.5236203090507732,33.61723080450546,,21.207126868709953,0.8000000000000002,26.96570149496796,489,487.0,472.0,495.0,0.0,Scope3_Intensity: 2020-2024 vs 2021-2024 sign mismatch,True,False,#N/A Field Not Applicable,#N/A Field Not Applicable
CMS Energy Corp,CMS UN Equity,CMS UN Equity,1,US1258961002,Utilities,Utilities,2.462579293419184,2.778642714570858,0.013310089182661633,-0.019933690948085392,0.0572046902734602,0.02252085493832201,14.793003403690774,22.01383988775074,,19.306026206228253,0.8000000000000002,25.444820964982597,490,491.0,489.0,494.0,0.0,Scope12_Absolute: 2020-2024 vs 2021-2024 sign mismatch,True,False,#N/A Field Not Applicable,#N/A Field Not Applicable
EQT Corp,EQT UN Equity,EQT UN Equity,1,US26884L1098,Energy,Energy,0.3588986421438115,17.780848408344937,0.2119973839249898,0.05781937924825331,0.058298156365020004,-0.07632779272162094,19.699395157156623,19.016379781372606,,19.272510547291613,0.8000000000000002,25.418008437833286,491,491.0,488.0,495.0,0.0,Scope12_Intensity: OLS/Theil-Sen sign mismatch,True,False,#N/A Field Not Applicable,#N/A Field Not Applicable
Expand Energy Corp,EXE UW Equity,EXE UW Equity,1,US1651677353,Energy,Energy,0.42264746178420964,30.696576151121604,0.008923320751274222,0.010897783035042519,0.19436200295399053,0.19669936861845239,13.582180617105681,21.820415031741774,,18.73107712625324,0.8000000000000002,24.984861701002586,492,492.0,487.0,496.0,0.0,Scope12_Absolute: OLS/Theil-Sen sign mismatch; Scope12_Absolute: 2020-2024 vs 2021-2024 sign mismatch; Scope12_Intensity: OLS/Theil-Sen sign mismatch,True,False,#N/A Field Not Applicable,#N/A Field Not Applicable
Amazon.com Inc,AMZN UW Equity,AMZN UW Equity,1,US0231351067,Consumer Discretionary,Consumer Discretionary Distrib,0.05155503723593523,0.08091429073028204,0.13170810718813586,0.015809851088500748,0.010556233451442631,-0.10427110308944842,28.151268598950722,23.652184335111162,,22.03420950787043,0.9200000000000002,24.27147274724079,493,488.0,479.0,494.0,0.0,Scope3_Absolute: 2020-2024 vs 2021-2024 sign mismatch,True,False,Removed,
Brown-Forman Corp,BF/B UN Equity,BF/B UN Equity,1,US1156372096,Consumer Staples,"Food, Beverage & Tobacco",0.05501483809497152,0.2859861119162129,0.08014509472138842,0.013772359738014606,3.444426023582091,3.1713250188577993,33.017786187322606,7.018868138765445,,16.768462406974376,0.8000000000000002,23.4147699255795,494,495.0,491.0,498.0,0.0,No major trend sign conflict,True,False,#N/A Field Not Applicable,#N/A Field Not Applicable
Tesla Inc,TSLA UW Equity,TSLA UW Equity,1,US88160R1014,Consumer Discretionary,Automobiles & Components,0.010809704166240148,0.5626676220698127,0.20451402457132795,-0.009926845821669472,1.7709349895236794,1.2776225839937085,38.96893724377168,14.48220770659795,,20.578027202641827,0.9200000000000002,22.931785026430475,495,492.0,484.0,496.0,0.0,No major trend sign conflict,True,False,Removed,
Akamai Technologies Inc,AKAM UW Equity,AKAM UW Equity,1,US00971T1016,Information Technology,Software & Services,0.06568127578325536,0.04368144772104071,0.0760687784183458,0.01954957510543287,0.10305995309835048,0.045123071176049745,20.54873541469568,24.545833616900424,,20.04080155745534,0.9200000000000002,22.437537432858907,496,492.0,485.0,496.0,0.0,No major trend sign conflict,True,False,Removed,
Aptiv PLC,APTV UN Equity,APTV UN Equity,1,JE00BTDN8H13,Consumer Discretionary,Automobiles & Components,0.03527895438600107,1.9876572453052614,0.0759127785589746,0.12201127920759713,0.4396246851353294,0.5013067664378403,10.904761904761905,14.385701444238027,,13.080349116934482,0.8000000000000002,20.464279293547584,497,499.0,496.0,499.0,0.0,No major trend sign conflict,True,False,#N/A Field Not Applicable,#N/A Field Not Applicable
Tractor Supply Co,TSCO UW Equity,TSCO UW Equity,1,US8923561067,Consumer Discretionary,Consumer Discretionary Distrib,0.02022410322059773,1.7123969922928697,0.07395985139354755,-0.009488409176675483,0.15580918838461466,0.06600111390527053,24.168056667394413,15.96245257708672,,16.55613400952357,0.9200000000000002,19.231643288761685,498,497.5,495.0,499.0,0.0,Scope12_Intensity: 2020-2024 vs 2021-2024 sign mismatch; Scope3_Absolute: 2020-2024 vs 2021-2024 sign mismatch; Scope3_Intensity: 2020-2024 vs 2021-2024 sign mismatch,True,False,Removed,
Dexcom Inc,DXCM UW Equity,DXCM UW Equity,1,US2521311074,Health Care,Health Care Equipment & Servic,0.011039672641579163,0.13681304954341525,0.42543033442963707,0.18242809734035714,4.977398866967417,3.958393404852556,46.37745699433373,2.257882183735841,,16.35019368496526,0.9200000000000002,19.042178190168038,499,498.0,493.0,499.0,0.0,No major trend sign conflict,True,False,Removed,
Entergy Corp,ETR UN Equity,ETR UN Equity,1,US29364G1031,Utilities,Utilities,3.6351944975796817,2.3015991476139916,0.05690939155584562,0.019970509220383237,0.5552918829197437,0.500934580089933,9.225098141563087,8.333300132459087,,8.667724385873086,0.8000000000000002,16.934179508698463,500,500.0,500.0,500.0,0.0,No major trend sign conflict,True,False,#N/A Field Not Applicable,#N/A Field Not Applicable
